ID,POSTED,EXPIRED,DURATION,URL,TITLE_RAW,TITLE_NAME,TITLE_CLEAN,IS_DATA_ROLE_MATCH,COMPANY_NAME,COMPANY_IS_STAFFING,EMPLOYMENT_TYPE_NAME,MIN_YEARS_EXPERIENCE,MAX_YEARS_EXPERIENCE,IS_INTERNSHIP,MIN_EDULEVELS_NAME,MAX_EDULEVELS_NAME,SALARY,SALARY_FROM,SALARY_TO,ORIGINAL_PAY_PERIOD,REMOTE_TYPE_NAME,LOCATION,CITY_NAME,STATE_NAME,MSA_NAME,NAICS_2022_4,SOC_2021_4_NAME,ONET_NAME,SKILLS_NAME,SPECIALIZED_SKILLS_NAME,COMMON_SKILLS_NAME,SOFTWARE_SKILLS_NAME,CERTIFICATIONS_NAME
411748,2026-06-04,,,https://jobs.danaher.com/job/R1308362,Accountant,Accountants and Auditors,Accountant,0,Jobs.danaher.com,False,,,,False,Bachelor's degree,Bachelor's degree,"{'min': '', 'max': '', 'currency': '', 'period': '', 'summary': ''}",,,,Unknown,"Brea, California",Brea,California,,5241,,Accountants and Auditors,,,,,
363229,2026-06-12,,,https://careers-bannerlife.icims.com/jobs/3294/accountant---e03/job?in_iframe=1,Accountant,Accountants and Auditors,Accountant,0,Bannerlife,False,,,,False,Associate's degree,Associate's degree,"{'min': '', 'max': '', 'currency': '', 'period': '', 'summary': ''}",,,,Unknown,"Frederick, Maryland",Frederick,Maryland,,5241,,Accountants and Auditors,,,,,
265267,2026-06-24,,,https://careers-seniorlifepa.icims.com/jobs/11681/accountant---johnstown/job?in_iframe=1,Accountant,Accountants and Auditors,Accountant,0,Seniorlifepa,False,Full Time,,,False,Bachelor's degree,Bachelor's degree,"{'min': '', 'max': '', 'currency': '', 'period': '', 'summary': ''}",,,,Unknown,"Johnstown, Pennsylvania",Johnstown,Pennsylvania,,5241,,Accountants and Auditors,"[""Accounting""]","[""Accounting""]",[],[],[]
295235,2026-06-22,,,https://careers-wcgclinical.icims.com/jobs/1091/accountant/job?in_iframe=1,Accountant,Accountants and Auditors,Accountant,0,Wcgclinical,False,Full Time,,,False,Bachelor's degree,Bachelor's degree,"{'min': '', 'max': '', 'currency': '', 'period': '', 'summary': ''}",,,,Remote,"Remote, Unavailable",Remote,Unavailable,,5241,,Accountants and Auditors,,,,,
371740,2026-06-11,,,https://www.welcometothejungle.com/en/companies/h24wku/jobs/escrow-accountant_austin_alra5jlx,Escrow Accountant,Accountants and Auditors,Escrow Accountant,0,Qualia,False,Full Time,,,False,Associate's degree,Associate's degree,"{'min': '', 'max': '', 'currency': '', 'period': 'YEAR', 'summary': ''}",,,annual,Unknown,Austin,,Austin,,5241,,Accountants and Auditors,"[""Accounting"", ""Banking"", ""Bookkeeping""]","[""Accounting"", ""Banking"", ""Bookkeeping""]",[],[],[]
329201,2026-06-17,,,https://careers-acadiahealthcare.icims.com/jobs/100219/staff-accountant/job?in_iframe=1,Staff Accountant,Accountants and Auditors,Staff Accountant,0,Acadiahealthcare,False,Full Time,,,False,Bachelor's degree,Bachelor's degree,"{'min': '', 'max': '', 'currency': '', 'period': '', 'summary': ''}",,,,Unknown,"St. Augustine, Florida",St. Augustine,Florida,,5241,,Accountants and Auditors,"[""Accounting"", ""Behavioral Health""]","[""Accounting"", ""Behavioral Health""]",[],[],[]
318306,2026-06-18,,,https://ericsson.eightfold.ai/careers/job/563121775885616,AI Compiler Engineer,Actors,AI Compiler Engineer,0,Ericsson,False,,,,False,Associate's degree,Associate's degree,"{'min': '', 'max': '', 'currency': '', 'period': '', 'summary': ''}",,,,Remote,"Austin, Texas",Austin,Texas,,5241,,Actors,,,,,
231821,2026-06-26,,,https://job-boards.greenhouse.io/eve/jobs/4299963009,"Account Executive, Commercial - Central",Actors,"Account Executive, Commercial - Central",0,Eve,False,,,,False,Associate's degree,Master's degree,"{'min': '', 'max': '', 'currency': '', 'period': '', 'summary': ''}",,,,Remote,Remote,,Remote,,5241,,Actors,"[""Artificial Intelligence""]","[""Artificial Intelligence""]",[],[],[]
231848,2026-06-26,,,https://job-boards.greenhouse.io/eve/jobs/4299960009,"Account Executive, Commercial - East",Actors,"Account Executive, Commercial - East",0,Eve,False,,,,False,Associate's degree,Master's degree,"{'min': '', 'max': '', 'currency': '', 'period': '', 'summary': ''}",,,,Remote,Remote,,Remote,,5241,,Actors,"[""Artificial Intelligence""]","[""Artificial Intelligence""]",[],[],[]
231827,2026-06-26,,,https://job-boards.greenhouse.io/eve/jobs/4299971009,"Account Executive, Commercial - Pacific/Mountain",Actors,"Account Executive, Commercial - Pacific/Mountain",0,Eve,False,,,,False,Associate's degree,Master's degree,"{'min': '', 'max': '', 'currency': '', 'period': '', 'summary': ''}",,,,Remote,Remote,,Remote,,5241,,Actors,"[""Artificial Intelligence""]","[""Artificial Intelligence""]",[],[],[]
349108,2026-06-15,,,https://jobs.ashbyhq.com/junipersquare/ce4578bc-dbc1-42d6-81c3-6d9fc78d3e1c/application,"Account Executive, Titan",Actors,"Account Executive, Titan",0,Junipersquare,False,Full Time,,,False,Associate's degree,Associate's degree,"{'min': '', 'max': '', 'currency': '', 'period': '', 'summary': ''}",,,,Hybrid,USA,,,,5241,,Actors,"[""Accounting"", ""Calculations""]","[""Accounting"", ""Calculations""]",[],[],[]
90629,2026-06-05,,,https://job-boards.greenhouse.io/connerstrongbuckelew/jobs/4264308009,"Account Manager, Private Client Group",Actors,"Account Manager, Private Client Group",0,Conner Strong & Buckelew,False,Full Time,,,False,Associate's degree,Bachelor's degree,USD 80000 - 95000 per YEAR,80000.0,95000.0,annual,Hybrid,"Camden, New Jersey, United States",New Jersey,United States,,5241,,Actors,"[""Account Reconciliation"", ""Agency Management"", ""Benchmarking"", ""Brokerage""]","[""Account Reconciliation"", ""Agency Management"", ""Benchmarking"", ""Brokerage""]",[],[],[]
315870,2026-06-19,,,https://apply.workable.com/j/5CFB6E3965/apply,Accounting Supervisor,Actors,Accounting Supervisor,0,Citywide,True,Full Time,,,False,Associate's degree,Bachelor's degree,"{'min': '', 'max': '', 'currency': '', 'period': '', 'summary': ''}",,,,Unknown,"Morrisville, North Carolina",Morrisville,North Carolina,,5241,,Actors,"[""Accountability"", ""Accounting"", ""Accounting Software"", ""Balance Sheet""]","[""Accounting"", ""Accounting Software"", ""Balance Sheet""]","[""Accountability""]",[],[]
104050,2026-06-05,,,https://fa-evdi-saasfaprod1.fa.ocs.oraclecloud.com/hcmUI/CandidateExperience/en/sites/WarbyParkerCareers/job/3805,Advisor - Fashion Mall at Keystone,Actors,Advisor - Fashion Mall at Keystone,0,Warby Parker,False,"Full Time, Part Time",,,False,Associate's degree,Associate's degree,,,,,Unknown,"Indianapolis, Indiana, United States",Indiana,United States,,5241,,Actors,,,,,
94620,2026-06-05,,,https://recruiting2.ultipro.com/WEA1003WEAV/JobBoard/6cc904ea-2cf8-4e29-8d2e-f318837bd1db/OpportunityDetail?opportunityId=246e4af1-84c9-4893-9286-d2a20bebfc15,Advisory Administrative Assistant III,Actors,Advisory Administrative Assistant III,0,Weaver,False,Full Time,,,False,High school diploma or equivalent,Associate's degree,USD 50000 - 55000 per YEAR,50000.0,55000.0,annual,On-site,"Fort Worth, Texas, United States, San Antonio, Texas, United States, West Lake Hills, Texas, United States",Texas,United States,,5241,,Actors,"[""Accounting"", ""Administrative Support"", ""Advocacy""]","[""Accounting"", ""Administrative Support""]","[""Advocacy""]",[],[]
204828,2026-06-03,,,,Alternative Risk Funding Specialist,Actors,Alternative Risk Funding Specialist,0,Acrisure,False,Full Time,,,False,Associate's degree,Associate's degree,,,,,On-site,"New York, New York",New York,New York,"New York-Newark-Jersey City, NY-NJ",5241,,Actors,"[""Accountability"", ""Accounting"", ""Agency Management"", ""Benefits Administration""]","[""Accounting"", ""Agency Management"", ""Benefits Administration""]","[""Accountability""]",[],[]
400048,2026-06-05,,,https://jobs.ashbyhq.com/junipersquare/49c4d98e-ad3a-4cd5-a62f-c8b23c512cce/application,"Assistant Manager, Fund Administration (AML)",Actors,"Assistant Manager, Fund Administration",0,Junipersquare,False,Full Time,,,False,Postsecondary nondegree award,Bachelor's degree,"{'min': '', 'max': '', 'currency': '', 'period': '', 'summary': ''}",,,,Hybrid,Americas ( Or Canada),,Americas ( Or Canada),,5241,,Actors,"[""Alternative Investments"", ""Bank Secrecy"", ""Bank Secrecy Act"", ""Beneficial Ownership""]","[""Alternative Investments"", ""Bank Secrecy"", ""Bank Secrecy Act"", ""Beneficial Ownership""]",[],[],[]
74451,2026-06-05,,,https://recruiting.paylocity.com/Recruiting/Jobs/Details/4228516,Assistant Mortgage Banker - Inside Sales,Actors,Assistant Mortgage Banker - Inside Sales,0,The Federal Savings Bank,False,Full Time,,,False,High school diploma or equivalent,Associate's degree,USD 3600 - 36000 per YEAR,3600.0,36000.0,annual,On-site,"Scottsdale, Arizona, United States",Arizona,United States,,5241,,Actors,,,,,
226394,2026-06-11,,,https://recruiting.paylocity.com/Recruiting/Jobs/Details/4245739,Assistant Property Manager,Actors,Assistant Property Manager,0,Fairlawn,False,Full Time,,,False,High school diploma or equivalent,Bachelor's degree,"USD 50,000 - 55,000 Yearly",50000.0,55000.0,annual,On-site,"Normal, Illinois",Normal,Illinois,,5241,,Actors,"[""Accountability"", ""Accounting"", ""Accounts Receivable""]","[""Accounting"", ""Accounts Receivable""]","[""Accountability""]",[],[]
274364,2026-06-24,,,https://emcm.fa.us2.oraclecloud.com/?keyword=&mode=jobs&lang=en&site_number=CX_1#2344729,"Assistant, Plant Maintenance Technician MRF",Actors,"Assistant, Plant Maintenance Technician MRF",0,Emcm.fa.us2.oraclecloud.com,False,,,,False,Associate's degree,Associate's degree,"{'min': '', 'max': '', 'currency': '', 'period': '', 'summary': ''}",,,,On-site,"Elkridge, Maryland",Elkridge,Maryland,,5241,,Actors,,,,,
171808,2026-06-05,,,https://jobs.netapp.com/job/Associate-Corporate-Account-Executive/1397216800/,Associate Corporate Account Executive,Actors,Associate Corporate Account Executive,0,NetApp,False,Full Time,,,False,Associate's degree,Associate's degree,USD 174250 - 225500 per YEAR,174250.0,225500.0,annual,Hybrid,"Sandy Springs, Georgia, United States",Georgia,United States,,5241,,Actors,"[""Build Pipeline"", ""Business Acumen"", ""Business Case""]","[""Build Pipeline"", ""Business Case""]","[""Business Acumen""]",[],[]
171812,2026-06-05,,,https://jobs.netapp.com/job/Associate-Corporate-Account-Executive/1397218100/,Associate Corporate Account Executive,Actors,Associate Corporate Account Executive,0,NetApp,False,Full Time,,,False,Associate's degree,Master's degree,USD 174250 - 225500 per YEAR,174250.0,225500.0,annual,Hybrid,"Waltham, Massachusetts, United States",Massachusetts,United States,,5241,,Actors,"[""Build Pipeline"", ""Business Acumen"", ""Business Case""]","[""Build Pipeline"", ""Business Case""]","[""Business Acumen""]",[],[]
171814,2026-06-05,,,https://jobs.netapp.com/job/Associate-Corporate-Account-Executive-SLED/1397185900/,Associate Corporate Account Executive - SLED,Actors,Associate Corporate Account Executive - SLED,0,NetApp,False,Full Time,,,False,Associate's degree,Associate's degree,USD 174250 - 225500 per YEAR,174250.0,225500.0,annual,Hybrid,United States,,,,5241,,Actors,"[""Build Pipeline"", ""Business Acumen"", ""Business Case""]","[""Build Pipeline"", ""Business Case""]","[""Business Acumen""]",[],[]
171811,2026-06-05,,,https://jobs.netapp.com/job/Atlanta-Associate-Corporate-Client-Executive-GA-30342/1397199800/,Associate Corporate Client Executive,Actors,Associate Corporate Client Executive,0,NetApp,False,Full Time,,,False,Associate's degree,Associate's degree,USD 174250 - 225500 per YEAR,174250.0,225500.0,annual,Hybrid,"Sandy Springs, Georgia, United States",Georgia,United States,,5241,,Actors,"[""Build Pipeline"", ""Business Acumen"", ""Business Case""]","[""Build Pipeline"", ""Business Case""]","[""Business Acumen""]",[],[]
247814,2026-06-25,,,https://jobs.smartrecruiters.com/AbbVie/3743990013792876-associate-director-international-learning-oncology-?oga=true,Associate Director International Learning Oncology,Actors,Associate Director International Learning Oncology,0,Abbvie,False,Full Time,,,True,Associate's degree,Bachelor's degree,"{'min': '', 'max': '', 'currency': '', 'period': '', 'summary': ''}",,,,Unknown,"Mettawa, Illinois",Mettawa,Illinois,,5241,,Actors,"[""Adult Learning Principles"", ""Aesthetics"", ""Agility"", ""Brand Strategy"", ""Business Planning"", ""Capability Development""]","[""Adult Learning Principles"", ""Agility"", ""Brand Strategy"", ""Business Planning"", ""Capability Development""]","[""Aesthetics""]",[],[]
247269,2026-06-25,,,https://job-boards.greenhouse.io/wppmedia/jobs/5184596008,"Associate Director, Commerce Search",Actors,"Associate Director, Commerce Search",0,Wppmedia,True,,,,False,Associate's degree,Bachelor's degree,"{'min': '', 'max': '', 'currency': '', 'period': '', 'summary': ''}",,,,Hybrid,"New York, New York",New York,New York,"New York-Newark-Jersey City, NY-NJ",5241,,Actors,"[""Analytics"", ""Bid Management"", ""Billing"", ""Budgeting"", ""Business Results"", ""Campaign Management"", ""Career Development""]","[""Analytics"", ""Bid Management"", ""Billing"", ""Business Results"", ""Campaign Management"", ""Career Development""]","[""Budgeting""]",[],[]
401035,2026-06-05,,,https://job-boards.greenhouse.io/wppmedia/jobs/5192826008,"Associate Director, Data Strategy",Actors,"Associate Director, Data Strategy",0,Wppmedia,False,,,,False,Associate's degree,Associate's degree,"{'min': '', 'max': '', 'currency': '', 'period': '', 'summary': ''}",,,,Hybrid,"New York, New York",New York,New York,"New York-Newark-Jersey City, NY-NJ",5241,,Actors,"[""Analytics"", ""Audience Development"", ""Audience Management""]","[""Analytics"", ""Audience Development"", ""Audience Management""]",[],[],[]
92745,2026-06-05,,,https://job-boards.greenhouse.io/wppmedia/jobs/5192826008,"Associate Director, Data Strategy",Actors,"Associate Director, Data Strategy",0,WPP,False,Full Time,,,False,Associate's degree,Associate's degree,USD 75000 - 180000 per YEAR,75000.0,180000.0,annual,Hybrid,"New York, New York, United States",New York,United States,,5241,,Actors,"[""Analytics"", ""Audience Development"", ""Audience Management""]","[""Analytics"", ""Audience Development"", ""Audience Management""]",[],[],[]
247591,2026-06-25,,,https://jobs.smartrecruiters.com/AbbVie/3743990013794166-associate-director-promotional-medical-education-psychiatry-marketing?oga=true,"Associate Director, Promotional Medical Education - Psychiatry Marketing",Actors,"Associate Director, Promotional Medical Education - Psychiatry Marketing",0,Abbvie,False,Full Time,,,False,Associate's degree,Bachelor's degree,"{'min': '', 'max': '', 'currency': '', 'period': '', 'summary': ''}",,,,Unknown,"Florham Park, New Jersey",Florham Park,New Jersey,,5241,,Actors,"[""Aesthetics"", ""Analytical Skills"", ""Budget Management""]","[""Budget Management""]","[""Aesthetics"", ""Analytical Skills""]",[],[]
201212,2026-06-04,,,https://hcml.fa.us2.oraclecloud.com/hcmUI/CandidateExperience/en/sites/CX_2/job/27068,Associate Manager - Influencer & Affiliate Marketing,Actors,Associate Manager - Influencer & Affiliate Marketing,0,AEO,False,"Full Time, Part Time, Temporary",,,False,Associate's degree,Associate's degree,,,,,Hybrid,"New York, NY, United States",NY,United States,,5241,,Actors,"[""Acting"", ""Advocacy"", ""Affiliate Marketing"", ""Brand Loyalty"", ""Business Strategies""]","[""Acting"", ""Affiliate Marketing"", ""Brand Loyalty"", ""Business Strategies""]","[""Advocacy""]",[],[]
36812,2026-06-02,,,,"Associate Manager, Global Marketing - Complexion & Skincare (NARS)",Actors,"Associate Manager, Global Marketing - Complexion & Skincare",0,Shiseido,False,Full Time,,,False,Associate's degree,Bachelor's degree,,,,,Unknown,"New York, New York",New York,New York,"New York-Newark-Jersey City, NY-NJ",5241,,Actors,"[""Acting"", ""Analytics"", ""Artwork"", ""Bulletins"", ""Category Dynamics""]","[""Acting"", ""Analytics"", ""Artwork"", ""Bulletins"", ""Category Dynamics""]",[],[],[]
338892,2026-06-16,,,https://job-boards.greenhouse.io/varicent/jobs/5265257008,Associate Seller (6 Month Paternity-leave ),Actors,Associate Seller,0,Varicent,False,"Full Time, Contract",,,False,Associate's degree,Master's degree,"{'min': '', 'max': '', 'currency': '', 'period': '', 'summary': ''}",,,,Hybrid,"Dallas, Texas",Dallas,Texas,,5241,,Actors,"[""Artificial Intelligence"", ""Build Pipeline"", ""Business Development""]","[""Artificial Intelligence"", ""Build Pipeline"", ""Business Development""]",[],[],[]
236046,2026-06-26,,,https://jobs.smartrecruiters.com/AbbVie/3743990013802866-associated-director-international-learning-immunology-gastro-portfolio-?oga=true,Associated Director International Learning Immunology Gastro Portfolio,Actors,Associated Director International Learning Immunology Gastro Portfolio,0,Abbvie,False,Full Time,,,True,Associate's degree,Bachelor's degree,"{'min': '', 'max': '', 'currency': '', 'period': '', 'summary': ''}",,,,Unknown,"Mettawa, Illinois",Mettawa,Illinois,,5241,,Actors,"[""Adult Learning Principles"", ""Aesthetics"", ""Agility"", ""Brand Strategy"", ""Business Planning"", ""Capability Development""]","[""Adult Learning Principles"", ""Agility"", ""Brand Strategy"", ""Business Planning"", ""Capability Development""]","[""Aesthetics""]",[],[]
353193,2026-06-15,,,https://egua.fa.us2.oraclecloud.com/?keyword=&mode=jobs&lang=en&site_number=CX_1#23621,Benefits Administration Services Associate,Actors,Benefits Administration Services Associate,0,Egua.fa.us2.oraclecloud.com,False,Full Time,,,False,High school diploma or equivalent,Associate's degree,"{'min': '', 'max': '', 'currency': '', 'period': '', 'summary': ''}",,,,On-site,"Chesapeake, Virginia",Chesapeake,Virginia,,5241,,Actors,"[""Benefits Administration""]","[""Benefits Administration""]",[],[],[]
95895,2026-06-05,,,https://job-boards.greenhouse.io/pfm/jobs/6015225004,Biorepository Technician I,Actors,Biorepository Technician I,0,Project Farma (PF),False,Full Time,,,False,Associate's degree,Associate's degree,USD 1 per YEAR,1.0,1.0,annual,Unknown,"Frederick, Maryland, United States",Maryland,United States,,5241,,Actors,,,,,
167933,2026-06-05,2026-06-15,10.0,https://wf.wd1.myworkdayjobs.com/WellsFargoJobs/job/NORWALK-CA/Branch-Manager---Greater-Long-Beach_R-551608,Branch Manager - Greater Long Beach,Actors,Branch Manager - Greater Long Beach,0,Wells Fargo,False,Full Time,,,False,Associate's degree,Associate's degree,USD 37.5 - 67.31 per HOUR,37.5,67.31,hourly,Unknown,"Bellflower, California, United States, Lakewood, California, United States, Long Beach, California, United States, Norwalk, California, United States, Signal Hill, California, United States",California,United States,,5241,,Actors,"[""Accountability"", ""Adaptability"", ""Banking"", ""Business Objectives"", ""Caregiving""]","[""Banking"", ""Caregiving""]","[""Accountability"", ""Adaptability"", ""Business Objectives""]",[],[]
164184,2026-06-05,2026-06-08,3.0,https://wf.wd1.myworkdayjobs.com/WellsFargoJobs/job/COMMERCE-CA/Branch-Manager---LA-Valley-Corridor_R-542033,Branch Manager - LA Valley Corridor,Actors,Branch Manager - LA Valley Corridor,0,Wells Fargo,False,Full Time,,,False,Associate's degree,Associate's degree,USD 37.5 - 67.31 per HOUR,37.5,67.31,hourly,Unknown,"Commerce, California, United States, Montebello, California, United States, Pico Rivera, California, United States, South Pasadena, California, United States, Whittier, California, United States",California,United States,,5241,,Actors,"[""Accountability"", ""Adaptability"", ""Banking"", ""Business Objectives"", ""Caregiving""]","[""Banking"", ""Caregiving""]","[""Accountability"", ""Adaptability"", ""Business Objectives""]",[],[]
246490,2026-06-25,,,https://careers.nebius.com/?gh_jid=4907624101,Builder Community Manager,Actors,Builder Community Manager,0,Nebius,False,,,,False,Associate's degree,Associate's degree,"{'min': '', 'max': '', 'currency': '', 'period': '', 'summary': ''}",,,,Remote,United States,,,,5241,,Actors,,,,,
370361,2026-06-11,,,https://boards.greenhouse.io/6sense/jobs/7997213?gh_jid=7997213,Business Development Representative,Actors,Business Development Representative,0,6Sense,False,Full Time,,,False,Associate's degree,Bachelor's degree,"{'min': '', 'max': '', 'currency': '', 'period': '', 'summary': ''}",,,,Unknown,"New York City, New York",New York City,New York,,5241,,Actors,"[""Accountability"", ""Business Acumen"", ""Business Development""]","[""Business Development""]","[""Accountability"", ""Business Acumen""]",[],[]
119436,2026-06-05,,,https://jobs.dayforcehcm.com/en-US/lansing/INDEEDSPONSOREDJOBS/jobs/13770,CDL A Driver,Actors,CDL A Driver,0,Lansing Building Products,False,Full Time,,,False,Postsecondary nondegree award,Master's degree,USD 26 - 28 per HOUR,26.0,28.0,hourly,Unknown,"Garner, North Carolina, United States",North Carolina,United States,,5241,,Actors,,,,,
274346,2026-06-24,,,https://egua.fa.us2.oraclecloud.com/?keyword=&mode=jobs&lang=en&site_number=CX_1#23234,Call Center Representative - Puerto Rico,Actors,Call Center Representative - Puerto Rico,0,Egua.fa.us2.oraclecloud.com,True,Full Time,,,False,High school diploma or equivalent,High school diploma or equivalent,"{'min': '', 'max': '', 'currency': '', 'period': '', 'summary': ''}",,,,Remote,"Guaynabo, Pr",Guaynabo,Pr,,5241,,Actors,"[""Call Center Experience""]","[""Call Center Experience""]",[],[],[]
298324,2026-06-22,,,https://eppr.fa.us2.oraclecloud.com/?keyword=&mode=jobs&lang=en&site_number=CX_1#190337,Call Center Representative -FlexStaff (TEMP),Actors,Call Center Representative -FlexStaff,0,Eppr.fa.us2.oraclecloud.com,False,Temporary,,,False,High school diploma or equivalent,Associate's degree,"{'min': '', 'max': '', 'currency': '', 'period': '', 'summary': ''}",,,,Unknown,"Garden City, Nassau",Garden City,Nassau,,5241,,Actors,"[""Advertisement"", ""Aquatic Therapy""]","[""Advertisement"", ""Aquatic Therapy""]",[],[],[]
287419,2026-06-23,,,https://egua.fa.us2.oraclecloud.com/?keyword=&mode=jobs&lang=en&site_number=CX_1#22974,Call Center Supervisor - Fraud,Actors,Call Center Supervisor - Fraud,0,Egua.fa.us2.oraclecloud.com,True,,,,False,Associate's degree,Master's degree,"{'min': '', 'max': '', 'currency': '', 'period': '', 'summary': ''}",,,,Remote,"San Antonio, Texas",San Antonio,Texas,,5241,,Actors,"[""Accountability""]",[],"[""Accountability""]",[],[]
376812,2026-06-10,,,https://jobs.gem.com/fabrichealth/am9icG9zdDpm2NwjqHIn0MMK8dxJSf_3,Chief of Staff,Actors,Chief of Staff,0,Fabrichealth,False,Full Time,,,False,Associate's degree,Master's degree,"{'min': '', 'max': '', 'currency': '', 'period': '', 'summary': ''}",,,,Unknown,"New York, New York",New York,New York,"New York-Newark-Jersey City, NY-NJ",5241,,Actors,"[""Accountability"", ""AI Agents"", ""Banking""]","[""AI Agents"", ""Banking""]","[""Accountability""]",[],[]
338052,2026-06-16,,,https://job-boards.greenhouse.io/chaosindustries/jobs/5166427007,Chief of Staff to the CPO,Actors,Chief of Staff to the CPO,0,Chaosindustries,False,,,,False,Associate's degree,Associate's degree,"{'min': '', 'max': '', 'currency': '', 'period': '', 'summary': ''}",,,,On-site,"El Segundo, California",El Segundo,California,,5241,,Actors,"[""Accountability"", ""Analytics""]","[""Analytics""]","[""Accountability""]",[],[]
91265,2026-06-05,,,https://recruiting2.ultipro.com/COR1025CVEL/JobBoard/661856a2-40b3-49f9-ab1e-9845cfac508d/OpportunityDetail?opportunityId=20c8aa98-6a27-4816-87c6-b908403b31c8,Claims Supervisor,Actors,Claims Supervisor,0,CorVel Corporation,False,Full Time,,,False,Postsecondary nondegree award,Bachelor's degree,USD 73345 - 113247 per YEAR,73345.0,113247.0,annual,Hybrid,"Lower Providence Township, Pennsylvania, United States",Pennsylvania,United States,,5241,,Actors,"[""Accountability"", ""Case Management""]","[""Case Management""]","[""Accountability""]",[],[]
377954,2026-06-10,,,https://jobs.smartrecruiters.com/Blend360/744000131413709-client-partner-technology-media-telecom?oga=true,"Client Partner - Technology, Media & Telecom",Actors,"Client Partner - Technology, Media & Telecom",0,Blend360,False,Full Time,,,False,Associate's degree,Associate's degree,"{'min': '', 'max': '', 'currency': '', 'period': '', 'summary': ''}",,,,Unknown,"Denver, Colorado",Denver,Colorado,,5241,,Actors,"[""Analytics"", ""Business Development""]","[""Analytics"", ""Business Development""]",[],[],[]
339494,2026-06-16,,,https://jobs.smartrecruiters.com/Blend360/744000132449420-client-partner-technology-media-telecom?oga=true,"Client Partner - Technology, Media & Telecom",Actors,"Client Partner - Technology, Media & Telecom",0,Blend360,False,Full Time,,,False,Associate's degree,Associate's degree,"{'min': '', 'max': '', 'currency': '', 'period': '', 'summary': ''}",,,,Unknown,"New York, New York",New York,New York,"New York-Newark-Jersey City, NY-NJ",5241,,Actors,"[""Analytics"", ""Business Development""]","[""Analytics"", ""Business Development""]",[],[],[]
292194,2026-06-22,,,https://job-boards.greenhouse.io/foundationriskpartners/jobs/5170965007,Commercial Lines Account Manager,Actors,Commercial Lines Account Manager,0,Foundationriskpartners,False,Contract,,,False,Associate's degree,Bachelor's degree,"{'min': '', 'max': '', 'currency': '', 'period': '', 'summary': ''}",,,,Unknown,"Auburn, California",Auburn,California,,5241,,Actors,"[""Advanced Negotiation"", ""Billing"", ""Brokerage""]","[""Advanced Negotiation"", ""Billing"", ""Brokerage""]",[],[],[]
347951,2026-06-15,,,https://jobs.smartrecruiters.com/EntCreditUnion1/744000132280110-commercial-loan-participation-manager?oga=true,Commercial Loan Participation Manager,Actors,Commercial Loan Participation Manager,0,Entcreditunion1,False,Full Time,,,False,Associate's degree,Bachelor's degree,"{'min': '', 'max': '', 'currency': '', 'period': '', 'summary': ''}",,,,Unknown,"Apple Valley, Minnesota",Apple Valley,Minnesota,,5241,,Actors,"[""Accountability"", ""Action Oriented"", ""Adaptability"", ""Bank Secrecy"", ""Bank Secrecy Act"", ""Banking"", ""Cash Management""]","[""Bank Secrecy"", ""Bank Secrecy Act"", ""Banking"", ""Cash Management""]","[""Accountability"", ""Action Oriented"", ""Adaptability""]",[],[]
155907,2026-06-05,,,https://jobs.netapp.com/job/San-Jose-Commercial-Solutions-Executive%2C-Enterprise-Agreements-CA-95128/1397338900/,"Commercial Solutions Executive, Enterprise Agreements",Actors,"Commercial Solutions Executive, Enterprise Agreements",0,NetApp,False,Full Time,,,False,Associate's degree,Associate's degree,USD 253300 - 327800 per YEAR,253300.0,327800.0,annual,Unknown,"Los Angeles County, California, United States, San Diego, California, United States, Santa Clara County, California, United States",California,United States,,5241,,Actors,,,,,
434098,2026-05-29,,,https://10-4-truck-recruiting.breezy.hr/p/50b7a95caf1f-company-cdl-a-truck-driver-start-immediately,Company CDL A Truck Driver- Start Immediately,Actors,Company CDL A Truck Driver- Start Immediately,0,10-4 Truck Recruiting,False,Full Time,,,False,Bachelor's degree,Bachelor's degree,"USD 1,500 Yearly",1500.0,1500.0,annual,Unknown,"Corpus, Christi",Corpus,Christi,,5241,,Actors,,,,,
383484,2026-06-09,,,https://www.coalitioninc.com/job-posting?gh_jid=4704413005,"Complex Claim Specialist, Cyber",Actors,"Complex Claim Specialist, Cyber",0,Coalition,False,,,,False,Associate's degree,Doctoral or professional degree,"{'min': '', 'max': '', 'currency': '', 'period': '', 'summary': ''}",,,,Remote,"Any, Location",Any,Location,,5241,,Actors,"[""Banking"", ""Business Development""]","[""Banking"", ""Business Development""]",[],[],[]
425247,2026-06-02,,,https://apply.workable.com/j/E2AB7046AD/apply,Compliance Administrator,Actors,Compliance Administrator,0,Citywide,False,"Full Time, Contract",,,False,Bachelor's degree,Bachelor's degree,"{'min': '', 'max': '', 'currency': '', 'period': '', 'summary': ''}",,,,Remote,"Wichita, Kansas",Wichita,Kansas,,5241,,Actors,,,,,
413347,2026-06-03,,,https://job-boards.greenhouse.io/ethoslife/jobs/8575634002,"Creative Director, Paid Social",Actors,"Creative Director, Paid Social",0,Ethoslife,False,Full Time,,,False,Associate's degree,Associate's degree,"{'min': '', 'max': '', 'currency': '', 'period': '', 'summary': ''}",,,,Remote,Remote,,Remote,,5241,,Actors,"[""Art Direction"", ""Banking""]","[""Art Direction"", ""Banking""]",[],[],[]
96019,2026-06-05,,,https://jobs.workable.com/view/a6sqmycZAUwQAuJ1GykDv5/customer-service-associate-in-marietta-at-ewing-outdoor-supply,Customer Service Associate,Actors,Customer Service Associate,0,Ewing Outdoor Supply,False,Full Time,,,False,Associate's degree,Associate's degree,USD 18 - 20 per HOUR,18.0,20.0,hourly,Unknown,"Marietta, Georgia, United States",Georgia,United States,,5241,,Actors,"[""Career Development""]","[""Career Development""]",[],[],[]
96020,2026-06-05,,,https://jobs.workable.com/view/a6sqmycZAUwQAuJ1GykDv5/customer-service-associate-br%23113-in-marietta-at-ewing-outdoor-supply,Customer Service Associate BR#113,Actors,Customer Service Associate BR#113,0,Ewing Outdoor Supply,False,Full Time,,,False,Associate's degree,Associate's degree,USD 18 - 20 per HOUR,18.0,20.0,hourly,Unknown,"Marietta, Georgia, United States",Georgia,United States,,5241,,Actors,"[""Career Development""]","[""Career Development""]",[],[],[]
239376,2026-06-26,,,https://egua.fa.us2.oraclecloud.com/?keyword=&mode=jobs&lang=en&site_number=CX_1#22577,Customer Service Representative,Actors,Customer Service Representative,0,Egua.fa.us2.oraclecloud.com,True,Full Time,,,False,High school diploma or equivalent,Doctoral or professional degree,"{'min': '', 'max': '', 'currency': '', 'period': '', 'summary': ''}",,,,Remote,Remote,,Remote,,5241,,Actors,"[""Call Center Experience""]","[""Call Center Experience""]",[],[],[]
146622,2026-06-05,,,https://jobs.workable.com/view/7e6xp1tus2gxNMb48EtdTY/customer-service-warehouse-associate-in-bellaire-at-ewing-outdoor-supply,Customer Service Warehouse Associate,Actors,Customer Service Warehouse Associate,0,Ewing Outdoor Supply,False,Full Time,,,False,Associate's degree,Associate's degree,USD 18 - 20 per HOUR,18.0,20.0,hourly,Unknown,"Bellaire, Texas, United States",Texas,United States,,5241,,Actors,,,,,
145959,2026-06-05,,,https://jobs.workable.com/view/7ghgJK2ga8Ba4xR6RaBivf/customer-service-warehouse-associate-in-medford-at-ewing-outdoor-supply,Customer Service Warehouse Associate,Actors,Customer Service Warehouse Associate,0,Ewing Outdoor Supply,False,Full Time,,,False,Associate's degree,Associate's degree,USD 19 - 21 per HOUR,19.0,21.0,hourly,Unknown,"Medford, Oregon, United States",Oregon,United States,,5241,,Actors,"[""Career Development""]","[""Career Development""]",[],[],[]
145476,2026-06-05,,,https://jobs.workable.com/view/kDfvqtrAaz7Tg3GcVSFYM4/customer-service-warehouse-associate-in-lehi-at-ewing-outdoor-supply,Customer Service Warehouse Associate,Actors,Customer Service Warehouse Associate,0,Ewing Outdoor Supply,False,Full Time,,,False,Associate's degree,Associate's degree,USD 19 - 21 per HOUR,19.0,21.0,hourly,Unknown,"Lehi, Utah, United States",Utah,United States,,5241,,Actors,"[""Career Development""]","[""Career Development""]",[],[],[]
141143,2026-06-05,,,https://jobs.workable.com/view/7bcoBZZi44CSLbTmh2BZiz/customer-service-warehouse-associate-in-las-vegas-at-ewing-outdoor-supply,Customer Service Warehouse Associate,Actors,Customer Service Warehouse Associate,0,Ewing Outdoor Supply,False,Full Time,,,False,Associate's degree,Associate's degree,USD 18 per HOUR,18.0,18.0,hourly,Unknown,"Las Vegas, Nevada, United States",Nevada,United States,,5241,,Actors,"[""Career Development""]","[""Career Development""]",[],[],[]
162126,2026-06-05,,,https://3m.wd1.myworkdayjobs.com/Search/job/US-Michigan-Livonia/Customer-Solutions-Architect--EE-Architecture-_R01166082-1,Customer Solutions Architect (EE Architecture),Actors,Customer Solutions Architect,0,3M,False,Full Time,,,False,Associate's degree,Master's degree,USD 221591 - 270834 per YEAR,221591.0,270834.0,annual,On-site,"Livonia, Michigan, United States",Michigan,United States,,5241,,Actors,"[""Business Acumen""]",[],"[""Business Acumen""]",[],[]
173933,2026-06-05,,,https://huron.wd1.myworkdayjobs.com/huroncareers/job/Chicago---550-Van-Buren/Customer-Success-Manager---Service-Desk---Endpoint-Engineering_JR-0015458,Customer Success Manager - Service Desk & Endpoint Engineering,Actors,Customer Success Manager - Service Desk & Endpoint Engineering,0,Huron,True,Contract,,,False,Associate's degree,Associate's degree,USD 120000 - 165000 per YEAR,120000.0,165000.0,annual,On-site,"Chicago, Illinois, United States",Illinois,United States,,5241,,Actors,"[""Accounting"", ""Automation"", ""Business Results""]","[""Accounting"", ""Automation"", ""Business Results""]",[],[],[]
163238,2026-06-05,,,https://www.amazon.jobs/en/jobs/10441195,"Customer Success Manager, Hardlines",Actors,"Customer Success Manager, Hardlines",0,Amazon,True,Full Time,,,False,Associate's degree,Bachelor's degree,USD 80200 - 101800 per YEAR,80200.0,101800.0,annual,Unknown,"Seattle, Washington, United States",Washington,United States,,5241,,Actors,"[""Account Management"", ""Business Planning""]","[""Account Management"", ""Business Planning""]",[],[],[]
95018,2026-06-05,,,https://jobs.workable.com/view/jC4VsUW8erYV6t7QomYcSf/customer-warehouse-associate-in-fort-myers-at-ewing-outdoor-supply,Customer Warehouse Associate,Actors,Customer Warehouse Associate,0,Ewing Outdoor Supply,False,Full Time,,,False,Associate's degree,Associate's degree,USD 18 - 20 per HOUR,18.0,20.0,hourly,Unknown,"Fort Myers, Florida, United States",Florida,United States,,5241,,Actors,"[""Career Development""]","[""Career Development""]",[],[],[]
94438,2026-06-05,,,https://jobs.workable.com/view/bYm3jd91HQc9cNZenRAjVW/customer-warehouse-associate-in-sterling-heights-at-ewing-outdoor-supply,Customer Warehouse Associate,Actors,Customer Warehouse Associate,0,Ewing Outdoor Supply,False,Full Time,,,False,Associate's degree,Associate's degree,USD 18 - 20 per HOUR,18.0,20.0,hourly,Unknown,"Sterling Heights, Michigan, United States",Michigan,United States,,5241,,Actors,"[""Career Development""]","[""Career Development""]",[],[],[]
92268,2026-06-05,,,https://jobs.workable.com/view/7e6xp1tus2gxNMb48EtdTY/customer-warehouse-associate-in-bellaire-at-ewing-outdoor-supply,Customer Warehouse Associate,Actors,Customer Warehouse Associate,0,Ewing Outdoor Supply,False,Full Time,,,False,Associate's degree,Associate's degree,USD 18 - 20 per HOUR,18.0,20.0,hourly,Unknown,"Bellaire, Texas, United States",Texas,United States,,5241,,Actors,,,,,
91236,2026-06-05,,,https://jobs.workable.com/view/7ghgJK2ga8Ba4xR6RaBivf/customer-warehouse-associate-in-medford-at-ewing-outdoor-supply,Customer Warehouse Associate,Actors,Customer Warehouse Associate,0,Ewing Outdoor Supply,False,Full Time,,,False,Associate's degree,Associate's degree,USD 19 - 21 per HOUR,19.0,21.0,hourly,Unknown,"Medford, Oregon, United States",Oregon,United States,,5241,,Actors,"[""Career Development""]","[""Career Development""]",[],[],[]
412435,2026-06-04,,,https://apply.workable.com/j/CBA044AC21/apply,Database Marketing Coordinator - Casino Marketing Admin,Actors,Database Marketing Coordinator - Casino Marketing Admin,1,Theoceanac,False,Full Time,,,False,Associate's degree,Bachelor's degree,"{'min': '', 'max': '', 'currency': '', 'period': '', 'summary': ''}",,,,On-site,"Atlantic City, New Jersey",Atlantic City,New Jersey,,5241,,Actors,"[""Business Ethics""]",[],"[""Business Ethics""]",[],[]
420084,2026-06-02,,,https://job-boards.greenhouse.io/ethoslife/jobs/8574304002,Direct Mail Acquisition Marketing Director,Actors,Direct Mail Acquisition Marketing Director,0,Ethoslife,False,Full Time,,,False,Associate's degree,Associate's degree,"{'min': '', 'max': '', 'currency': '', 'period': '', 'summary': ''}",,,,Remote,Remote,,Remote,,5241,,Actors,"[""A/B Testing"", ""Banking""]","[""A/B Testing"", ""Banking""]",[],[],[]
87354,2026-06-05,,,https://jobs.smartrecruiters.com/Freshworks/744000130572432-director-channel-alliances-strategy,Director - Channel & Alliances Strategy,Actors,Director - Channel & Alliances Strategy,0,Freshworks,False,Full Time,,,False,Associate's degree,Master's degree,USD 213600 - 263800 per YEAR,213600.0,263800.0,annual,Unknown,"San Mateo County, California, United States",California,United States,,5241,,Actors,"[""Accountability"", ""Agility"", ""Business Acumen"", ""Business Operations"", ""Business Software""]","[""Agility"", ""Business Operations"", ""Business Software""]","[""Accountability"", ""Business Acumen""]",[],[]
360628,2026-06-12,,,https://jobs.smartrecruiters.com/Freshworks/744000131994929-director-channel-alliances-strategy?oga=true,Director - Channel & Alliances Strategy,Actors,Director - Channel & Alliances Strategy,0,Freshworks,False,Full Time,,,False,Associate's degree,Master's degree,"{'min': '', 'max': '', 'currency': '', 'period': '', 'summary': ''}",,,,Unknown,"San Mateo, California",San Mateo,California,,5241,,Actors,"[""Accountability"", ""Agility"", ""Business Acumen"", ""Business Operations"", ""Business Software""]","[""Agility"", ""Business Operations"", ""Business Software""]","[""Accountability"", ""Business Acumen""]",[],[]
360637,2026-06-12,,,https://jobs.smartrecruiters.com/Experian/744000131994489-director-of-financial-planning-and-analysis?oga=true,Director of Financial Planning and Analysis,Actors,Director of Financial Planning and Analysis,0,Experian,False,Full Time,,,False,Associate's degree,Bachelor's degree,"{'min': '', 'max': '', 'currency': '', 'period': '', 'summary': ''}",,,,Hybrid,"Costa Mesa, California",Costa Mesa,California,,5241,,Actors,"[""Accountability"", ""Accounting"", ""Agribusiness"", ""Automation"", ""Balance Sheet""]","[""Accounting"", ""Agribusiness"", ""Automation"", ""Balance Sheet""]","[""Accountability""]",[],[]
413056,2026-06-03,,,https://www.veriff.com/careers/position/8577541002?gh_jid=8577541002,"Director of Sales, Americas",Actors,"Director of Sales, Americas",0,Veriff,False,,,,False,Associate's degree,Associate's degree,"{'min': '', 'max': '', 'currency': '', 'period': '', 'summary': ''}",,,,Remote,(Remote),,(Remote),,5241,,Actors,"[""Accountability""]",[],"[""Accountability""]",[],[]
234110,2026-06-26,,,https://job-boards.greenhouse.io/affirm/jobs/7782548003,"Director, Accounts Management",Actors,"Director, Accounts Management",0,Affirm,False,,,,False,Associate's degree,Associate's degree,"{'min': '', 'max': '', 'currency': '', 'period': '', 'summary': ''}",,,,Remote,Remote,,Remote,,5241,,Actors,"[""Account Management"", ""Accountability"", ""Analytical Thinking"", ""Analytics"", ""Business Development""]","[""Account Management"", ""Analytics"", ""Business Development""]","[""Accountability"", ""Analytical Thinking""]",[],[]
317998,2026-06-18,,,https://jobs.smartrecruiters.com/Nexthink/744000132897339-director-compensation-and-hr-systems-transformation?oga=true,"Director, Compensation and HR Systems Transformation",Actors,"Director, Compensation and HR Systems Transformation",0,Nexthink,True,Full Time,,,False,Associate's degree,Associate's degree,"{'min': '', 'max': '', 'currency': '', 'period': '', 'summary': ''}",,,,Hybrid,"Boston, Massachusetts",Boston,Massachusetts,,5241,,Actors,"[""Analytics"", ""Automation"", ""Benchmarking"", ""Business Partnering"", ""Business Transformation""]","[""Analytics"", ""Automation"", ""Benchmarking"", ""Business Partnering"", ""Business Transformation""]",[],[],[]
348770,2026-06-15,,,https://www.globalrelay.com/careers/jobs?gh_jid=6030775004,"Director, Customer Success",Actors,"Director, Customer Success",0,Globalrelay,False,Contract,,,False,Associate's degree,Associate's degree,"{'min': '', 'max': '', 'currency': '', 'period': '', 'summary': ''}",,,,Unknown,"New York, New York",New York,New York,"New York-Newark-Jersey City, NY-NJ",5241,,Actors,"[""Analytics""]","[""Analytics""]",[],[],[]
361481,2026-06-12,,,https://jobs.smartrecruiters.com/Versant3/744000131959310-director-event-sales-partnerships-cnbc?oga=true,"Director, Event Sales & Partnerships - CNBC",Actors,"Director, Event Sales & Partnerships - CNBC",0,Versant3,False,Full Time,,,False,Associate's degree,Master's degree,"{'min': '', 'max': '', 'currency': '', 'period': '', 'summary': ''}",,,,On-site,"New York, New York",New York,New York,"New York-Newark-Jersey City, NY-NJ",5241,,Actors,,,,,
282316,2026-06-23,,,https://jobs.smartrecruiters.com/Nexthink/744000133582309-director-global-digital-campaigns?oga=true,"Director, Global Digital Campaigns",Actors,"Director, Global Digital Campaigns",0,Nexthink,True,Full Time,,,False,Associate's degree,Associate's degree,"{'min': '', 'max': '', 'currency': '', 'period': '', 'summary': ''}",,,,Hybrid,"Boston, Massachusetts",Boston,Massachusetts,,5241,,Actors,"[""Accountability"", ""Analytics"", ""Automation""]","[""Analytics"", ""Automation""]","[""Accountability""]",[],[]
264711,2026-06-24,,,https://www.housecallpro.com/careers/open-positions/?gh_jid=6100461004,"Director, Information Systems",Actors,"Director, Information Systems",0,Housecall,False,"Contract, Temporary",,,False,Associate's degree,Bachelor's degree,"{'min': '', 'max': '', 'currency': '', 'period': '', 'summary': ''}",,,,Remote,United States,,,,5241,,Actors,"[""Artificial Intelligence"", ""Auditing"", ""Automation"", ""Business Acumen"", ""Business Coaching"", ""Business Continuity"", ""Business Priorities"", ""Business Systems""]","[""Artificial Intelligence"", ""Auditing"", ""Automation"", ""Business Coaching"", ""Business Continuity"", ""Business Priorities"", ""Business Systems""]","[""Business Acumen""]",[],[]
328873,2026-06-17,,,https://jobs.smartrecruiters.com/AbbVie/3743990013658496-director-marketing-multiple-myeloma?oga=true,"Director, Marketing - Multiple Myeloma",Actors,"Director, Marketing - Multiple Myeloma",0,Abbvie,False,Full Time,,,False,Bachelor's degree,Bachelor's degree,"{'min': '', 'max': '', 'currency': '', 'period': '', 'summary': ''}",,,,Unknown,"Mettawa, Illinois",Mettawa,Illinois,,5241,,Actors,"[""Accountability"", ""Aesthetics"", ""Analytics"", ""Business Objectives"", ""Business Priorities""]","[""Analytics"", ""Business Priorities""]","[""Accountability"", ""Aesthetics"", ""Business Objectives""]",[],[]
328872,2026-06-17,,,https://jobs.smartrecruiters.com/AbbVie/3743990013658526-director-marketing-multiple-myeloma?oga=true,"Director, Marketing - Multiple Myeloma",Actors,"Director, Marketing - Multiple Myeloma",0,Abbvie,False,Full Time,,,False,Bachelor's degree,Bachelor's degree,"{'min': '', 'max': '', 'currency': '', 'period': '', 'summary': ''}",,,,Unknown,"Florham Park, New Jersey",Florham Park,New Jersey,,5241,,Actors,"[""Accountability"", ""Aesthetics"", ""Analytics"", ""Business Objectives"", ""Business Priorities""]","[""Analytics"", ""Business Priorities""]","[""Accountability"", ""Aesthetics"", ""Business Objectives""]",[],[]
412780,2026-06-03,,,https://jobs.smartrecruiters.com/AbbVie/3743990013458656-director-portfolio-insights?oga=true,"Director, Portfolio Insights",Actors,"Director, Portfolio Insights",0,Abbvie,False,Full Time,,,False,Associate's degree,Doctoral or professional degree,"{'min': '', 'max': '', 'currency': '', 'period': '', 'summary': ''}",,,,Unknown,"South San Francisco, California",South San Francisco,California,,5241,,Actors,"[""Aesthetics"", ""Agility"", ""Analytics"", ""Benchmarking"", ""Business Development"", ""Capital Allocation""]","[""Agility"", ""Analytics"", ""Benchmarking"", ""Business Development"", ""Capital Allocation""]","[""Aesthetics""]",[],[]
412779,2026-06-03,,,https://jobs.smartrecruiters.com/AbbVie/3743990013458696-director-portfolio-insights?oga=true,"Director, Portfolio Insights",Actors,"Director, Portfolio Insights",0,Abbvie,False,Full Time,,,False,Associate's degree,Doctoral or professional degree,"{'min': '', 'max': '', 'currency': '', 'period': '', 'summary': ''}",,,,Unknown,"North Chicago, Illinois",North Chicago,Illinois,,5241,,Actors,"[""Aesthetics"", ""Agility"", ""Analytics"", ""Benchmarking"", ""Business Development"", ""Capital Allocation""]","[""Agility"", ""Analytics"", ""Benchmarking"", ""Business Development"", ""Capital Allocation""]","[""Aesthetics""]",[],[]
170963,2026-06-05,2027-06-05,365.0,https://careers-berkley.icims.com/jobs/14083/director%2c-senior-care-claims/job,"Director, Senior Care Claims",Actors,"Director, Senior Care Claims",0,W. R. Berkley Corporation,False,Full Time,,,False,Associate's degree,Doctoral or professional degree,USD 110000 - 200000 per YEAR,110000.0,200000.0,annual,Unknown,"Chesterfield, Missouri, United States",Missouri,United States,,5241,,Actors,"[""Ability To Meet Deadlines""]",[],"[""Ability To Meet Deadlines""]",[],[]
166830,2026-06-05,,,https://www.amazon.jobs/en/jobs/10441138,"Director, Solutions Architecture – National Security, Worldwide Public Sector Partners",Actors,"Director, Solutions Architecture – National Security, Worldwide Public Sector Partners",0,Amazon,True,Full Time,,,False,Associate's degree,Master's degree,USD 241200 - 326400 per YEAR,241200.0,326400.0,annual,Unknown,"Arlington, Virginia, United States",Virginia,United States,,5241,,Actors,"[""Accounting"", ""Agentic AI""]","[""Accounting"", ""Agentic AI""]",[],[],[]
123806,2026-06-05,2026-06-07,2.0,https://jobs.warburtons.co.uk/job/Aberdeen-Distribution-Coordinator-SCT-AB12-4DY/1391485433/,Distribution Coordinator,Actors,Distribution Coordinator,0,Warburtons,False,"Part Time, Contract",,,False,Associate's degree,Associate's degree,GBP 18817 per YEAR,18817.0,18817.0,annual,Unknown,"Aberdeen, Maryland, United States",Maryland,United States,,5241,,Actors,"[""Baking""]","[""Baking""]",[],[],[]
369321,2026-06-11,,,https://jobs.smartrecruiters.com/Keenfinity/744000131746779-distribution-key-accounts-manager?oga=true,Distribution Key Accounts Manager,Actors,Distribution Key Accounts Manager,0,Keenfinity,False,Full Time,,,False,Associate's degree,Bachelor's degree,"{'min': '', 'max': '', 'currency': '', 'period': '', 'summary': ''}",,,,Unknown,"Burnsville, Minnesota",Burnsville,Minnesota,,5241,,Actors,"[""Account Management"", ""Accountability"", ""Business Development"", ""Business Ethics"", ""Business Objectives"", ""Business Results""]","[""Account Management"", ""Business Development"", ""Business Results""]","[""Accountability"", ""Business Ethics"", ""Business Objectives""]",[],[]
139493,2026-06-05,,,https://job-boards.greenhouse.io/lgelectronics/jobs/5249692008,Dryer Line Lead,Actors,Dryer Line Lead,0,LG Electronics,False,"Full Time, Temporary",,,False,High school diploma or equivalent,Associate's degree,USD 20 per HOUR,20.0,20.0,hourly,Unknown,"Clarksville, Tennessee, United States",Tennessee,United States,,5241,,Actors,,,,,
400328,2026-06-05,,,https://job-boards.greenhouse.io/securityscorecard/jobs/7977646,Enterprise Account Executive,Actors,Enterprise Account Executive,0,Securityscorecard,False,,,,False,Associate's degree,Associate's degree,"{'min': '', 'max': '', 'currency': '', 'period': '', 'summary': ''}",,,,Hybrid,(Remote),,(Remote),,5241,,Actors,,,,,
164697,2026-06-05,2026-09-03,90.0,https://californiadentalassociation.applytojob.com/apply/qGR674I4AR/Executive-Assistant-II-Finance,Executive Assistant II - Finance,Actors,Executive Assistant II - Finance,0,Tdic - The Dentists Insurance Company,False,Full Time,,,False,High school diploma or equivalent,Bachelor's degree,USD 80000 - 92700 per YEAR,80000.0,92700.0,annual,Hybrid,"Sacramento, California, United States",California,United States,,5241,,Actors,"[""Accounting"", ""Adaptability"", ""Administrative Support"", ""Advocacy""]","[""Accounting"", ""Administrative Support""]","[""Adaptability"", ""Advocacy""]",[],[]
31305,2026-06-02,,,https://fa-ewjt-saasfaprod1.fa.ocs.oraclecloud.com/hcmUI/CandidateExperience/en/sites/CX_2/job/15051,Experienced Premium insurance Field Auditor,Actors,Experienced Premium insurance Field Auditor,0,EXL Talent Acquisition Team,False,,,,False,High school diploma or equivalent,Master's degree,$50k - $70k per year,50000.0,70000.0,annual,Remote,"Miami, Florida, United States",Florida,United States,,5241,,Actors,"[""Accounting"", ""Artificial Intelligence"", ""Auditing"", ""Basic Accounting Principles""]","[""Accounting"", ""Artificial Intelligence"", ""Auditing"", ""Basic Accounting Principles""]",[],[],[]
141477,2026-06-05,,,https://job-boards.greenhouse.io/phxproduction/jobs/7983310,Finance Manager (Operating Units),Actors,Finance Manager,0,The Honest Company,False,Full Time,,,False,Associate's degree,Bachelor's degree,USD 115000 - 145000 per YEAR,115000.0,145000.0,annual,On-site,"Los Angeles, California, United States, Minneapolis, Minnesota, United States",Minnesota,United States,,5241,,Actors,"[""Accounting"", ""Analytical Skills"", ""Analytics"", ""Auditing"", ""Business Acumen"", ""Business Administration"", ""Business Planning""]","[""Accounting"", ""Analytics"", ""Auditing"", ""Business Planning""]","[""Analytical Skills"", ""Business Acumen"", ""Business Administration""]",[],[]
159629,2026-06-05,,,https://www.amazon.jobs/en/jobs/10441223,"Finance Manager, Stores Tech Finance FP&A",Actors,"Finance Manager, Stores Tech Finance FP&A",0,Amazon,True,Full Time,,,False,Associate's degree,Doctoral or professional degree,USD 95400 - 163200 per YEAR,95400.0,163200.0,annual,Unknown,"Seattle, Washington, United States",Washington,United States,,5241,,Actors,"[""Accounting"", ""Anomaly Detection"", ""Automation"", ""Budgeting""]","[""Accounting"", ""Anomaly Detection"", ""Automation""]","[""Budgeting""]",[],[]
433399,2026-05-29,,,https://job-boards.greenhouse.io/ethoslife/jobs/8569212002,Financial Systems Analyst,Actors,Financial Systems Analyst,0,Ethoslife,False,Full Time,,,False,Associate's degree,Associate's degree,"{'min': '', 'max': '', 'currency': '', 'period': '', 'summary': ''}",,,,Remote,Remote,,Remote,,5241,,Actors,"[""Acceptance Testing"", ""Accounting"", ""Ad Hoc Analysis"", ""Banking"", ""Business Systems""]","[""Acceptance Testing"", ""Accounting"", ""Ad Hoc Analysis"", ""Banking"", ""Business Systems""]",[],[],[]
418570,2026-06-03,,,https://apply.workable.com/j/AF5F2CA63E/apply,Fleet Maintenance Manager - Class 8 Tanker Fleet,Actors,Fleet Maintenance Manager - Class 8 Tanker Fleet,0,Altom-Transport,False,Full Time,,,False,High school diploma or equivalent,High school diploma or equivalent,"{'min': '', 'max': '', 'currency': '', 'period': '', 'summary': ''}",,,,Unknown,"Hammond, Indiana",Hammond,Indiana,,5241,,Actors,"[""Accountability""]",[],"[""Accountability""]",[],[]
166071,2026-06-05,,,https://global.wd1.myworkdayjobs.com/globalpartnerscareers/job/Meriden-CT---XtraMart/Floating-Manager---XtraMart_R0031456,Floating Manager - XtraMart,Actors,Floating Manager - XtraMart,0,Global Partners LP,False,Full Time,,,False,High school diploma or equivalent,Associate's degree,USD 22.03 - 25.24 per HOUR,22.03,25.24,hourly,On-site,"Meriden, Connecticut, United States",Connecticut,United States,,5241,,Actors,"[""Accounting""]","[""Accounting""]",[],[],[]
361263,2026-06-12,,,https://jobs.smartrecruiters.com/RRDonnelley/744000131973929-folder-gluer-bobst-operator-night-shift-?oga=true,Folder Gluer (Bobst) Operator - Night Shift,Actors,Folder Gluer Operator - Night Shift,0,Rrdonnelley,False,Full Time,,,False,Associate's degree,Associate's degree,"{'min': '', 'max': '', 'currency': '', 'period': '', 'summary': ''}",,,,Unknown,"Greensboro, North Carolina",Greensboro,North Carolina,,5241,,Actors,"[""Business Process""]","[""Business Process""]",[],[],[]
265875,2026-06-24,,,https://jobs.lever.co/jobgether/f4bdf497-bfcf-4bda-b4fa-721800d91f16/apply,Founding Head of Enterprise Sales,Actors,Founding Head of Enterprise Sales,0,Jobgether,False,Temporary,,,False,Associate's degree,Associate's degree,"{'min': '', 'max': '', 'currency': '', 'period': '', 'summary': ''}",,,,Remote,US,,,,5241,,Actors,,,,,
434074,2026-05-29,,,https://jobs.gem.com/marble-health/am9icG9zdDoEtsxcnxBT9O9gqG9VPxt3,Founding Marketing Lead,Actors,Founding Marketing Lead,0,Marble-Health,False,Full Time,,,False,Bachelor's degree,Bachelor's degree,"{'min': '', 'max': '', 'currency': '', 'period': '', 'summary': ''}",,,,Unknown,"New York, New York",New York,New York,"New York-Newark-Jersey City, NY-NJ",5241,,Actors,,,,,
160651,2026-06-05,,,https://benchmark.wd1.myworkdayjobs.com/PGH_Careers/job/Hotel-Murano-1320-Broadway-Tacoma-WA-98402/Front-Desk-Supervisor_R0063316-1,Front Desk Supervisor,Actors,Front Desk Supervisor,0,Pyramid Global Hospitality,False,"Full Time, Part Time",,,False,High school diploma or equivalent,Associate's degree,USD 23 per HOUR,23.0,23.0,hourly,On-site,"Tacoma, Washington, United States",Washington,United States,,5241,,Actors,,,,,
74589,2026-06-05,,,https://recruiting.paylocity.com/Recruiting/Jobs/Details/4228348,Front Gate Associate/Guard (Weekends),Actors,Front Gate Associate/Guard,0,"Revere Copper Products, Inc.",False,Part Time,,,False,Associate's degree,Associate's degree,USD 21.8 - 24.03 per HOUR,21.8,24.03,hourly,Unknown,"Rome, New York, United States",New York,United States,,5241,,Actors,,,,,
237750,2026-06-26,,,https://makaillc.bamboohr.com/careers/97,GCCS - ACC Command Center Controller,Actors,GCCS - ACC Command Center Controller,0,Makaillc,False,"Full Time, Contract",,,False,Postsecondary nondegree award,Associate's degree,"USD 75,000 - 80,000 Yearly",75000.0,80000.0,annual,On-site,"Hampton, Virginia",Hampton,Virginia,,5241,,Actors,,,,,
418693,2026-06-03,,,https://apply.workable.com/j/D6E0710A83/apply,Generator & Switchgear Coimissioning Field Engineer,Actors,Generator & Switchgear Coimissioning Field Engineer,0,D2b-Groups,False,Full Time,,,False,Bachelor's degree,Bachelor's degree,"{'min': '', 'max': '', 'currency': '', 'period': '', 'summary': ''}",,,,Remote,"Atlanta, Georgia",Atlanta,Georgia,,5241,,Actors,,,,,
352002,2026-06-15,,,https://iaings.fa.ocs.oraclecloud.com/?keyword=&mode=jobs&lang=en&site_number=CX_1#1150,Global Hyperscaler Alliances Lead,Actors,Global Hyperscaler Alliances Lead,0,Iaings.fa.ocs.oraclecloud.com,False,,,,False,Associate's degree,Associate's degree,"{'min': '', 'max': '', 'currency': '', 'period': '', 'summary': ''}",,,,Remote,United States,,,,5241,,Actors,"[""Business Development""]","[""Business Development""]",[],[],[]
248289,2026-06-25,,,https://jobs.smartrecruiters.com/Ramboll3/744000134292526-grid-interconnection-expert?oga=true,Grid Interconnection Expert,Actors,Grid Interconnection Expert,0,Ramboll3,False,Full Time,,,False,Associate's degree,Bachelor's degree,"{'min': '', 'max': '', 'currency': '', 'period': '', 'summary': ''}",,,,Hybrid,"New York, New York",New York,New York,"New York-Newark-Jersey City, NY-NJ",5241,,Actors,"[""Business Development""]","[""Business Development""]",[],[],[]
248285,2026-06-25,,,https://jobs.smartrecruiters.com/Ramboll3/744000134291925-grid-interconnection-expert?oga=true,Grid Interconnection Expert,Actors,Grid Interconnection Expert,0,Ramboll3,False,Full Time,,,False,Associate's degree,Bachelor's degree,"{'min': '', 'max': '', 'currency': '', 'period': '', 'summary': ''}",,,,Hybrid,"Houston, Texas",Houston,Texas,,5241,,Actors,"[""Business Development""]","[""Business Development""]",[],[],[]
248280,2026-06-25,,,https://jobs.smartrecruiters.com/Ramboll3/744000134288587-grid-interconnection-expert?oga=true,Grid Interconnection Expert,Actors,Grid Interconnection Expert,0,Ramboll3,False,Full Time,,,False,Associate's degree,Bachelor's degree,"{'min': '', 'max': '', 'currency': '', 'period': '', 'summary': ''}",,,,Hybrid,"Boston, Massachusetts",Boston,Massachusetts,,5241,,Actors,"[""Business Development""]","[""Business Development""]",[],[],[]
248233,2026-06-25,,,https://jobs.smartrecruiters.com/Ramboll3/744000134295849-grid-interconnection-expert?oga=true,Grid Interconnection Expert,Actors,Grid Interconnection Expert,0,Ramboll3,False,Full Time,,,False,Associate's degree,Bachelor's degree,"{'min': '', 'max': '', 'currency': '', 'period': '', 'summary': ''}",,,,Hybrid,"Charlotte, North Carolina",Charlotte,North Carolina,,5241,,Actors,"[""Business Development""]","[""Business Development""]",[],[],[]
412615,2026-06-03,,,https://www.bill.com/job?6013601004&gh_jid=6013601004,Growth Account Executive - AP,Actors,Growth Account Executive - AP,0,Billcom,False,Contract,,,False,Associate's degree,Bachelor's degree,"{'min': '', 'max': '', 'currency': '', 'period': '', 'summary': ''}",,,,Remote,"California, ;",California,;,,5241,,Actors,"[""Adaptability"", ""Automation""]","[""Automation""]","[""Adaptability""]",[],[]
185156,2026-04-27,,,https://careers.usmc-mccs.org/psc/hprd/EMPLOYEE/HRMS/c/HRS_HRAM_FL.HRS_CG_SEARCH_FL.GBL?Action=U&FOCUS=Applicant&JobOpeningId=77053&Page=HRS_APP_JBPST&PostingSeq=1&SiteId=1,HUMAN RESOURCES SPECIALIST/NF4,Actors,HUMAN RESOURCES SPECIALIST/NF4,0,U.S. Marine Corps,False,Full Time,,,False,Postsecondary nondegree award,Associate's degree,"$50,453 - $54,000 a year",50453.0,54000.0,annual,On-site,United States,,,,5241,,Actors,"[""Activity Manager""]","[""Activity Manager""]",[],[],[]
348586,2026-06-15,,,https://jobs.ashbyhq.com/found/271bb999-f2bf-43ff-8fff-9c052dbf317f/application,Head of Customer Experience,Actors,Head of Customer Experience,0,Found,False,Full Time,,,False,Associate's degree,Associate's degree,"{'min': '', 'max': '', 'currency': '', 'period': '', 'summary': ''}",,,,Remote,"New York, New York",New York,New York,"New York-Newark-Jersey City, NY-NJ",5241,,Actors,"[""Accounting"", ""Analytics"", ""Banking"", ""Bookkeeping""]","[""Accounting"", ""Analytics"", ""Banking"", ""Bookkeeping""]",[],[],[]
292197,2026-06-22,,,https://job-boards.greenhouse.io/ethoslife/jobs/8592605002,Head of Final Expense Sales,Actors,Head of Final Expense Sales,0,Ethoslife,False,Full Time,,,False,Associate's degree,Associate's degree,"{'min': '', 'max': '', 'currency': '', 'period': '', 'summary': ''}",,,,Remote,Remote,,Remote,,5241,,Actors,"[""Accountability"", ""Banking""]","[""Banking""]","[""Accountability""]",[],[]
292201,2026-06-22,,,https://job-boards.greenhouse.io/ethoslife/jobs/8592553002,Head of Term Life Insurance Sales,Actors,Head of Term Life Insurance Sales,0,Ethoslife,False,Full Time,,,False,Associate's degree,Associate's degree,"{'min': '', 'max': '', 'currency': '', 'period': '', 'summary': ''}",,,,Remote,Remote,,Remote,,5241,,Actors,"[""Accountability"", ""Banking""]","[""Banking""]","[""Accountability""]",[],[]
169280,2026-06-05,,,https://cw.wd1.myworkdayjobs.com/External/job/Client-Site---USA---OH---Dayton---3201-Needmore-Rd/Industrial-Mechanical-Technician_R323040,Industrial Mechanical Technician,Actors,Industrial Mechanical Technician,0,Cushman & Wakefield,False,Full Time,,,False,High school diploma or equivalent,Associate's degree,USD 33.15 - 39 per HOUR,33.15,39.0,hourly,On-site,"Dayton, Ohio, United States",Ohio,United States,,5241,,Actors,"[""Accounting"", ""Americans With Disabilities Act Amendments Act (ADAAA)"", ""Appraisals"", ""Bargaining"", ""Blueprint Reading""]","[""Accounting"", ""Americans With Disabilities Act Amendments Act (ADAAA)"", ""Appraisals"", ""Bargaining"", ""Blueprint Reading""]",[],[],[]
168647,2026-06-05,,,https://amfam.wd1.myworkdayjobs.com/Agent-Staff/job/IL-Carlyle/Insurance-Agent---Carlyle--IL_R38953,"Insurance Agent - Carlyle, IL",Actors,"Insurance Agent - Carlyle, IL",0,American Family Insurance,False,Full Time,,,False,Associate's degree,Associate's degree,,,,,Unknown,"Chicago, Illinois, United States",Illinois,United States,,5241,,Actors,"[""Casualty Insurance""]","[""Casualty Insurance""]",[],[],[]
94615,2026-06-05,,,https://job-boards.greenhouse.io/horacemannagents/jobs/6015296004,"Insurance Agent - Columbus, OH",Actors,"Insurance Agent - Columbus, OH",0,Horace Mann,False,Contract,,,False,Associate's degree,Associate's degree,,,,,Unknown,"Columbus, Ohio, United States",Ohio,United States,,5241,,Actors,"[""Casualty Insurance""]","[""Casualty Insurance""]",[],[],[]
139734,2026-06-05,,,https://job-boards.greenhouse.io/horacemannagents/jobs/6015557004,"Insurance Agent - Concord, NH",Actors,"Insurance Agent - Concord, NH",0,Horace Mann,False,Contract,,,False,Associate's degree,Associate's degree,,,,,Unknown,"Concord, New Hampshire, United States",New Hampshire,United States,,5241,,Actors,"[""Casualty Insurance""]","[""Casualty Insurance""]",[],[],[]
82274,2026-06-04,,,https://job-boards.greenhouse.io/horacemannagents/jobs/6014508004,"Insurance Agent - Durham, NC",Actors,"Insurance Agent - Durham, NC",0,Horace Mann,False,Contract,,,False,Associate's degree,Associate's degree,,,,,Unknown,"Durham, North Carolina, United States",North Carolina,United States,,5241,,Actors,"[""Casualty Insurance""]","[""Casualty Insurance""]",[],[],[]
94540,2026-06-05,,,https://job-boards.greenhouse.io/horacemannagents/jobs/6015297004,"Insurance Agent - Kent, OH",Actors,"Insurance Agent - Kent, OH",0,Horace Mann,False,Contract,,,False,Associate's degree,Associate's degree,,,,,Unknown,"Kent, Ohio, United States",Ohio,United States,,5241,,Actors,"[""Casualty Insurance""]","[""Casualty Insurance""]",[],[],[]
94436,2026-06-05,,,https://job-boards.greenhouse.io/horacemannagents/jobs/6000368004,"Insurance Agent - Lima, OH",Actors,"Insurance Agent - Lima, OH",0,Horace Mann,False,Contract,,,False,Associate's degree,Associate's degree,,,,,Unknown,"Lima, Ohio, United States",Ohio,United States,,5241,,Actors,"[""Casualty Insurance""]","[""Casualty Insurance""]",[],[],[]
83538,2026-06-04,,,https://job-boards.greenhouse.io/horacemannagents/jobs/6014472004,"Insurance Agent - Middletown, DE",Actors,"Insurance Agent - Middletown, DE",0,Horace Mann,False,Contract,,,False,Associate's degree,Associate's degree,,,,,Unknown,"Middletown, Delaware, United States",Delaware,United States,,5241,,Actors,"[""Casualty Insurance""]","[""Casualty Insurance""]",[],[],[]
94311,2026-06-05,,,https://job-boards.greenhouse.io/horacemannagents/jobs/6015304004,"Insurance Agent - Perrysburg, OH",Actors,"Insurance Agent - Perrysburg, OH",0,Horace Mann,False,Contract,,,False,Associate's degree,Associate's degree,,,,,Unknown,"Perrysburg, Ohio, United States",Ohio,United States,,5241,,Actors,"[""Casualty Insurance""]","[""Casualty Insurance""]",[],[],[]
92110,2026-06-05,,,https://job-boards.greenhouse.io/horacemannagents/jobs/6015356004,"Insurance Agent - Saint Albans, VT",Actors,"Insurance Agent - Saint Albans, VT",0,Horace Mann,False,Contract,,,False,Associate's degree,Associate's degree,,,,,Unknown,"Saint Albans, Vermont, United States",Vermont,United States,,5241,,Actors,"[""Casualty Insurance""]","[""Casualty Insurance""]",[],[],[]
78889,2026-06-04,,,https://job-boards.greenhouse.io/horacemannagents/jobs/6014538004,"Insurance Agent - Sanford, NC",Actors,"Insurance Agent - Sanford, NC",0,Horace Mann,False,Contract,,,False,Associate's degree,Associate's degree,,,,,Unknown,"Sanford, North Carolina, United States",North Carolina,United States,,5241,,Actors,"[""Casualty Insurance""]","[""Casualty Insurance""]",[],[],[]
94357,2026-06-05,,,https://job-boards.greenhouse.io/horacemannagents/jobs/6015302004,"Insurance Agent -Mentor, OH",Actors,"Insurance Agent -Mentor, OH",0,Horace Mann,False,Contract,,,False,Associate's degree,Associate's degree,,,,,Unknown,"Mentor, Ohio, United States",Ohio,United States,,5241,,Actors,"[""Casualty Insurance""]","[""Casualty Insurance""]",[],[],[]
93596,2026-06-05,,,https://job-boards.greenhouse.io/horacemannagents/jobs/6015318004,"Insurance Agent- Toledo,OH",Actors,"Insurance Agent- Toledo,OH",0,Horace Mann,False,Contract,,,False,Associate's degree,Associate's degree,,,,,Unknown,"Toledo, Ohio, United States",Ohio,United States,,5241,,Actors,"[""Casualty Insurance""]","[""Casualty Insurance""]",[],[],[]
233452,2026-06-26,,,https://job-boards.greenhouse.io/merceradvisors/jobs/5270923008,Internal Fund Administrator,Actors,Internal Fund Administrator,0,Merceradvisors,False,,,,True,Associate's degree,Associate's degree,"{'min': '', 'max': '', 'currency': '', 'period': '', 'summary': ''}",,,,Remote,Remote,,Remote,,5241,,Actors,"[""Accounting"", ""Ad Hoc Analysis"", ""Audit Trail""]","[""Accounting"", ""Ad Hoc Analysis"", ""Audit Trail""]",[],[],[]
274376,2026-06-24,,,https://emcm.fa.us2.oraclecloud.com/?keyword=&mode=jobs&lang=en&site_number=CX_1#2347597,Laborer,Actors,Laborer,0,Emcm.fa.us2.oraclecloud.com,False,,,,False,Associate's degree,Associate's degree,"{'min': '', 'max': '', 'currency': '', 'period': '', 'summary': ''}",,,,On-site,"Farmingdale, New York",Farmingdale,New York,,5241,,Actors,,,,,
353164,2026-06-15,,,https://emcm.fa.us2.oraclecloud.com/?keyword=&mode=jobs&lang=en&site_number=CX_1#2348708,Laborer Landfill,Actors,Laborer Landfill,0,Emcm.fa.us2.oraclecloud.com,False,,,,False,Associate's degree,Associate's degree,"{'min': '', 'max': '', 'currency': '', 'period': '', 'summary': ''}",,,,On-site,"Fairport, New York",Fairport,New York,,5241,,Actors,,,,,
299086,2026-06-22,,,https://emcm.fa.us2.oraclecloud.com/?keyword=&mode=jobs&lang=en&site_number=CX_1#2348178,Laborer Landfill,Actors,Laborer Landfill,0,Emcm.fa.us2.oraclecloud.com,False,,,,False,Associate's degree,Associate's degree,"{'min': '', 'max': '', 'currency': '', 'period': '', 'summary': ''}",,,,On-site,"Corona, California",Corona,California,,5241,,Actors,,,,,
217916,2026-06-04,,,https://ibzdjb.fa.ocs.oraclecloud.com/hcmUI/CandidateExperience/en/sites/CX_3001/job/107147,Lead Account Manager - Data Centers,Actors,Lead Account Manager - Data Centers,0,Solstice Advanced Materials,False,Contract,,,False,Associate's degree,Associate's degree,$129.3k - $161.1k per year,129300.0,161100.0,annual,Unknown,"Morris Plains, NJ, United States",NJ,United States,,5241,,Actors,"[""Account Planning"", ""Account Strategy"", ""Accountability"", ""Business Development""]","[""Account Planning"", ""Account Strategy"", ""Business Development""]","[""Accountability""]",[],[]
386266,2026-06-09,,,https://jobs.gem.com/overlay/am9icG9zdDpVcd8THbcfvbJBC2OUA0SG,Lead Growth Marketer (Founding Marketer),Actors,Lead Growth Marketer,0,Overlay,False,Full Time,,,False,Associate's degree,Associate's degree,"{'min': '', 'max': '', 'currency': '', 'period': '', 'summary': ''}",,,,On-site,Oakland,,Oakland,,5241,,Actors,"[""Brand Marketing""]","[""Brand Marketing""]",[],[],[]
406202,2026-06-05,,,https://apply.workable.com/j/DC7FFE022C/apply,Licensed Clinical Social Worker (LCSW),Actors,Licensed Clinical Social Worker,0,Gotham-Enterprises,False,Full Time,,,False,Associate's degree,Master's degree,"{'min': '', 'max': '', 'currency': '', 'period': '', 'summary': ''}",,,,Remote,"Dyer, Indiana",Dyer,Indiana,,5241,,Actors,"[""Administrative Support"", ""Care Coordination"", ""Care Planning""]","[""Administrative Support"", ""Care Coordination"", ""Care Planning""]",[],[],[]
406221,2026-06-05,,,https://apply.workable.com/j/E8BD006D6B/apply,Licensed Clinical Social Worker (LCSW),Actors,Licensed Clinical Social Worker,0,Gotham-Enterprises,False,Full Time,,,False,Associate's degree,Master's degree,"{'min': '', 'max': '', 'currency': '', 'period': '', 'summary': ''}",,,,Remote,"Whitestown, Indiana",Whitestown,Indiana,,5241,,Actors,"[""Administrative Support"", ""Care Coordination"", ""Care Planning""]","[""Administrative Support"", ""Care Coordination"", ""Care Planning""]",[],[],[]
126560,2026-06-05,,,https://jobs.workable.com/view/4MJKn3BxgYqB32wRvQZxkU/remote-licensed-clinical-social-worker-(lcsw)-in-whitestown-at-gotham-enterprises-ltd,Licensed Clinical Social Worker (LCSW),Actors,Licensed Clinical Social Worker,0,Gotham Enterprises LTD,False,Full Time,,,False,Associate's degree,Master's degree,USD 115000 - 120000 per YEAR,115000.0,120000.0,annual,Remote,"Whitestown, Indiana, United States",Indiana,United States,,5241,,Actors,"[""Administrative Support"", ""Care Coordination"", ""Care Planning""]","[""Administrative Support"", ""Care Coordination"", ""Care Planning""]",[],[],[]
418734,2026-06-03,,,https://apply.workable.com/j/E42FC1A40E/apply,Licensed Clinical Social Worker (LCSW),Actors,Licensed Clinical Social Worker,0,Gotham-Enterprises,False,Full Time,,,False,Associate's degree,Master's degree,"{'min': '', 'max': '', 'currency': '', 'period': '', 'summary': ''}",,,,Remote,"Goldsboro, North Carolina",Goldsboro,North Carolina,,5241,,Actors,"[""Behavioral Health""]","[""Behavioral Health""]",[],[],[]
391276,2026-06-09,,,https://apply.workable.com/j/619F01986C/apply,Licensed Clinical Social Worker (LCSW),Actors,Licensed Clinical Social Worker,0,Gotham-Enterprises,False,Full Time,,,False,Associate's degree,Master's degree,"{'min': '', 'max': '', 'currency': '', 'period': '', 'summary': ''}",,,,Remote,"Orlando, Florida",Orlando,Florida,,5241,,Actors,,,,,
398397,2026-06-08,,,https://apply.workable.com/j/DB921DB291/apply,Licensed Marriage and Family Therapist (LMFT),Actors,Licensed Marriage and Family Therapist,0,Gotham-Enterprises,False,Full Time,,,False,Associate's degree,Master's degree,"{'min': '', 'max': '', 'currency': '', 'period': '', 'summary': ''}",,,,Remote,"Richmond, Virginia",Richmond,Virginia,,5241,,Actors,"[""Behavioral Health""]","[""Behavioral Health""]",[],[],[]
398392,2026-06-08,,,https://apply.workable.com/j/D8F5BF3572/apply,Licensed Professional Counselor (LPC),Actors,Licensed Professional Counselor,0,Gotham-Enterprises,False,Full Time,,,False,Master's degree,Master's degree,"{'min': '', 'max': '', 'currency': '', 'period': '', 'summary': ''}",,,,Remote,"Buford, Georgia",Buford,Georgia,,5241,,Actors,,,,,
376372,2026-06-10,,,https://boards.greenhouse.io/crunchyroll/jobs/7985759?gh_jid=7985759,Lifecycle Marketing Commerce Senior Manager,Actors,Lifecycle Marketing Commerce Senior Manager,0,Crunchyroll,False,,,,False,Associate's degree,Associate's degree,"{'min': '', 'max': '', 'currency': '', 'period': '', 'summary': ''}",,,,Hybrid,"Los Angeles, California",Los Angeles,California,,5241,,Actors,"[""Analytics"", ""Anime"", ""Assortment Strategy"", ""Behavioral Segmentation"", ""Brand Positioning""]","[""Analytics"", ""Anime"", ""Assortment Strategy"", ""Behavioral Segmentation"", ""Brand Positioning""]",[],[],[]
337334,2026-06-17,,,https://apply.workable.com/j/2DCE74E3BF/apply,Maintenance Coordinator,Actors,Maintenance Coordinator,0,Cbh-Homes,False,Full Time,,,False,High school diploma or equivalent,Associate's degree,"{'min': '', 'max': '', 'currency': '', 'period': '', 'summary': ''}",,,,Unknown,"Meridian, Idaho",Meridian,Idaho,,5241,,Actors,"[""Administrative Support"", ""Auditing""]","[""Administrative Support"", ""Auditing""]",[],[],[]
120194,2026-06-05,,,https://jobs.dayforcehcm.com/en-US/winn/candidateportal/jobs/75375,Maintenance Supervisor II (Belage Manor),Actors,Maintenance Supervisor II,0,WinnCompanies,False,Full Time,,,False,High school diploma or equivalent,Master's degree,USD 29 - 31 per HOUR,29.0,31.0,hourly,Hybrid,"Anaheim, California, United States",California,United States,,5241,,Actors,"[""Accounting""]","[""Accounting""]",[],[],[]
79916,2026-06-04,,,https://app.trinethire.com/companies/295447-mission-clean-energy/jobs/121254-manager-of-origination,Manager of Origination,Actors,Manager of Origination,0,Mission Clean Energy,False,Contract,,,False,Associate's degree,Master's degree,USD 120000 - 160000 per YEAR,120000.0,160000.0,annual,Unknown,"California, United States",California,United States,,5241,,Actors,"[""Business Development"", ""Capacity Planning"", ""Capital Allocation""]","[""Business Development"", ""Capacity Planning"", ""Capital Allocation""]",[],[],[]
292536,2026-06-22,,,https://job-boards.greenhouse.io/karbon/jobs/6099117004,Manager of People Operations,Actors,Manager of People Operations,0,Karbon,False,Contract,,,False,Postsecondary nondegree award,Associate's degree,"{'min': '', 'max': '', 'currency': '', 'period': '', 'summary': ''}",,,,Remote,Remote,,Remote,,5241,,Actors,"[""Accounting"", ""AI Agents"", ""Analytics"", ""Automation"", ""Benefits Administration"", ""Carrier Management""]","[""Accounting"", ""AI Agents"", ""Analytics"", ""Automation"", ""Benefits Administration"", ""Carrier Management""]",[],[],[]
360867,2026-06-12,,,https://careers.route.com/job-board?gh_jid=7772234003,Manager of Sales Compensation,Actors,Manager of Sales Compensation,0,Route,False,,,,False,Associate's degree,Associate's degree,"{'min': '', 'max': '', 'currency': '', 'period': '', 'summary': ''}",,,,Hybrid,"Utah, ; Remote",Utah,; Remote,,5241,,Actors,"[""AI Innovation"", ""Analytics"", ""Automation"", ""Benchmarking"", ""Budgeting""]","[""AI Innovation"", ""Analytics"", ""Automation"", ""Benchmarking""]","[""Budgeting""]",[],[]
376834,2026-06-10,,,https://job-boards.greenhouse.io/sharkninjaoperatingllc/jobs/4687972006,"Manager, Commercial Pricing",Actors,"Manager, Commercial Pricing",0,Sharkninjaoperatingllc,False,,,,False,Associate's degree,Master's degree,"{'min': '', 'max': '', 'currency': '', 'period': '', 'summary': ''}",,,,Hybrid,"Needham, Massachusetts",Needham,Massachusetts,,5241,,Actors,,,,,
231799,2026-06-26,,,https://jobs.smartrecruiters.com/EntCreditUnion1/744000134541978-manager-core-platform-operations?oga=true,"Manager, Core Platform Operations",Actors,"Manager, Core Platform Operations",0,Entcreditunion1,False,Full Time,,,False,Associate's degree,Bachelor's degree,"{'min': '', 'max': '', 'currency': '', 'period': '', 'summary': ''}",,,,Unknown,"Apple Valley, Minnesota",Apple Valley,Minnesota,,5241,,Actors,"[""Accountability"", ""Automation"", ""Bank Secrecy"", ""Bank Secrecy Act"", ""Banking"", ""Business Systems""]","[""Automation"", ""Bank Secrecy"", ""Bank Secrecy Act"", ""Banking"", ""Business Systems""]","[""Accountability""]",[],[]
246470,2026-06-25,,,https://jobs.smartrecruiters.com/AbbVie/3743990013799126-manager-data-management-hrconnect-people-solutions?oga=true,"Manager, Data Management HRConnect People Solutions",Actors,"Manager, Data Management HRConnect People Solutions",1,Abbvie,False,Full Time,,,False,Associate's degree,Bachelor's degree,"{'min': '', 'max': '', 'currency': '', 'period': '', 'summary': ''}",,,,Unknown,"North Chicago, Illinois",North Chicago,Illinois,,5241,,Actors,"[""Accounting"", ""Aesthetics""]","[""Accounting""]","[""Aesthetics""]",[],[]
361252,2026-06-12,,,https://jobs.smartrecruiters.com/AbbVie/3743990013606657-manager-financial-process-and-systems-business-planning-and-consolidation-sap-bpc-?oga=true,"Manager, Financial Process and Systems, Business Planning and Consolidation (SAP BPC)",Actors,"Manager, Financial Process and Systems, Business Planning and Consolidation",0,Abbvie,False,Full Time,,,False,Associate's degree,Master's degree,"{'min': '', 'max': '', 'currency': '', 'period': '', 'summary': ''}",,,,Remote,"Remote, Oregon",Remote,Oregon,,5241,,Actors,"[""Accounting"", ""Aesthetics"", ""Automation"", ""Budgeting"", ""Business Planning""]","[""Accounting"", ""Automation"", ""Business Planning""]","[""Aesthetics"", ""Budgeting""]",[],[]
376749,2026-06-10,,,https://www.brex.com/careers/8585456002?gh_jid=8585456002,"Manager, GTM Recruiting",Actors,"Manager, GTM Recruiting",0,Brex,False,,,,False,Associate's degree,Associate's degree,"{'min': '', 'max': '', 'currency': '', 'period': '', 'summary': ''}",,,,Hybrid,"New York, New York",New York,New York,"New York-Newark-Jersey City, NY-NJ",5241,,Actors,"[""Accounting"", ""Automation"", ""Banking"", ""Calibration""]","[""Accounting"", ""Automation"", ""Banking"", ""Calibration""]",[],[],[]
376748,2026-06-10,,,https://www.brex.com/careers/8586116002?gh_jid=8586116002,"Manager, GTM Recruiting",Actors,"Manager, GTM Recruiting",0,Brex,False,,,,False,Associate's degree,Associate's degree,"{'min': '', 'max': '', 'currency': '', 'period': '', 'summary': ''}",,,,Hybrid,"San Francisco, California",San Francisco,California,,5241,,Actors,"[""Accounting"", ""Automation"", ""Banking"", ""Calibration""]","[""Accounting"", ""Automation"", ""Banking"", ""Calibration""]",[],[],[]
376746,2026-06-10,,,https://www.brex.com/careers/8586120002?gh_jid=8586120002,"Manager, GTM Recruiting",Actors,"Manager, GTM Recruiting",0,Brex,False,,,,False,Associate's degree,Associate's degree,"{'min': '', 'max': '', 'currency': '', 'period': '', 'summary': ''}",,,,Hybrid,"Salt Lake City, Utah",Salt Lake City,Utah,,5241,,Actors,"[""Accounting"", ""Automation"", ""Banking"", ""Calibration""]","[""Accounting"", ""Automation"", ""Banking"", ""Calibration""]",[],[],[]
385904,2026-06-09,,,https://jobs.smartrecruiters.com/AbbVie/3743990013533726-manager-national-field-training-digestive-account-executive-?oga=true,"Manager, National Field Training - Digestive Account Executive",Actors,"Manager, National Field Training - Digestive Account Executive",0,Abbvie,False,Full Time,,,False,Associate's degree,Bachelor's degree,"{'min': '', 'max': '', 'currency': '', 'period': '', 'summary': ''}",,,,Unknown,"Florham Park, New Jersey",Florham Park,New Jersey,,5241,,Actors,"[""Aesthetics"", ""Brand Strategy""]","[""Brand Strategy""]","[""Aesthetics""]",[],[]
385903,2026-06-09,,,https://jobs.smartrecruiters.com/AbbVie/3743990013533756-manager-national-field-training-digestive-account-executive-?oga=true,"Manager, National Field Training - Digestive Account Executive",Actors,"Manager, National Field Training - Digestive Account Executive",0,Abbvie,False,Full Time,,,False,Associate's degree,Bachelor's degree,"{'min': '', 'max': '', 'currency': '', 'period': '', 'summary': ''}",,,,Unknown,"Mettawa, Illinois",Mettawa,Illinois,,5241,,Actors,"[""Aesthetics"", ""Brand Strategy""]","[""Brand Strategy""]","[""Aesthetics""]",[],[]
392923,2026-06-08,,,https://jobs.smartrecruiters.com/AbbVie/3743990013514816-manager-national-field-training-migraine?oga=true,"Manager, National Field Training - Migraine",Actors,"Manager, National Field Training - Migraine",0,Abbvie,False,Full Time,,,False,Associate's degree,Bachelor's degree,"{'min': '', 'max': '', 'currency': '', 'period': '', 'summary': ''}",,,,Unknown,"Florham Park, New Jersey",Florham Park,New Jersey,,5241,,Actors,"[""Aesthetics"", ""Brand Strategy""]","[""Brand Strategy""]","[""Aesthetics""]",[],[]
361404,2026-06-12,,,https://jobs.smartrecruiters.com/Versant3/744000131964623-manager-news-finance-direct-to-consumer?oga=true,"Manager, News Finance, Direct-to-Consumer",Actors,"Manager, News Finance, Direct-to-Consumer",0,Versant3,False,Full Time,,,False,Postsecondary nondegree award,Master's degree,"{'min': '', 'max': '', 'currency': '', 'period': '', 'summary': ''}",,,,Hybrid,"Englewood Cliffs, New Jersey",Englewood Cliffs,New Jersey,,5241,,Actors,"[""Accounting"", ""Analytics""]","[""Accounting"", ""Analytics""]",[],[],[]
370391,2026-06-11,,,https://www.digicert.com/careers/?gh_jid=8587801002,Marketing Automation Manager,Actors,Marketing Automation Manager,0,Digicert,False,,,,False,Postsecondary nondegree award,Associate's degree,"{'min': '', 'max': '', 'currency': '', 'period': '', 'summary': ''}",,,,Unknown,United States,,,,5241,,Actors,"[""Automation"", ""Business Requirements""]","[""Automation"", ""Business Requirements""]",[],[],[]
327173,2026-06-17,,,https://job-boards.greenhouse.io/thechempetitivegroupllc/jobs/4288712009,Marketing Operations Associate (AEM Content),Actors,Marketing Operations Associate,0,Thechempetitivegroupllc,False,,,,False,Associate's degree,Associate's degree,"{'min': '', 'max': '', 'currency': '', 'period': '', 'summary': ''}",,,,Unknown,United States,,,,5241,,Actors,"[""Adobe Experience Manager"", ""Asset Management""]","[""Adobe Experience Manager"", ""Asset Management""]",[],[],[]
263034,2026-06-24,,,https://www.fanduel.careers/open-positions?gh_jid=8026766,Media Associate,Actors,Media Associate,0,Fanduel,False,,,,False,Associate's degree,Bachelor's degree,"{'min': '', 'max': '', 'currency': '', 'period': '', 'summary': ''}",,,,Hybrid,"Los Angeles, California",Los Angeles,California,,5241,,Actors,"[""Analytics"", ""Brand Marketing"", ""Cable Television""]","[""Analytics"", ""Brand Marketing"", ""Cable Television""]",[],[],[]
376379,2026-06-10,,,https://www.bill.com/job?6019000004&gh_jid=6019000004,Mid-Market Account Executive - AP,Actors,Mid-Market Account Executive - AP,0,Billcom,False,,,,False,Associate's degree,Bachelor's degree,"{'min': '', 'max': '', 'currency': '', 'period': '', 'summary': ''}",,,,Remote,United States,,,,5241,,Actors,"[""Accounts Payable"", ""Automation""]","[""Accounts Payable"", ""Automation""]",[],[],[]
154827,2026-06-05,2027-06-05,365.0,https://armadeiacademy-puzzlehr.icims.com/jobs/11512/music-teacher-%28elementary%29/job,Music Teacher (Elementary),Actors,Music Teacher,0,Arma Dei Academy,False,Full Time,,,False,Associate's degree,Bachelor's degree,USD 45000 - 65000 per YEAR,45000.0,65000.0,annual,Unknown,"Highlands Ranch, Colorado, United States",Colorado,United States,,5241,,Actors,"[""Academic Standards""]","[""Academic Standards""]",[],[],[]
392419,2026-06-08,,,https://jobs.smartrecruiters.com/AbbVie/3743990013520716-national-field-trainer-psychiatry?oga=true,National Field Trainer - Psychiatry,Actors,National Field Trainer - Psychiatry,0,Abbvie,False,Full Time,,,False,Associate's degree,Bachelor's degree,"{'min': '', 'max': '', 'currency': '', 'period': '', 'summary': ''}",,,,Unknown,"Florham Park, New Jersey",Florham Park,New Jersey,,5241,,Actors,"[""Aesthetics"", ""Brand Strategy""]","[""Brand Strategy""]","[""Aesthetics""]",[],[]
94279,2026-06-05,,,https://workforcenow.adp.com/mascsr/default/mdf/recruitment/recruitment.html?cid=b668b440-bbe3-4ea7-9e25-8acf9506a585&jobId=549537,"Nursery Associate (Seasonal, Flexible Schedule)",Actors,Nursery Associate,0,Adams Fairacre Farms,False,Temporary,,,False,Associate's degree,Associate's degree,USD 16 - 22.4 per HOUR,16.0,22.4,hourly,Unknown,"Town of Newburgh, New York, United States",New York,United States,,5241,,Actors,"[""Attentive Service"", ""Cash Register""]","[""Attentive Service"", ""Cash Register""]",[],[],[]
398111,2026-06-08,,,https://apply.workable.com/j/4D699B2644/apply,Office Manager / Human Resources & Recruiting Administrator,Actors,Office Manager / Human Resources & Recruiting Administrator,0,Pgtek,False,Full Time,,,False,High school diploma or equivalent,Bachelor's degree,"{'min': '', 'max': '', 'currency': '', 'period': '', 'summary': ''}",,,,On-site,"Ashburn, Virginia",Ashburn,Virginia,,5241,,Actors,"[""Adaptability"", ""Administrative Support"", ""Business Administration""]","[""Administrative Support""]","[""Adaptability"", ""Business Administration""]",[],[]
158322,2026-06-05,,,https://moog.wd5.myworkdayjobs.com/MOOG_External_Career_Site/job/Blacksburg-VA/Offshore-Supply-Specialist_R-26-18015,Offshore Supply Specialist,Actors,Offshore Supply Specialist,0,Moog Inc.,False,Contract,,,False,Associate's degree,Bachelor's degree,USD 50000 - 70000 per YEAR,50000.0,70000.0,annual,On-site,"Blacksburg, Virginia, United States",Virginia,United States,,5241,,Actors,,,,,
344099,2026-06-16,,,https://ejis.fa.us6.oraclecloud.com/?keyword=&mode=jobs&lang=en&site_number=CX_1#3039254,"Offsite Referral and Pre-Certification Specialist- Pre-Authorizations, Greenlawn, Long Island, New York, , Days",Actors,"Offsite Referral and Pre-Certification Specialist- Pre-Authorizations, Greenlawn, Long Island, New York, , Days",0,Ejis.fa.us6.oraclecloud.com,False,Full Time,,,False,High school diploma or equivalent,Associate's degree,"{'min': '', 'max': '', 'currency': '', 'period': '', 'summary': ''}",,,,Unknown,United States,,,,5241,,Actors,,,,,
327347,2026-06-17,,,https://www.zipline.com/open-roles?gh_jid=7776557003,Operations Ghostbuster,Actors,Operations Ghostbuster,0,Flyzipline,False,,,,False,Associate's degree,Associate's degree,"{'min': '', 'max': '', 'currency': '', 'period': '', 'summary': ''}",,,,Unknown,"South San Francisco, California",South San Francisco,California,,5241,,Actors,"[""Business Operations""]","[""Business Operations""]",[],[],[]
75402,2026-06-04,,,https://recruiting.paylocity.com/Recruiting/Jobs/Details/4227391,Parents As Teachers - Parent Educator,Actors,Parents As Teachers - Parent Educator,0,Gunnison County,False,Part Time,,,False,Postsecondary nondegree award,Associate's degree,USD 28.53 - 32.49 per HOUR,28.53,32.49,hourly,Unknown,"Gunnison, Colorado, United States",Colorado,United States,,5241,,Actors,,,,,
237180,2026-06-26,,,https://a16z.com/about/jobs/?gh_jid=7738118003,"Partner 22, GTM Executive Talent",Actors,"Partner 22, GTM Executive Talent",0,A16z,True,,,,False,Associate's degree,Associate's degree,"{'min': '', 'max': '', 'currency': '', 'period': '', 'summary': ''}",,,,Unknown,"Menlo Park, California",Menlo Park,California,,5241,,Actors,"[""Agility"", ""Benchmarking""]","[""Agility"", ""Benchmarking""]",[],[],[]
248095,2026-06-25,,,https://job-boards.greenhouse.io/ethoslife/jobs/8605138002,Partnerships Case Manager,Actors,Partnerships Case Manager,0,Ethoslife,False,Full Time,,,False,Associate's degree,Associate's degree,"{'min': '', 'max': '', 'currency': '', 'period': '', 'summary': ''}",,,,Remote,Remote,,Remote,,5241,,Actors,"[""Banking"", ""Brokerage""]","[""Banking"", ""Brokerage""]",[],[],[]
259148,2026-06-25,,,https://hcgn.fa.us2.oraclecloud.com/?keyword=&mode=jobs&lang=en&site_number=CX_1#46952,Payment Network Compliance Analyst (Visa/Mastercard/Discover),Actors,Payment Network Compliance Analyst,0,Hcgn.fa.us2.oraclecloud.com,False,,,,False,Associate's degree,Doctoral or professional degree,"{'min': '', 'max': '', 'currency': '', 'period': '', 'summary': ''}",,,,Hybrid,"Johnston, Rhode Island",Johnston,Rhode Island,,5241,,Actors,"[""Case Management"", ""Case Management Tools""]","[""Case Management"", ""Case Management Tools""]",[],[],[]
370550,2026-06-11,,,https://jobs.smartrecruiters.com/AbbVie/3743990013576096-payroll-tax-manager?oga=true,Payroll Tax Manager,Actors,Payroll Tax Manager,0,Abbvie,False,Full Time,,,False,Associate's degree,Associate's degree,"{'min': '', 'max': '', 'currency': '', 'period': '', 'summary': ''}",,,,Unknown,"North Chicago, Illinois",North Chicago,Illinois,,5241,,Actors,"[""Aesthetics"", ""Analytics"", ""Business Analytics""]","[""Analytics"", ""Business Analytics""]","[""Aesthetics""]",[],[]
292512,2026-06-22,,,https://job-boards.greenhouse.io/karbon/jobs/6099119004,People Operations Manager,Actors,People Operations Manager,0,Karbon,False,Contract,,,False,Postsecondary nondegree award,Associate's degree,"{'min': '', 'max': '', 'currency': '', 'period': '', 'summary': ''}",,,,Remote,Remote,,Remote,,5241,,Actors,"[""Accounting"", ""AI Agents"", ""Analytics"", ""Automation"", ""Benefits Administration"", ""Carrier Management""]","[""Accounting"", ""AI Agents"", ""Analytics"", ""Automation"", ""Benefits Administration"", ""Carrier Management""]",[],[],[]
158612,2026-06-05,,,https://southland-therapy-services.breezy.hr/p/ee35e0672dc0-physical-therapist-pt-pediatric--part-time,Physical Therapist (PT) – Pediatric - Part Time,Actors,Physical Therapist – Pediatric,0,Southland Pediatric Therapy Services,False,"Full Time, Part Time, Contract",,,False,Associate's degree,Associate's degree,USD 45 - 65 per HOUR,45.0,65.0,hourly,Unknown,"Beaufort, South Carolina, United States",South Carolina,United States,,5241,,Actors,,,,,
265019,2026-06-24,,,https://ats.comparably.com/api/v2/stash/post/8025978:?gh_jid=8025978,Principal Product Designer,Actors,Principal Product Designer,0,Stashinvest,False,,,,False,Associate's degree,Associate's degree,"{'min': '', 'max': '', 'currency': '', 'period': '', 'summary': ''}",,,,Hybrid,"New York, New York",New York,New York,"New York-Newark-Jersey City, NY-NJ",5241,,Actors,"[""Banking"", ""Brokerage""]","[""Banking"", ""Brokerage""]",[],[],[]
412551,2026-06-03,,,https://jobs.ashbyhq.com/junipersquare/135c76db-f029-42ef-b9bf-28a6f40fcd1a/application,Product Marketing Engineer,Actors,Product Marketing Engineer,0,Junipersquare,False,Full Time,,,False,Associate's degree,Associate's degree,"{'min': '', 'max': '', 'currency': '', 'period': '', 'summary': ''}",,,,Hybrid,USA,,,,5241,,Actors,"[""AI Agents"", ""Automation""]","[""AI Agents"", ""Automation""]",[],[],[]
78723,2026-06-04,,,https://job-boards.greenhouse.io/jencapinc/jobs/5102724007,Program Underwriter-Construction,Actors,Program Underwriter-Construction,0,Jencap,False,Contract,,,False,Associate's degree,Bachelor's degree,,,,,Unknown,"Red Bank, New Jersey, United States",New Jersey,United States,,5241,,Actors,"[""Brokerage""]","[""Brokerage""]",[],[],[]
120547,2026-06-05,,,https://jobs.dayforcehcm.com/en-US/winn/candidateportal/jobs/75326,Property Manager II (Schuyler-Dekalb Apartments),Actors,Property Manager II,0,WinnCompanies,False,Full Time,,,False,High school diploma or equivalent,Master's degree,USD 73652.8 - 77000 per YEAR,73652.8,77000.0,annual,Hybrid,"White Plains, New York, United States",New York,United States,,5241,,Actors,"[""Accounting""]","[""Accounting""]",[],[],[]
377143,2026-06-10,,,https://ericsson.eightfold.ai/careers/job/563121776232388,Public Sector Inside Sales Rep,Actors,Public Sector Inside Sales Rep,0,Ericsson,False,,,,False,Associate's degree,Associate's degree,"{'min': '', 'max': '', 'currency': '', 'period': '', 'summary': ''}",,,,Hybrid,"Boise, Idaho",Boise,Idaho,,5241,,Actors,,,,,
361960,2026-06-12,,,https://job-boards.greenhouse.io/boulevard/jobs/4689081006,Revenue Enablement Manager (CX),Actors,Revenue Enablement Manager,0,Boulevard,False,,,,False,Associate's degree,Associate's degree,"{'min': '', 'max': '', 'currency': '', 'period': '', 'summary': ''}",,,,Remote,Remote,,Remote,,5241,,Actors,"[""Analytics"", ""Automation"", ""Blended Learning""]","[""Analytics"", ""Automation"", ""Blended Learning""]",[],[],[]
100855,2026-06-05,,,https://jobs.smartrecruiters.com/CirrusAssetManagement/744000130524350-risk-claims-manager,Risk & Claims Manager,Actors,Risk & Claims Manager,0,Cirrus Asset Management Inc.,False,Full Time,,,False,Postsecondary nondegree award,Bachelor's degree,USD 85000 per YEAR,85000.0,85000.0,annual,Unknown,"Los Angeles, California, United States",California,United States,,5241,,Actors,"[""Analytics"", ""Asset Management"", ""Business Administration""]","[""Analytics"", ""Asset Management""]","[""Business Administration""]",[],[]
348632,2026-06-15,,,https://jobs.smartrecruiters.com/Freshworks/744000132252839-si-partner-manager-north-america?oga=true,"SI Partner Manager, North America",Actors,"SI Partner Manager, North America",0,Freshworks,False,Contract,,,False,Postsecondary nondegree award,Associate's degree,"{'min': '', 'max': '', 'currency': '', 'period': '', 'summary': ''}",,,,Unknown,"San Mateo, California",San Mateo,California,,5241,,Actors,"[""Business Case"", ""Business Planning"", ""Business Software""]","[""Business Case"", ""Business Planning"", ""Business Software""]",[],[],[]
178182,2026-06-05,,,https://lplfinancial.wd1.myworkdayjobs.com/External/job/Fort-MillCharlotte/SVP--People-Business-Partner---Product-and-Technology_R-051017,"SVP, People Business Partner – Product and Technology",Actors,"SVP, People Business Partner – Product and Technology",0,LPL Financial,False,Contract,,,False,Postsecondary nondegree award,Bachelor's degree,USD 191477 - 319094 per YEAR,191477.0,319094.0,annual,Hybrid,"Charlotte, North Carolina, United States, Fort Mill, South Carolina, United States",South Carolina,United States,,5241,,Actors,"[""Accountability"", ""Acting"", ""Advising"", ""Analytics"", ""Brokerage"", ""Business Acumen"", ""Business Priorities"", ""Business Transformation""]","[""Acting"", ""Analytics"", ""Brokerage"", ""Business Priorities"", ""Business Transformation""]","[""Accountability"", ""Advising"", ""Business Acumen""]",[],[]
224855,2026-06-04,,,https://fa-emad-saasfaprod1.fa.ocs.oraclecloud.com/hcmUI/CandidateExperience/en/sites/CX_6001/job/5317,Sales Director - Enterprise Insurance Software,Actors,Sales Director - Enterprise Insurance Software,0,Candidate Experience site,False,Contract,,,False,Associate's degree,Associate's degree,$125k - $160k per year,125000.0,160000.0,annual,Remote,United States,,,,5241,,Actors,"[""Accountability"", ""Agentic AI"", ""Agility"", ""Business Acumen"", ""Business Objectives"", ""Business Requirements""]","[""Agentic AI"", ""Agility"", ""Business Requirements""]","[""Accountability"", ""Business Acumen"", ""Business Objectives""]",[],[]
272643,2026-06-24,,,https://cdac.bamboohr.com/careers/41,School Counselor,Actors,School Counselor,0,Cdac,False,Full Time,,,False,Associate's degree,Master's degree,"USD 36,000 Yearly",36000.0,36000.0,annual,Unknown,"Pace, Florida",Pace,Florida,,5241,,Actors,,,,,
280124,2026-06-23,,,https://jobs.smartrecruiters.com/AbbVie/3743990013753526-scientist-l?oga=true,Scientist l,Actors,Scientist l,0,Abbvie,False,Full Time,,,False,Associate's degree,Master's degree,"{'min': '', 'max': '', 'currency': '', 'period': '', 'summary': ''}",,,,Unknown,"North Chicago, Illinois",North Chicago,Illinois,,5241,,Actors,"[""Aesthetics"", ""Biology"", ""Cell Biology"", ""Cell Cultures""]","[""Biology"", ""Cell Biology"", ""Cell Cultures""]","[""Aesthetics""]",[],[]
419464,2026-06-02,,,https://job-boards.greenhouse.io/inspiraeducation/jobs/5239331008,Senior Academic Advisor,Actors,Senior Academic Advisor,0,Inspiraeducation,False,,,,False,Associate's degree,Associate's degree,"{'min': '', 'max': '', 'currency': '', 'period': '', 'summary': ''}",,,,Remote,Remote,,Remote,,5241,,Actors,,,,,
419468,2026-06-02,,,https://job-boards.greenhouse.io/inspiraeducation/jobs/5239330008,Senior Account Executive,Actors,Senior Account Executive,0,Inspiraeducation,False,,,,False,Associate's degree,Associate's degree,"{'min': '', 'max': '', 'currency': '', 'period': '', 'summary': ''}",,,,Remote,Remote,,Remote,,5241,,Actors,,,,,
247076,2026-06-25,,,https://jobs.smartrecruiters.com/AbbVie/3743990013796616-senior-accountant?oga=true,Senior Accountant,Actors,Senior Accountant,0,Abbvie,False,Full Time,,,False,Associate's degree,Master's degree,"{'min': '', 'max': '', 'currency': '', 'period': '', 'summary': ''}",,,,Unknown,"North Chicago, Illinois",North Chicago,Illinois,,5241,,Actors,"[""Accounting"", ""Ad Hoc Analysis"", ""Aesthetics"", ""Balance Sheet""]","[""Accounting"", ""Ad Hoc Analysis"", ""Balance Sheet""]","[""Aesthetics""]",[],[]
335159,2026-06-17,,,https://hdox.fa.us6.oraclecloud.com/?keyword=&mode=jobs&lang=en&site_number=CX_1#62089,Senior Analyst of Commercial Excellence,Actors,Senior Analyst of Commercial Excellence,0,Hdox.fa.us6.oraclecloud.com,False,"Full Time, Part Time",,,False,Associate's degree,Bachelor's degree,"{'min': '', 'max': '', 'currency': '', 'period': '', 'summary': ''}",,,,Remote,"Clifton, New Jersey",Clifton,New Jersey,,5241,,Actors,"[""Accounting"", ""Adaptability"", ""Business Objectives""]","[""Accounting""]","[""Adaptability"", ""Business Objectives""]",[],[]
173113,2026-06-05,,,https://cw.wd1.myworkdayjobs.com/External/job/Chicago-Illinois-USA/Senior-Appraiser---Multifamily_R323253,Senior Appraiser - Multifamily,Actors,Senior Appraiser - Multifamily,0,Cushman & Wakefield,False,Full Time,,,False,Associate's degree,Master's degree,USD 150000 - 250000 per YEAR,150000.0,250000.0,annual,Unknown,"Chicago, Illinois, United States, Rosemont, Illinois, United States",Illinois,United States,,5241,,Actors,"[""Americans With Disabilities Act Amendments Act (ADAAA)"", ""Analytical Skills"", ""Bargaining"", ""Cash Flows""]","[""Americans With Disabilities Act Amendments Act (ADAAA)"", ""Bargaining"", ""Cash Flows""]","[""Analytical Skills""]",[],[]
385864,2026-06-09,,,https://job-boards.greenhouse.io/wppmedia/jobs/5098677008,"Senior Associate, Commerce Programmatic",Actors,"Senior Associate, Commerce Programmatic",0,Wppmedia,True,,,,False,Associate's degree,Bachelor's degree,"{'min': '', 'max': '', 'currency': '', 'period': '', 'summary': ''}",,,,Hybrid,"New York, New York",New York,New York,"New York-Newark-Jersey City, NY-NJ",5241,,Actors,"[""Analytical Skills"", ""Analytics"", ""Bid Management"", ""Billing"", ""Budgeting"", ""Campaign Management""]","[""Analytics"", ""Bid Management"", ""Billing"", ""Campaign Management""]","[""Analytical Skills"", ""Budgeting""]",[],[]
327923,2026-06-17,,,https://job-boards.greenhouse.io/ethoslife/jobs/8595210002,"Senior Director Finance, GTM",Actors,"Senior Director Finance, GTM",0,Ethoslife,False,Full Time,,,False,Associate's degree,Associate's degree,"{'min': '', 'max': '', 'currency': '', 'period': '', 'summary': ''}",,,,Remote,Remote,,Remote,,5241,,Actors,"[""Banking"", ""Business Expansion""]","[""Banking"", ""Business Expansion""]",[],[],[]
327941,2026-06-17,,,https://jobs.smartrecruiters.com/KIPP/744000132683119-senior-director-communications?oga=true,"Senior Director, Communications",Actors,"Senior Director, Communications",0,Kipp,False,Full Time,,,False,Associate's degree,Master's degree,"{'min': '', 'max': '', 'currency': '', 'period': '', 'summary': ''}",,,,Remote,"N/A, N/A",,,,5241,,Actors,"[""Accountability"", ""Acting"", ""Adaptability"", ""Advising"", ""Agility""]","[""Acting"", ""Agility""]","[""Accountability"", ""Adaptability"", ""Advising""]",[],[]
395969,2026-06-08,,,https://hdox.fa.us6.oraclecloud.com/?keyword=&mode=jobs&lang=en&site_number=CX_1#61609,"Senior Director, Financial Planning & Analysis",Actors,"Senior Director, Financial Planning & Analysis",0,Hdox.fa.us6.oraclecloud.com,False,"Full Time, Part Time",,,False,Associate's degree,Master's degree,"{'min': '', 'max': '', 'currency': '', 'period': '', 'summary': ''}",,,,Unknown,"Secaucus, New Jersey",Secaucus,New Jersey,,5241,,Actors,"[""Accountability"", ""Accounting"", ""Budgeting""]","[""Accounting""]","[""Accountability"", ""Budgeting""]",[],[]
419499,2026-06-02,,,https://job-boards.greenhouse.io/inspiraeducation/jobs/5239316008,Senior Enrollment Manager,Actors,Senior Enrollment Manager,0,Inspiraeducation,False,,,,False,Associate's degree,Associate's degree,"{'min': '', 'max': '', 'currency': '', 'period': '', 'summary': ''}",,,,Remote,Remote,,Remote,,5241,,Actors,,,,,
361436,2026-06-12,,,https://jobs.smartrecruiters.com/Versant3/744000131962935-senior-equity-analyst-reporter?oga=true,Senior Equity Analyst & Reporter,Actors,Senior Equity Analyst & Reporter,0,Versant3,False,Full Time,,,False,Associate's degree,Master's degree,"{'min': '', 'max': '', 'currency': '', 'period': '', 'summary': ''}",,,,Hybrid,"Englewood Cliffs, New Jersey",Englewood Cliffs,New Jersey,,5241,,Actors,,,,,
280137,2026-06-23,,,https://jobs.smartrecruiters.com/Versant3/744000133688480-senior-equity-research-analyst-ai-platform?oga=true,"Senior Equity Research Analyst, AI Platform",Actors,"Senior Equity Research Analyst, AI Platform",0,Versant3,False,Full Time,,,False,Associate's degree,Master's degree,"{'min': '', 'max': '', 'currency': '', 'period': '', 'summary': ''}",,,,On-site,"Englewood Cliffs, New Jersey",Englewood Cliffs,New Jersey,,5241,,Actors,"[""Accounting""]","[""Accounting""]",[],[],[]
308703,2026-06-19,,,https://job-boards.greenhouse.io/ethoslife/jobs/8598078002,Senior Life Underwriter,Actors,Senior Life Underwriter,0,Ethoslife,False,Full Time,,,False,Associate's degree,Associate's degree,"{'min': '', 'max': '', 'currency': '', 'period': '', 'summary': ''}",,,,Remote,Remote,,Remote,,5241,,Actors,"[""Banking""]","[""Banking""]",[],[],[]
339404,2026-06-16,,,https://job-boards.greenhouse.io/remotecom/jobs/7773158003,"Senior Lifecycle Specialist, Workers Compensation",Actors,"Senior Lifecycle Specialist, Workers Compensation",0,Remotecom,False,"Full Time, Contract",,,False,Associate's degree,Associate's degree,"{'min': '', 'max': '', 'currency': '', 'period': '', 'summary': ''}",,,,Remote,Remote,,Remote,,5241,,Actors,"[""Automation"", ""Carrier Management""]","[""Automation"", ""Carrier Management""]",[],[],[]
339403,2026-06-16,,,https://job-boards.greenhouse.io/remotereferralboardinternaluseonly/jobs/7773159003,"Senior Lifecycle Specialist, Workers Compensation",Actors,"Senior Lifecycle Specialist, Workers Compensation",0,Remotereferralboardinternaluseonly,False,"Full Time, Contract",,,False,Associate's degree,Associate's degree,"{'min': '', 'max': '', 'currency': '', 'period': '', 'summary': ''}",,,,Remote,Remote,,Remote,,5241,,Actors,"[""Automation"", ""Carrier Management""]","[""Automation"", ""Carrier Management""]",[],[],[]
164807,2026-06-05,2026-06-19,14.0,https://unilever.wd3.myworkdayjobs.com/Unilever_Experienced_Professionals/job/Rogers-AR/Senior-Manager--Retail-Media-Performance--Walmart_R-1179079,"Senior Manager, Retail Media Performance, Walmart",Actors,"Senior Manager, Retail Media Performance, Walmart",0,Unilever,False,Full Time,,,False,Associate's degree,Associate's degree,USD 119400 - 179000 per YEAR,119400.0,179000.0,annual,Unknown,"Rogers, Arkansas, United States",Arkansas,United States,,5241,,Actors,"[""Analytics""]","[""Analytics""]",[],[],[]
157045,2026-06-05,,,https://salesforce.wd12.myworkdayjobs.com/External_Career_Site/job/Illinois---Chicago/Senior-Manager-Manager--Specialization-CoE_JR344488,"Senior Manager/Manager, Specialization CoE",Actors,"Senior Manager/Manager, Specialization CoE",0,Salesforce,False,Full Time,,,False,Associate's degree,Associate's degree,USD 123100 - 247900 per YEAR,123100.0,247900.0,annual,Unknown,"San Francisco, California, United States, Chicago, Illinois, United States",Illinois,United States,,5241,,Actors,"[""Accountability"", ""AI Agents"", ""Analytics"", ""Artificial Intelligence"", ""Business Acumen"", ""Business Operations""]","[""AI Agents"", ""Analytics"", ""Artificial Intelligence"", ""Business Operations""]","[""Accountability"", ""Business Acumen""]",[],[]
327630,2026-06-17,,,https://job-boards.greenhouse.io/chaosindustries/jobs/5167188007,Senior Network Administrator,Actors,Senior Network Administrator,0,Chaosindustries,False,,,,False,Associate's degree,Associate's degree,"{'min': '', 'max': '', 'currency': '', 'period': '', 'summary': ''}",,,,On-site,"El Segundo, California",El Segundo,California,,5241,,Actors,"[""Ansible"", ""Automation"", ""Business Operations""]","[""Ansible"", ""Automation"", ""Business Operations""]",[],[],[]
376361,2026-06-10,,,https://jobs.smartrecruiters.com/AbbVie/3743990013568566-senior-principal-research-scientist-computational-drug-discovery-hitgen-leadgen-team-lead?oga=true,"Senior Principal Research Scientist, Computational Drug Discovery HitGen/LeadGen Team Lead",Actors,"Senior Principal Research Scientist, Computational Drug Discovery HitGen/LeadGen Team Lead",0,Abbvie,False,Full Time,,,False,Associate's degree,Doctoral or professional degree,"{'min': '', 'max': '', 'currency': '', 'period': '', 'summary': ''}",,,,Unknown,"North Chicago, Illinois",North Chicago,Illinois,,5241,,Actors,"[""Aesthetics"", ""Benchmarking""]","[""Benchmarking""]","[""Aesthetics""]",[],[]
339269,2026-06-16,,,https://jobs.smartrecruiters.com/AbbVie/3743990013643706-senior-principal-scientist-immune-cell-depletion-discovery-group-immunology-discovery-research?oga=true,"Senior Principal Scientist, Immune Cell Depletion Discovery Group, Immunology Discovery Research",Actors,"Senior Principal Scientist, Immune Cell Depletion Discovery Group, Immunology Discovery Research",0,Abbvie,False,Full Time,,,False,Associate's degree,Doctoral or professional degree,"{'min': '', 'max': '', 'currency': '', 'period': '', 'summary': ''}",,,,Unknown,"Cambridge, Massachusetts",Cambridge,Massachusetts,,5241,,Actors,"[""Aesthetics"", ""Biology""]","[""Biology""]","[""Aesthetics""]",[],[]
407888,2026-06-04,,,https://job-boards.greenhouse.io/sharkninjaoperatingllc/jobs/4685849006,Senior Product Developer - Floorcare,Actors,Senior Product Developer - Floorcare,0,Sharkninjaoperatingllc,False,,,,False,Associate's degree,Master's degree,"{'min': '', 'max': '', 'currency': '', 'period': '', 'summary': ''}",,,,On-site,United States,,,,5241,,Actors,"[""Accountability""]",[],"[""Accountability""]",[],[]
209806,2026-06-04,,,https://job-boards.greenhouse.io/sharkninjaoperatingllc/jobs/4685849006,Senior Product Developer - Floorcare,Actors,Senior Product Developer - Floorcare,0,SharkNinja,False,,,,False,Associate's degree,Master's degree,$75.1k - $135.2k per year,75100.0,135200.0,annual,On-site,United States,,,,5241,,Actors,"[""Accountability""]",[],"[""Accountability""]",[],[]
376857,2026-06-10,,,https://job-boards.greenhouse.io/sharkninjaoperatingllc/jobs/4688046006,Senior Product Developer- Drinkware,Actors,Senior Product Developer- Drinkware,0,Sharkninjaoperatingllc,False,,,,False,Associate's degree,Master's degree,"{'min': '', 'max': '', 'currency': '', 'period': '', 'summary': ''}",,,,On-site,United States,,,,5241,,Actors,"[""Accountability""]",[],"[""Accountability""]",[],[]
316288,2026-06-18,,,https://jobs.ashbyhq.com/kayak/11f2f1a5-4e14-4bb2-8cb7-d68282b69cf3/application,"Senior Sales Manager, K4B ( US - West Coast)",Actors,"Senior Sales Manager, K4B",0,Kayak,False,Full Time,,,False,Associate's degree,Associate's degree,"{'min': '', 'max': '', 'currency': '', 'period': '', 'summary': ''}",,,,Remote,Remote,,Remote,,5241,,Actors,,,,,
363612,2026-06-12,,,https://job-boards.greenhouse.io/ethoslife/jobs/8584364002,Senior Sales Recruiter,Actors,Senior Sales Recruiter,0,Ethoslife,False,Full Time,,,False,Associate's degree,Associate's degree,"{'min': '', 'max': '', 'currency': '', 'period': '', 'summary': ''}",,,,Remote,Remote,,Remote,,5241,,Actors,"[""Banking"", ""Brainstorming"", ""Build Pipeline""]","[""Banking"", ""Build Pipeline""]","[""Brainstorming""]",[],[]
406279,2026-06-04,,,https://unity.com/careers/positions/7973800?gh_jid=7973800,Senior Sales Specialist - Robotics,Actors,Senior Sales Specialist - Robotics,0,Unity3d,False,,,,False,Associate's degree,Associate's degree,"{'min': '', 'max': '', 'currency': '', 'period': '', 'summary': ''}",,,,Unknown,"San Francisco, California",San Francisco,California,,5241,,Actors,"[""Automation""]","[""Automation""]",[],[],[]
406277,2026-06-04,,,https://unity.com/careers/positions/7979840?gh_jid=7979840,Senior Sales Specialist - Robotics,Actors,Senior Sales Specialist - Robotics,0,Unity3d,False,,,,False,Associate's degree,Associate's degree,"{'min': '', 'max': '', 'currency': '', 'period': '', 'summary': ''}",,,,Unknown,"Mountain View, California",Mountain View,California,,5241,,Actors,"[""Automation""]","[""Automation""]",[],[],[]
79793,2026-06-04,,,https://unity.com/careers/positions/7973800?gh_jid=7973800,Senior Sales Specialist - Robotics,Actors,Senior Sales Specialist - Robotics,0,Unity,False,Full Time,,,False,Associate's degree,Associate's degree,USD 218400 - 327600 per YEAR,218400.0,327600.0,annual,Unknown,"San Francisco, California, United States",California,United States,,5241,,Actors,"[""Automation""]","[""Automation""]",[],[],[]
247646,2026-06-25,,,https://jobs.smartrecruiters.com/AbbVie/3743990013793856-senior-scientist-cellular-molecular-biology-ii?oga=true,"Senior Scientist, Cellular/Molecular Biology II",Actors,"Senior Scientist, Cellular/Molecular Biology II",0,Abbvie,False,Full Time,,,False,Associate's degree,Doctoral or professional degree,"{'min': '', 'max': '', 'currency': '', 'period': '', 'summary': ''}",,,,Unknown,"Worcester, Massachusetts",Worcester,Massachusetts,,5241,,Actors,"[""Aesthetics"", ""Biology"", ""Cell Cultures""]","[""Biology"", ""Cell Cultures""]","[""Aesthetics""]",[],[]
383874,2026-06-09,,,https://jobs.smartrecruiters.com/Freshworks/744000131213329-senior-strategic-channels-alliances-manager?oga=true,Senior Strategic Channels & Alliances Manager,Actors,Senior Strategic Channels & Alliances Manager,0,Freshworks,False,Contract,,,False,Postsecondary nondegree award,Associate's degree,"{'min': '', 'max': '', 'currency': '', 'period': '', 'summary': ''}",,,,Unknown,"Boston, Massachusetts",Boston,Massachusetts,,5241,,Actors,"[""Business Case"", ""Business Planning"", ""Business Software""]","[""Business Case"", ""Business Planning"", ""Business Software""]",[],[],[]
273022,2026-06-24,,,https://icfcjb.fa.ocs.oraclecloud.com/?keyword=&mode=jobs&lang=en&site_number=CX_1#114926,Senior Strategic Sourcing Specialist,Actors,Senior Strategic Sourcing Specialist,0,Icfcjb.fa.ocs.oraclecloud.com,False,Contract,,,False,Associate's degree,Bachelor's degree,"{'min': '', 'max': '', 'currency': '', 'period': '', 'summary': ''}",,,,Hybrid,"Tempe, Arizona",Tempe,Arizona,,5241,,Actors,"[""Business Objectives"", ""Business Requirements""]","[""Business Requirements""]","[""Business Objectives""]",[],[]
425547,2026-06-01,,,https://www.brex.com/careers/8573788002?gh_jid=8573788002,Senior Technical Recruiting Manager,Actors,Senior Technical Recruiting Manager,0,Brex,False,,,,False,Associate's degree,Associate's degree,"{'min': '', 'max': '', 'currency': '', 'period': '', 'summary': ''}",,,,Hybrid,"San Francisco, California",San Francisco,California,,5241,,Actors,"[""Accounting"", ""Automation"", ""Banking"", ""Business Priorities"", ""Calibration""]","[""Accounting"", ""Automation"", ""Banking"", ""Business Priorities"", ""Calibration""]",[],[],[]
425535,2026-06-01,,,https://www.brex.com/careers/8574099002?gh_jid=8574099002,Senior Technical Recruiting Manager,Actors,Senior Technical Recruiting Manager,0,Brex,False,,,,False,Associate's degree,Associate's degree,"{'min': '', 'max': '', 'currency': '', 'period': '', 'summary': ''}",,,,Hybrid,"Washington, District of Columbia",Washington,District of Columbia,"Washington-Arlington-Alexandria, DC-VA-MD-WV",5241,,Actors,"[""Accounting"", ""Automation"", ""Banking"", ""Business Priorities"", ""Calibration""]","[""Accounting"", ""Automation"", ""Banking"", ""Business Priorities"", ""Calibration""]",[],[],[]
167391,2026-06-05,,,https://jobs.netapp.com/job/Vienna-Services-Account-Executive-%28SAE%29-US-Public-Sector-VA-22102/1397227800/,Services Account Executive (SAE) - US Public Sector,Actors,Services Account Executive - US Public Sector,0,NetApp,False,Full Time,,,False,Associate's degree,Bachelor's degree,USD 253300 - 327800 per YEAR,253300.0,327800.0,annual,Hybrid,"Fairfax County, Virginia, United States",Virginia,United States,,5241,,Actors,"[""Automation"", ""Business Transformation""]","[""Automation"", ""Business Transformation""]",[],[],[]
313307,2026-06-19,,,https://emcm.fa.us2.oraclecloud.com/?keyword=&mode=jobs&lang=en&site_number=CX_1#2349167,Shop Maintenance Supervisor,Actors,Shop Maintenance Supervisor,0,Emcm.fa.us2.oraclecloud.com,False,,,,False,High school diploma or equivalent,Associate's degree,"{'min': '', 'max': '', 'currency': '', 'period': '', 'summary': ''}",,,,On-site,"Sparks, Nevada",Sparks,Nevada,,5241,,Actors,,,,,
100647,2026-06-05,2027-06-05,365.0,https://careers.spiritaero.com/jobs/16856,Spirit Defense - Mid-Level Material Management Analyst,Actors,Spirit Defense - Mid-Level Material Management Analyst,0,Spirit AeroSystems,False,Full Time,,,False,Associate's degree,Master's degree,"MonetaryAmount, USD, {'@type': 'QuantitativeValue', 'value': 0, 'minValue': 0, 'maxValue': 0, 'unitText': 'YEAR'}",0.0,0.0,annual,On-site,"Wichita, Kansas, United States",Kansas,United States,,5241,,Actors,"[""Accounting"", ""Aviation"", ""Bargaining""]","[""Accounting"", ""Aviation"", ""Bargaining""]",[],[],[]
434025,2026-05-29,,,https://job-boards.greenhouse.io/sharkninjaoperatingllc/jobs/4683971006,Sr Financial Analyst - Commercial,Actors,Sr Financial Analyst - Commercial,0,Sharkninjaoperatingllc,False,,,,False,Associate's degree,Master's degree,"{'min': '', 'max': '', 'currency': '', 'period': '', 'summary': ''}",,,,Hybrid,"Needham, Massachusetts",Needham,Massachusetts,,5241,,Actors,"[""Accounting"", ""Ad Hoc Analysis"", ""Automation"", ""Budgeting""]","[""Accounting"", ""Ad Hoc Analysis"", ""Automation""]","[""Budgeting""]",[],[]
39132,2026-05-31,,,,"Sr Financial Analyst, AWS GTM Finance",Actors,"Sr Financial Analyst, AWS GTM Finance",0,Amazon Web Services (AWS),True,Full Time,,,False,Associate's degree,Doctoral or professional degree,,,,,Unknown,"New York, New York",New York,New York,"New York-Newark-Jersey City, NY-NJ",5241,,Actors,"[""Accounting"", ""Accruals"", ""Amazon Web Services"", ""Business Decisions"", ""Business Development"", ""Business Intelligence""]","[""Accounting"", ""Accruals"", ""Amazon Web Services"", ""Business Decisions"", ""Business Development"", ""Business Intelligence""]",[],[],[]
339635,2026-06-16,,,https://boards.greenhouse.io/6sense/jobs/7977242?gh_jid=7977242,"Sr. Director, IT and AI Transformation",Actors,"Sr. Director, IT and AI Transformation",0,6Sense,False,"Full Time, Contract",,,False,Associate's degree,Associate's degree,"{'min': '', 'max': '', 'currency': '', 'period': '', 'summary': ''}",,,,Remote,"San Francisco, California",San Francisco,California,,5241,,Actors,"[""AI Agents"", ""Asset Management"", ""Automation"", ""Business Transformation""]","[""AI Agents"", ""Asset Management"", ""Automation"", ""Business Transformation""]",[],[],[]
391732,2026-06-08,,,https://job-boards.greenhouse.io/smartsheet/jobs/7991550,"Sr. Director, Pricing & Packaging",Actors,"Sr. Director, Pricing & Packaging",0,Smartsheet,False,"Full Time, Contract",,,False,Associate's degree,Associate's degree,"{'min': '', 'max': '', 'currency': '', 'period': '', 'summary': ''}",,,,Hybrid,"Bellevue, Washington",Bellevue,Washington,,5241,,Actors,"[""AI Agents"", ""Analytics"", ""Benchmarking""]","[""AI Agents"", ""Analytics"", ""Benchmarking""]",[],[],[]
317139,2026-06-18,,,https://job-boards.greenhouse.io/hasbro/jobs/4278613009,"Sr. Producer, Digital Licensing (Console & PC Gaming)",Actors,"Sr. Producer, Digital Licensing",0,Hasbro,False,,,,False,Postsecondary nondegree award,Associate's degree,"{'min': '', 'max': '', 'currency': '', 'period': '', 'summary': ''}",,,,On-site,"Washington, District of Columbia",Washington,District of Columbia,"Washington-Arlington-Alexandria, DC-VA-MD-WV",5241,,Actors,,,,,
455862,2026-02-27,,,https://account.amazon.com/jobs/3191630/apply,"Sr. Tax Analyst, State and Local Income Tax Compliance",Actors,"Sr. Tax Analyst, State and Local Income Tax Compliance",0,Amazon,False,Full Time,,,False,Associate's degree,Associate's degree,"{'min': '', 'max': '', 'currency': '', 'period': '', 'summary': ''}",,,,Unknown,"Seattle, Washington",Seattle,Washington,,5241,,Actors,"[""Accounting"", ""Accruals"", ""Alteryx"", ""Automation""]","[""Accounting"", ""Accruals"", ""Alteryx"", ""Automation""]",[],[],[]
249279,2026-06-25,,,https://job-boards.greenhouse.io/grvty/jobs/4291333009,Staff Accountant,Actors,Staff Accountant,0,Grvty,False,,,,False,Postsecondary nondegree award,Bachelor's degree,"{'min': '', 'max': '', 'currency': '', 'period': '', 'summary': ''}",,,,Unknown,"McLean, Virginia",McLean,Virginia,"Washington-Arlington-Alexandria, DC-VA-MD-WV",5241,,Actors,"[""Accounting"", ""Accruals"", ""Ad Hoc Reporting"", ""Bank Statements"", ""Banking""]","[""Accounting"", ""Accruals"", ""Ad Hoc Reporting"", ""Bank Statements"", ""Banking""]",[],[],[]
425978,2026-06-01,,,https://boards.greenhouse.io/6sense/jobs/7576119?gh_jid=7576119,Strategic Account Executive,Actors,Strategic Account Executive,0,6Sense,False,Full Time,,,False,Associate's degree,Bachelor's degree,"{'min': '', 'max': '', 'currency': '', 'period': '', 'summary': ''}",,,,Remote,Remote,,Remote,,5241,,Actors,,,,,
401088,2026-06-05,,,https://job-boards.greenhouse.io/sayari/jobs/4241998009,Strategic Account Executive - Tier 1 Banking & Insurance,Actors,Strategic Account Executive - Tier 1 Banking & Insurance,0,Sayari,False,,,,False,Associate's degree,Associate's degree,"{'min': '', 'max': '', 'currency': '', 'period': '', 'summary': ''}",,,,Unknown,United States,,,,5241,,Actors,"[""Account Management"", ""Advocacy"", ""Banking"", ""Business Development""]","[""Account Management"", ""Banking"", ""Business Development""]","[""Advocacy""]",[],[]
383745,2026-06-09,,,https://www.simplepractice.com/careers/roles/6017246004?gh_jid=6017246004,Strategic Finance Associate,Actors,Strategic Finance Associate,0,Simplepractice55,False,,,,False,Associate's degree,Master's degree,"{'min': '', 'max': '', 'currency': '', 'period': '', 'summary': ''}",,,,Unknown,United States,,,,5241,,Actors,"[""Accounting"", ""Analytical Skills"", ""Anaplan"", ""Banking"", ""Business Acumen"", ""Business Administration"", ""Business Intelligence"", ""Business Partnering"", ""Capital Allocation""]","[""Accounting"", ""Anaplan"", ""Banking"", ""Business Intelligence"", ""Business Partnering"", ""Capital Allocation""]","[""Analytical Skills"", ""Business Acumen"", ""Business Administration""]",[],[]
369118,2026-06-11,,,https://www.nexhealth.com/careers/open-positions?gh_jid=6015401004,Strategic Finance Associate,Actors,Strategic Finance Associate,0,Nexhealth,False,,,,False,Associate's degree,Associate's degree,"{'min': '', 'max': '', 'currency': '', 'period': '', 'summary': ''}",,,,Unknown,United States,,,,5241,,Actors,"[""Analytics"", ""Banking"", ""Budgeting"", ""Business Partnering""]","[""Analytics"", ""Banking"", ""Business Partnering""]","[""Budgeting""]",[],[]
279768,2026-06-23,,,https://jobs.ashbyhq.com/ambiencehealthcare/77428e13-eb22-4548-8bf9-16b503062973/application,Strategic Finance Lead,Actors,Strategic Finance Lead,0,Ambiencehealthcare,False,Full Time,,,False,Associate's degree,Associate's degree,"{'min': '', 'max': '', 'currency': '', 'period': '', 'summary': ''}",,,,Remote,Remote,,Remote,,5241,,Actors,"[""Accountability"", ""Accounting"", ""Automation"", ""Banking"", ""Budgeting""]","[""Accounting"", ""Automation"", ""Banking""]","[""Accountability"", ""Budgeting""]",[],[]
245549,2026-06-25,,,https://boards.greenhouse.io/crunchyroll/jobs/8029619?gh_jid=8029619,Strategic Operations Senior Manager,Actors,Strategic Operations Senior Manager,0,Crunchyroll,False,,,,False,Associate's degree,Master's degree,"{'min': '', 'max': '', 'currency': '', 'period': '', 'summary': ''}",,,,Hybrid,"Los Angeles, California",Los Angeles,California,,5241,,Actors,"[""Accountability"", ""Anime"", ""Business Transformation""]","[""Anime"", ""Business Transformation""]","[""Accountability""]",[],[]
235337,2026-06-26,,,https://careers-framatome.icims.com/jobs/3160/supply-chain-manager-i%26c-procurement/job?in_iframe=1,Supply Chain Manager-I&C Procurement,Actors,Supply Chain Manager-I&C Procurement,0,Framatome,False,Full Time,,,False,Postsecondary nondegree award,Bachelor's degree,"{'min': '', 'max': '', 'currency': '', 'period': '', 'summary': ''}",,,,Unknown,"Lynchburg, Virginia",Lynchburg,Virginia,,5241,,Actors,"[""Accounting"", ""Business Acumen""]","[""Accounting""]","[""Business Acumen""]",[],[]
96301,2026-06-05,,,https://workforcenow.adp.com/mascsr/default/mdf/recruitment/recruitment.html?cid=52665e79-34fd-47dd-930f-349a6cc42ec0&jobId=573253,Surgical Technologist (Centralia),Actors,Surgical Technologist,0,Olympia Orthopaedic Associates,False,Full Time,,,False,Postsecondary nondegree award,Associate's degree,USD 30.24 - 48.96 per HOUR,30.24,48.96,hourly,Unknown,"Centralia, Washington, United States",Washington,United States,,5241,,Actors,,,,,
361340,2026-06-12,,,https://jobs.smartrecruiters.com/Versant3/744000131965702-technology-editor-cnbc?oga=true,"Technology Editor, CNBC",Actors,"Technology Editor, CNBC",0,Versant3,False,Full Time,,,False,Associate's degree,Master's degree,"{'min': '', 'max': '', 'currency': '', 'period': '', 'summary': ''}",,,,On-site,"San Francisco, California",San Francisco,California,,5241,,Actors,"[""Amazon Alexa""]","[""Amazon Alexa""]",[],[],[]
361320,2026-06-12,,,https://treasuryspring.recruitee.com/o/us-marketing-lead/c/new,US Marketing Lead,Actors,US Marketing Lead,0,TreasurySpring,False,Full Time,,,False,Associate's degree,Associate's degree,"{'min': '', 'max': '', 'currency': '', 'period': '', 'summary': ''}",,,,Unknown,"New York, New York",New York,New York,"New York-Newark-Jersey City, NY-NJ",5241,,Actors,"[""Analytics"", ""Automation"", ""Banking"", ""Cash Management""]","[""Analytics"", ""Automation"", ""Banking"", ""Cash Management""]",[],[],[]
160484,2026-06-05,,,https://tranetechnologies.wd12.myworkdayjobs.com/Trane_Technologies_Careers/job/La-Crosse-Wisconsin/Unit-Controls-Product-Technical-Lead---Airside_JR-7023-1,Unit Controls Product Technical Lead - Airside,Actors,Unit Controls Product Technical Lead - Airside,0,Trane Italia,False,Full Time,,,False,Associate's degree,Master's degree,USD 97406.66 - 135834.99 per YEAR,97406.66,135834.99,annual,On-site,"Saint Paul, Minnesota, United States, La Crosse, Wisconsin, United States",Wisconsin,United States,,5241,,Actors,"[""Advanced Analytics"", ""Analytics"", ""Application Development"", ""Bargaining"", ""Business Alignment"", ""Business Objectives""]","[""Advanced Analytics"", ""Analytics"", ""Application Development"", ""Bargaining"", ""Business Alignment""]","[""Business Objectives""]",[],[]
264967,2026-06-24,,,https://www.taboola.com/careers/job/7863885?gh_jid=7863885,VP - Global Sales Strategy,Actors,VP - Global Sales Strategy,0,Taboola,False,,,,False,Associate's degree,Master's degree,"{'min': '', 'max': '', 'currency': '', 'period': '', 'summary': ''}",,,,Hybrid,"New York, New York",New York,New York,"New York-Newark-Jersey City, NY-NJ",5241,,Actors,"[""Accountability"", ""Algorithms"", ""Analytical Skills"", ""Analytics"", ""Business Priorities"", ""Cascading""]","[""Algorithms"", ""Analytics"", ""Business Priorities"", ""Cascading""]","[""Accountability"", ""Analytical Skills""]",[],[]
197303,2026-06-04,,,https://boards.greenhouse.io/geniussports/jobs/7763502003?gh_jid=7763502003,"VP, Business Technology",Actors,"VP, Business Technology",0,Genius Sports,False,"Full Time, Contract",,,False,Associate's degree,Associate's degree,,,,,Hybrid,"New York, New York, United States",New York,United States,,5241,,Actors,"[""Access Controls"", ""Accountability"", ""Active Directory"", ""Analytics"", ""Automation"", ""Business Requirements"", ""Business Systems""]","[""Access Controls"", ""Active Directory"", ""Analytics"", ""Automation"", ""Business Requirements"", ""Business Systems""]","[""Accountability""]",[],[]
393138,2026-06-08,,,https://job-boards.greenhouse.io/sharkninjaoperatingllc/jobs/4686873006,"VP, Ecommerce - LATAM Pure Players",Actors,"VP, Ecommerce - LATAM Pure Players",0,Sharkninjaoperatingllc,False,,,,False,Associate's degree,Master's degree,"{'min': '', 'max': '', 'currency': '', 'period': '', 'summary': ''}",,,,Remote,"Florida, ; Remote",Florida,; Remote,,5241,,Actors,"[""Accountability"", ""Analytics"", ""Brand Strategy"", ""Business Development"", ""Business Planning""]","[""Analytics"", ""Brand Strategy"", ""Business Development"", ""Business Planning""]","[""Accountability""]",[],[]
433943,2026-05-29,,,https://boards.greenhouse.io/crunchyroll/jobs/7962019?gh_jid=7962019,"VP, GTM, UCANZ",Actors,"VP, GTM, UCANZ",0,Crunchyroll,False,,,,False,Associate's degree,Associate's degree,"{'min': '', 'max': '', 'currency': '', 'period': '', 'summary': ''}",,,,Hybrid,"Los Angeles, California",Los Angeles,California,,5241,,Actors,"[""Accountability"", ""Analytics"", ""Anime"", ""Business Decisions""]","[""Analytics"", ""Anime"", ""Business Decisions""]","[""Accountability""]",[],[]
338675,2026-06-16,,,https://jobs.smartrecruiters.com/ServiceNow/744000132486274-vp-hr-global-finance-strategy?oga=true,"VP, HR - Global Finance & Strategy",Actors,"VP, HR - Global Finance & Strategy",0,Servicenow,False,"Full Time, Contract",,,False,Associate's degree,Associate's degree,"{'min': '', 'max': '', 'currency': '', 'period': '', 'summary': ''}",,,,Remote,"Santa Clara, California",Santa Clara,California,,5241,,Actors,"[""Adaptability"", ""Business Decisions""]","[""Business Decisions""]","[""Adaptability""]",[],[]
201192,2026-06-04,,,https://pubmatic.com/job/?gh_jid=5248288008,"Vice President, North America Marketing",Actors,"Vice President, North America Marketing",0,PubMatic,False,,,,False,Associate's degree,Master's degree,$325k - $350k per year,325000.0,350000.0,annual,Hybrid,"New York, US",New York,US,,5241,,Actors,"[""Account-Based Marketing"", ""Accountability"", ""Analytics"", ""Automation"", ""Campaign Management""]","[""Account-Based Marketing"", ""Analytics"", ""Automation"", ""Campaign Management""]","[""Accountability""]",[],[]
361302,2026-06-12,,,https://job-boards.greenhouse.io/huddleup/jobs/5839934004,Virtual Occupational Therapist (OT),Actors,Virtual Occupational Therapist,0,Huddleup,False,Full Time,,,False,Associate's degree,Doctoral or professional degree,"{'min': '', 'max': '', 'currency': '', 'period': '', 'summary': ''}",,,,Remote,"Remote, Nationwide",Remote,Nationwide,,5241,,Actors,"[""Billing""]","[""Billing""]",[],[],[]
119437,2026-06-05,,,https://jobs.dayforcehcm.com/en-US/lansing/INDEEDSPONSOREDJOBS/jobs/13776,Warehouse Associate,Actors,Warehouse Associate,0,Lansing Building Products,False,Full Time,,,False,Associate's degree,Master's degree,,,,,Unknown,"Nashua, New Hampshire, United States",New Hampshire,United States,,5241,,Actors,,,,,
163437,2026-06-05,2026-07-05,30.0,https://www.paycomonline.net/v4/ats/web.php/portal/4771DD00154D7D51EE578D0426221138/jobs/254713,"Director, Human Resources",Actuaries,"Director, Human Resources",0,Veterans Of Foreign Wars (VFW),False,Full Time,,,False,Associate's degree,Master's degree,USD 96465 - 123000 per YEAR,96465.0,123000.0,annual,Remote,"Kansas City, Missouri, United States",Missouri,United States,,5241,,Actuaries,"[""Accountability"", ""Advocacy"", ""Analytics"", ""Benefits Administration"", ""Business Administration"", ""Business Continuity"", ""Career Development"", ""Certified Compensation Professional""]","[""Analytics"", ""Benefits Administration"", ""Business Continuity"", ""Career Development""]","[""Accountability"", ""Advocacy"", ""Business Administration""]",[],"[""Certified Compensation Professional""]"
279675,2026-06-23,,,https://www.welcometothejungle.com/en/companies/uvg0Ux/jobs/solutions-architect-pre-sales_new-york,Solutions Architect - Pre Sales,Actuaries,Solutions Architect - Pre Sales,0,Hyperexponential,False,Full Time,,,False,Associate's degree,Associate's degree,"USD 139,500 - 160,500 Yearly",139500.0,160500.0,annual,Unknown,"New York, New York",New York,New York,"New York-Newark-Jersey City, NY-NJ",5241,,Actuaries,,,,,
391881,2026-06-08,,,https://epicgames.com/careers/jobs/5993481004?gh_jid=5993481004,Cinematics Director,Art Directors,Cinematics Director,0,Epicgames,False,,,,False,Associate's degree,Associate's degree,"{'min': '', 'max': '', 'currency': '', 'period': '', 'summary': ''}",,,,Unknown,"Cary, North Carolina",Cary,North Carolina,,5241,,Art Directors,"[""Architectural Design"", ""Art Direction"", ""Brainstorming""]","[""Architectural Design"", ""Art Direction""]","[""Brainstorming""]",[],[]
325925,2026-06-18,,,https://apply.workable.com/j/4CF6AA02E8/apply,"Associate Director, Media","Associate Director, Media","Associate Director, Media",0,Spindrift,False,Full Time,,,False,Associate's degree,Master's degree,"{'min': '', 'max': '', 'currency': '', 'period': '', 'summary': ''}",,,,Hybrid,"Newton, Massachusetts",Newton,Massachusetts,,5241,,Models,"[""Accountability"", ""Agency Management"", ""Analytics"", ""Brand Management"", ""Business Objectives"", ""Business Priorities""]","[""Agency Management"", ""Analytics"", ""Brand Management"", ""Business Priorities""]","[""Accountability"", ""Business Objectives""]",[],[]
370585,2026-06-11,,,https://job-boards.greenhouse.io/zetaglobal/jobs/6018655004,"Associate Vice President, Paid Search - EDU","Associate Vice President, Paid Search - EDU","Associate Vice President, Paid Search - EDU",0,Zetaglobal,False,,,,False,Associate's degree,Associate's degree,"{'min': '', 'max': '', 'currency': '', 'period': '', 'summary': ''}",,,,Remote,Remote,,Remote,,5241,,Models,"[""Accountability"", ""Analytics"", ""Artificial Intelligence"", ""Automation"", ""Bidding"", ""Capacity Planning""]","[""Analytics"", ""Artificial Intelligence"", ""Automation"", ""Bidding"", ""Capacity Planning""]","[""Accountability""]",[],[]
372283,2026-06-11,,,https://usm.csod.com/ux/ats/careersite/1/job/5386?c=usm,Assistant Athletic Trainer (Indoor/Beach Volleyball),Athletic Trainers,Assistant Athletic Trainer,0,University Of Southern Mississippi,False,Full Time,,,False,Associate's degree,Associate's degree,"{'min': '', 'max': '', 'currency': '', 'period': '', 'summary': ''}",,,,Unknown,"Hattiesburg, Mississippi",Hattiesburg,Mississippi,,5241,,Athletic Trainers,"[""Athletic Training"", ""Athletics""]","[""Athletic Training"", ""Athletics""]",[],[],[]
356944,2026-06-15,,,https://apply.workable.com/j/C8C2A10563/apply,"Clinical Audiologist - Alexandria, LA - (2 days/week)",Audiologists,"Clinical Audiologist - Alexandria, LA",0,Commonwealth-Medical-Services,False,"Part Time, Contract",,,False,Doctoral or professional degree,Doctoral or professional degree,"{'min': '', 'max': '', 'currency': '', 'period': '', 'summary': ''}",,,,On-site,"Alexandria, Louisiana",Alexandria,Louisiana,,5241,,Audiologists,"[""Billing"", ""Calculations""]","[""Billing"", ""Calculations""]",[],[],[]
406001,2026-06-05,,,https://apply.workable.com/j/65D2CD06D0/apply,"Clinical Audiologist - Anchorage, AK - - PRN",Audiologists,"Clinical Audiologist - Anchorage, AK - - PRN",0,Commonwealth-Medical-Services,False,"Part Time, Contract",,,False,Doctoral or professional degree,Doctoral or professional degree,"{'min': '', 'max': '', 'currency': '', 'period': '', 'summary': ''}",,,,On-site,"Anchorage, Alaska",Anchorage,Alaska,,5241,,Audiologists,"[""Billing"", ""Calculations""]","[""Billing"", ""Calculations""]",[],[],[]
92488,2026-06-05,,,https://jobs.workable.com/view/2WSv82GHY4jX2LhNhe18cR/clinical-audiologist---anchorage%2C-ak---part-time---prn-in-anchorage-at-commonwealth-medical-services,"Clinical Audiologist - Anchorage, AK - Part Time - PRN",Audiologists,"Clinical Audiologist - Anchorage, AK - - PRN",0,Commonwealth Medical Services,False,"Part Time, Contract",,,False,Doctoral or professional degree,Doctoral or professional degree,USD 450 - 550 per DAY,450.0,550.0,,On-site,"Anchorage, Alaska, United States",Alaska,United States,,5241,,Audiologists,"[""Billing"", ""Calculations""]","[""Billing"", ""Calculations""]",[],[],[]
79102,2026-06-04,,,https://recruiting.paylocity.com/Recruiting/Jobs/Details/4226655,Automotive Sales Consultant - Nissan,Automotive Sales Consultant - Nissan,Automotive Sales Consultant - Nissan,0,Kunes Auto And RV Group,False,Contract,,,False,High school diploma or equivalent,High school diploma or equivalent,USD 60000 - 90000 per YEAR,60000.0,90000.0,annual,Unknown,"Davenport, Iowa, United States",Iowa,United States,,5241,,Models,"[""Automotive Sales""]","[""Automotive Sales""]",[],[],[]
414928,2026-06-03,,,https://www.welcometothejungle.com/en/companies/8ErGfk/jobs/bdr-manager_new-york_bdz4psee,BDR Manager,BDR Manager,BDR Manager,0,Tabs,False,Full Time,,,False,Associate's degree,Associate's degree,"USD 140,000 - 160,000 Yearly",140000.0,160000.0,annual,Unknown,"New York, New York",New York,New York,"New York-Newark-Jersey City, NY-NJ",5241,,Models,"[""Business Development""]","[""Business Development""]",[],[],[]
121734,2026-06-05,,,https://recruiting.paylocity.com/Recruiting/Jobs/Details/3949700,Bartender - Wyndham Bloomington MOA,Bartenders,Bartender - Wyndham Bloomington MOA,0,My Place Hotels Of America,False,Full Time,,,False,Associate's degree,Associate's degree,USD 13 per HOUR,13.0,13.0,hourly,Unknown,"Bloomington, Minnesota, United States",Minnesota,United States,,5241,,Bartenders,,,,,
259480,2026-06-25,,,https://edmn.fa.us2.oraclecloud.com/?keyword=&mode=jobs&lang=en&site_number=CX_1#85933,Cocktail Server - Steady Extra (The Linq Hotel),Bartenders,Cocktail Server - Steady Extra,0,Edmn.fa.us2.oraclecloud.com,False,,,,False,Associate's degree,Associate's degree,"{'min': '', 'max': '', 'currency': '', 'period': '', 'summary': ''}",,,,Unknown,"Las Vegas, Nevada",Las Vegas,Nevada,,5241,,Bartenders,,,,,
410813,2026-06-04,,,https://edmn.fa.us2.oraclecloud.com/?keyword=&mode=jobs&lang=en&site_number=CX_1#85193,Cocktail Server - X Bar - Steady Extra (Flamingo LV),Bartenders,Cocktail Server - X Bar - Steady Extra,0,Edmn.fa.us2.oraclecloud.com,False,,,,False,Associate's degree,Associate's degree,"{'min': '', 'max': '', 'currency': '', 'period': '', 'summary': ''}",,,,Unknown,"Las Vegas, Nevada",Las Vegas,Nevada,,5241,,Bartenders,,,,,
102267,2026-06-05,,,https://myjobs.adp.com/schultehotelcareers/cx/job-details?reqId=5001203842006,Experienced Bartenders Needed - Doc Crow's Indianapolis,Bartenders,Experienced Bartenders Needed - Doc Crow's Indianapolis,0,Schulte Hospitality Group,False,Part Time,,,False,High school diploma or equivalent,Associate's degree,,,,,Unknown,"Indianapolis, Indiana, United States",Indiana,United States,,5241,,Bartenders,,,,,
256274,2026-06-25,,,https://account.amazon.jobs/jobs/10459200/apply,"Brand Media Lead, Ring & Blink","Brand Media Lead, Ring & Blink","Brand Media Lead, Ring & Blink",0,Amazon,False,Full Time,,,False,Associate's degree,Associate's degree,"{'min': '', 'max': '', 'currency': '', 'period': '', 'summary': ''}",,,,Unknown,"Hawthorne, California",Hawthorne,California,,5241,,Models,"[""Analytics"", ""Anomaly Detection"", ""Business Decisions"", ""Business Planning""]","[""Analytics"", ""Anomaly Detection"", ""Business Decisions"", ""Business Planning""]",[],[],[]
155464,2026-06-05,,,https://jobs.ashbyhq.com/mercor/1016f448-d1b5-41a0-8671-f0903550190b,Brand/Visual Designer,Brand/Visual Designer,Brand/Visual Designer,0,Mercor,False,Full Time,,,False,Associate's degree,Associate's degree,USD 150000 - 250000 per YEAR,150000.0,250000.0,annual,On-site,"San Francisco, California, United States",California,United States,,5241,,Models,"[""Brand Identity""]","[""Brand Identity""]",[],[],[]
307271,2026-06-20,,,https://www.welcometothejungle.com/en/companies/u8f5Po/jobs/business-development-director-emerging-segments_new-york_hawk56ei,Business Development Director (Emerging Segments),Business Development Director,Business Development Director,0,Mastercard,False,Full Time,,,False,Associate's degree,Associate's degree,"USD 190,000 - 304,000 Yearly",190000.0,304000.0,annual,Remote,"New York, New York",New York,New York,"New York-Newark-Jersey City, NY-NJ",5241,,Models,"[""Business Case"", ""Business Development""]","[""Business Case"", ""Business Development""]",[],[],[]
351677,2026-06-15,,,https://account.amazon.jobs/jobs/10449629/apply,"Sr Business Intelligence Engineer, Amazon Global Data Center Ops Central Insight and Analytics Team",Business Intelligence Analysts,"Sr Business Intelligence Engineer, Amazon Global Data Center Ops Central Insight and Analytics Team",1,Amazon,False,Full Time,,,False,Associate's degree,Associate's degree,"{'min': '', 'max': '', 'currency': '', 'period': '', 'summary': ''}",,,,Unknown,"Washington, District of Columbia",Washington,District of Columbia,"Washington-Arlington-Alexandria, DC-VA-MD-WV",5241,,Business Intelligence Analysts,"[""Analytics"", ""Auditing"", ""Business Intelligence""]","[""Analytics"", ""Auditing"", ""Business Intelligence""]",[],[],[]
281283,2026-06-23,,,https://job-boards.greenhouse.io/apolloio/jobs/6009889004,Business Recruiter,Business Recruiter,Business Recruiter,0,Apolloio,False,,,,False,Associate's degree,Doctoral or professional degree,"{'min': '', 'max': '', 'currency': '', 'period': '', 'summary': ''}",,,,Remote,"Remote, (Eastern Timezone)",Remote,(Eastern Timezone),,5241,,Models,"[""Automation""]","[""Automation""]",[],[],[]
89151,2026-06-05,,,https://recruiting.paylocity.com/Recruiting/Jobs/Details/4229343,4p-12am Fuel Desk Cashier/ Janitor,Cashiers,4p-12am Fuel Desk Cashier/ Janitor,0,Joplin 44 Petro,False,Full Time,,,False,Associate's degree,Associate's degree,USD 15 per HOUR,15.0,15.0,hourly,Remote,"Joplin, Missouri, United States",Missouri,United States,,5241,,Cashiers,,,,,
340363,2026-06-16,,,https://careers-propark.icims.com/jobs/10179/assistant-account-manager---parking-operations/job?in_iframe=1,Assistant Account Manager - Parking Operations,Cashiers,Assistant Account Manager - Parking Operations,0,Propark,False,"Full Time, Part Time, Temporary",,,False,Associate's degree,Associate's degree,"{'min': '', 'max': '', 'currency': '', 'period': '', 'summary': ''}",,,,Unknown,"Houston, Texas",Houston,Texas,,5241,,Cashiers,"[""Cash Receipts""]","[""Cash Receipts""]",[],[],[]
281597,2026-06-23,,,https://jobs.lever.co/jobgether/7b0656be-e10a-4d78-9231-3159525036f6/apply,Chief Development Officer,Chief Development Officer,Chief Development Officer,0,Jobgether,False,Full Time,,,False,Postsecondary nondegree award,Bachelor's degree,"{'min': '', 'max': '', 'currency': '', 'period': '', 'summary': ''}",,,,Remote,US,,,,5241,,Models,"[""Accountability"", ""Budgeting"", ""Business Acumen""]",[],"[""Accountability"", ""Budgeting"", ""Business Acumen""]",[],[]
326334,2026-06-18,,,https://apply.workable.com/j/F4AD838B2A/apply,"Cleaner - Conroe, TX - Artavia 55'","Cleaner - Conroe, TX - Artavia 55'","Cleaner - Conroe, TX - Artavia 55'",0,Perryhomes,False,Full Time,,,False,Associate's degree,Associate's degree,"{'min': '', 'max': '', 'currency': '', 'period': '', 'summary': ''}",,,,Unknown,"Conroe, Texas",Conroe,Texas,,5241,,Models,,,,,
376451,2026-06-10,,,https://job-boards.greenhouse.io/affirm/jobs/7764035003,"Analyst II, Full Stack (Credit Analytics)",Clinical Data Managers,"Analyst II, Full Stack",0,Affirm,False,,,,False,Associate's degree,Associate's degree,"{'min': '', 'max': '', 'currency': '', 'period': '', 'summary': ''}",,,,Remote,Remote,,Remote,,5241,,Clinical Data Managers,"[""Advanced Analytics"", ""Analytics"", ""Business Objectives"", ""Capital Markets""]","[""Advanced Analytics"", ""Analytics"", ""Capital Markets""]","[""Business Objectives""]",[],[]
206952,2026-05-27,,,https://abrdn.wd3.myworkdayjobs.com/abrdn/job/New-York/Junior-Analyst---Alternatives-Investment-Risk_R0073849,Junior Analyst - Alternatives Investment Risk,Clinical Data Managers,Junior Analyst - Alternatives Investment Risk,0,Abrdn,False,Full Time,,,False,Associate's degree,Bachelor's degree,$85k - $100k per year,85000.0,100000.0,annual,Unknown,"New York, New York",New York,New York,"New York-Newark-Jersey City, NY-NJ",5241,,Clinical Data Managers,"[""Alternative Investment Strategies"", ""Analytical Skills"", ""Analytics"", ""Asset Classes"", ""Asset Management""]","[""Alternative Investment Strategies"", ""Analytics"", ""Asset Classes"", ""Asset Management""]","[""Analytical Skills""]",[],[]
79303,2026-06-04,,,https://job-boards.greenhouse.io/ethoslife/jobs/8579374002,Principal Analyst,Clinical Data Managers,Principal Analyst,0,Ethos,False,Full Time,,,False,Associate's degree,Associate's degree,USD 127000 - 224000 per YEAR,127000.0,224000.0,annual,Remote,United States,,,,5241,,Clinical Data Managers,"[""Agility"", ""Analytics"", ""Annuities"", ""Banking"", ""Business Intelligence"", ""Business Logic"", ""Calculations""]","[""Agility"", ""Analytics"", ""Annuities"", ""Banking"", ""Business Intelligence"", ""Business Logic"", ""Calculations""]",[],[],[]
406574,2026-06-04,,,https://job-boards.greenhouse.io/ethoslife/jobs/8579374002,Principal Analyst,Clinical Data Managers,Principal Analyst,0,Ethoslife,False,Full Time,,,False,Associate's degree,Associate's degree,"{'min': '', 'max': '', 'currency': '', 'period': '', 'summary': ''}",,,,Remote,Remote,,Remote,,5241,,Clinical Data Managers,"[""Agility"", ""Analytics"", ""Annuities"", ""Banking"", ""Business Intelligence"", ""Business Logic"", ""Calculations""]","[""Agility"", ""Analytics"", ""Annuities"", ""Banking"", ""Business Intelligence"", ""Business Logic"", ""Calculations""]",[],[],[]
326946,2026-06-17,,,https://jobs.smartrecruiters.com/QADInc/744000132718149-commercial-director-adaptive-erp?oga=true,"Commercial Director, Adaptive ERP","Commercial Director, Adaptive ERP","Commercial Director, Adaptive ERP",0,Qadinc,False,Contract,,,False,Associate's degree,Master's degree,"{'min': '', 'max': '', 'currency': '', 'period': '', 'summary': ''}",,,,Remote,"Chicago, Illinois",Chicago,Illinois,,5241,,Models,"[""Accountability"", ""Acting"", ""Agentic AI"", ""Business Intelligence""]","[""Acting"", ""Agentic AI"", ""Business Intelligence""]","[""Accountability""]",[],[]
327627,2026-06-17,,,https://ats.rippling.com/natureservecareers/jobs/6fa07b09-09ba-40da-b4b5-c15ec0d87977,Annual Fund & Database Manager,Conservation Scientists,Annual Fund & Database Manager,1,Natureservecareers,False,Full Time,,,False,Associate's degree,Bachelor's degree,"{'min': '', 'max': '', 'currency': '', 'period': '', 'summary': ''}",,,,Remote,Remote (),,Remote (),,5241,,Conservation Scientists,"[""Annual Reports"", ""Appeals"", ""Biodiversity""]","[""Annual Reports"", ""Appeals"", ""Biodiversity""]",[],[],[]
139194,2026-06-05,,,https://fa-ewmy-saasfaprod1.fa.ocs.oraclecloud.com/hcmUI/CandidateExperience/en/sites/CX_1/job/3949,"AVP, Product Management- Personal Lines Property Underwriting Intelligence",Construction Managers,"AVP, Product Management- Personal Lines Property Underwriting Intelligence",0,Verisk,False,Full Time,,,False,Associate's degree,Associate's degree,USD 175000 - 210000 per YEAR,175000.0,210000.0,annual,Unknown,"Jersey City, New Jersey, United States",New Jersey,United States,,5241,,Construction Managers,"[""Analytics"", ""Annuities"", ""Automation"", ""Big Data""]","[""Analytics"", ""Annuities"", ""Automation"", ""Big Data""]",[],[],[]
88674,2026-06-05,,,https://fa-ewmy-saasfaprod1.fa.ocs.oraclecloud.com/hcmUI/CandidateExperience/en/sites/CX/job/4028,BI Developer,Construction Managers,BI Developer,0,Verisk,False,Full Time,,,False,Associate's degree,Associate's degree,,,,,Unknown,"Bradenton, Florida, United States",Florida,United States,,5241,,Construction Managers,"[""Analytics"", ""Annuities"", ""Automation"", ""Big Data"", ""Business Reporting""]","[""Analytics"", ""Annuities"", ""Automation"", ""Big Data"", ""Business Reporting""]",[],[],[]
356741,2026-06-15,,,https://apply.workable.com/j/6E74C3C32E/apply,Electrical General Foreman,Construction Managers,Electrical General Foreman,0,Itac-1,False,Full Time,,,False,Associate's degree,Associate's degree,"{'min': '', 'max': '', 'currency': '', 'period': '', 'summary': ''}",,,,Unknown,"Norfolk, Virginia",Norfolk,Virginia,,5241,,Construction Managers,,,,,
357055,2026-06-15,,,https://apply.workable.com/j/F993C780BD/apply,Electrical General Foreman,Construction Managers,Electrical General Foreman,0,Itac-1,False,Full Time,,,False,Associate's degree,Associate's degree,"{'min': '', 'max': '', 'currency': '', 'period': '', 'summary': ''}",,,,Unknown,"Chester, Virginia",Chester,Virginia,,5241,,Construction Managers,,,,,
356490,2026-06-15,,,https://apply.workable.com/j/051EC541AD/apply,Electrical Superintendent,Construction Managers,Electrical Superintendent,0,Itac-1,False,,,,False,Associate's degree,Associate's degree,"{'min': '', 'max': '', 'currency': '', 'period': '', 'summary': ''}",,,,Unknown,"Chester, Virginia",Chester,Virginia,,5241,,Construction Managers,,,,,
356713,2026-06-15,,,https://apply.workable.com/j/6377C575C9/apply,Electrical Superintendent,Construction Managers,Electrical Superintendent,0,Itac-1,False,,,,False,Associate's degree,Associate's degree,"{'min': '', 'max': '', 'currency': '', 'period': '', 'summary': ''}",,,,Unknown,"Norfolk, Virginia",Norfolk,Virginia,,5241,,Construction Managers,,,,,
356544,2026-06-15,,,https://apply.workable.com/j/18350857E8/apply,Estimating Analyst,Construction Managers,Estimating Analyst,0,Perryhomes,False,Full Time,,,False,High school diploma or equivalent,Master's degree,"{'min': '', 'max': '', 'currency': '', 'period': '', 'summary': ''}",,,,Hybrid,"Houston, Texas",Houston,Texas,,5241,,Construction Managers,"[""Analytics""]","[""Analytics""]",[],[],[]
84120,2026-06-04,,,https://job-boards.greenhouse.io/vscfiresecurityinc/jobs/5248564008,Fire Sprinkler Fitter,Construction Managers,Fire Sprinkler Fitter,0,"VSC Fire & Security, Inc.",False,Full Time,,,False,Postsecondary nondegree award,Associate's degree,USD 19 - 29 per HOUR,19.0,29.0,hourly,Unknown,"Charlotte, North Carolina, United States",North Carolina,United States,,5241,,Construction Managers,,,,,
406726,2026-06-04,,,https://job-boards.greenhouse.io/vscfiresecurityinc/jobs/5248564008,Fire Sprinkler Fitter,Construction Managers,Fire Sprinkler Fitter,0,Vscfiresecurityinc,False,Full Time,,,False,Postsecondary nondegree award,Associate's degree,"{'min': '', 'max': '', 'currency': '', 'period': '', 'summary': ''}",,,,Unknown,"Charlotte, North Carolina",Charlotte,North Carolina,,5241,,Construction Managers,,,,,
426614,2026-06-01,,,https://job-boards.greenhouse.io/vscfiresecurityinc/jobs/5237244008,Fire Sprinkler Fitter,Construction Managers,Fire Sprinkler Fitter,0,Vscfiresecurityinc,False,Full Time,,,False,Postsecondary nondegree award,Associate's degree,"{'min': '', 'max': '', 'currency': '', 'period': '', 'summary': ''}",,,,Unknown,"Springfield, Virginia",Springfield,Virginia,,5241,,Construction Managers,,,,,
412952,2026-06-03,,,https://job-boards.greenhouse.io/vscfiresecurityinc/jobs/5240479008,Fire Sprinkler Fitter,Construction Managers,Fire Sprinkler Fitter,0,Vscfiresecurityinc,False,Full Time,,,False,Postsecondary nondegree award,Associate's degree,"{'min': '', 'max': '', 'currency': '', 'period': '', 'summary': ''}",,,,Unknown,"Baltimore, Maryland",Baltimore,Maryland,,5241,,Construction Managers,,,,,
361987,2026-06-12,,,https://job-boards.greenhouse.io/vscfiresecurityinc/jobs/5257039008,Fire Sprinkler Fitter,Construction Managers,Fire Sprinkler Fitter,0,Vscfiresecurityinc,False,Full Time,,,False,Postsecondary nondegree award,Associate's degree,"{'min': '', 'max': '', 'currency': '', 'period': '', 'summary': ''}",,,,Unknown,"Myrtle Beach, South Carolina",Myrtle Beach,South Carolina,,5241,,Construction Managers,,,,,
327935,2026-06-17,,,https://job-boards.greenhouse.io/vscfiresecurityinc/jobs/5267399008,Fire Sprinkler Fitter,Construction Managers,Fire Sprinkler Fitter,0,Vscfiresecurityinc,False,Full Time,,,False,Postsecondary nondegree award,Associate's degree,"{'min': '', 'max': '', 'currency': '', 'period': '', 'summary': ''}",,,,Unknown,"Austin, Texas",Austin,Texas,,5241,,Construction Managers,,,,,
317898,2026-06-18,,,https://job-boards.greenhouse.io/vscfiresecurityinc/jobs/5265438008,Fire Sprinkler Fitter,Construction Managers,Fire Sprinkler Fitter,0,Vscfiresecurityinc,False,Full Time,,,False,Postsecondary nondegree award,Associate's degree,"{'min': '', 'max': '', 'currency': '', 'period': '', 'summary': ''}",,,,Unknown,"Richmond, Virginia",Richmond,Virginia,,5241,,Construction Managers,,,,,
299087,2026-06-22,,,https://emcm.fa.us2.oraclecloud.com/?keyword=&mode=jobs&lang=en&site_number=CX_1#2348555,Laborer,Construction Managers,Laborer,0,Emcm.fa.us2.oraclecloud.com,False,,,,False,Associate's degree,Associate's degree,"{'min': '', 'max': '', 'currency': '', 'period': '', 'summary': ''}",,,,Unknown,"Mesa, Arizona",Mesa,Arizona,,5241,,Construction Managers,,,,,
380354,2026-06-10,,,https://emcm.fa.us2.oraclecloud.com/?keyword=&mode=jobs&lang=en&site_number=CX_1#2348509,"Laborer - PTO, Benefits, and More!",Construction Managers,"Laborer - PTO, Benefits, and More!",0,Emcm.fa.us2.oraclecloud.com,False,,,,False,Associate's degree,Associate's degree,"{'min': '', 'max': '', 'currency': '', 'period': '', 'summary': ''}",,,,Unknown,"Topeka, Kansas",Topeka,Kansas,,5241,,Construction Managers,,,,,
299084,2026-06-22,,,https://emcm.fa.us2.oraclecloud.com/?keyword=&mode=jobs&lang=en&site_number=CX_1#2347570,"Laborer - PTO, Benefits, and More!",Construction Managers,"Laborer - PTO, Benefits, and More!",0,Emcm.fa.us2.oraclecloud.com,False,,,,False,Associate's degree,Associate's degree,"{'min': '', 'max': '', 'currency': '', 'period': '', 'summary': ''}",,,,Unknown,"Shawnee, Kansas",Shawnee,Kansas,,5241,,Construction Managers,,,,,
422866,2026-06-02,,,https://emcm.fa.us2.oraclecloud.com/?keyword=&mode=jobs&lang=en&site_number=CX_1#2348117,Laborer Landfill,Construction Managers,Laborer Landfill,0,Emcm.fa.us2.oraclecloud.com,False,,,,False,Associate's degree,Associate's degree,"{'min': '', 'max': '', 'currency': '', 'period': '', 'summary': ''}",,,,Unknown,"Rochester, New Hampshire",Rochester,New Hampshire,,5241,,Construction Managers,,,,,
416156,2026-06-03,,,https://emcm.fa.us2.oraclecloud.com/?keyword=&mode=jobs&lang=en&site_number=CX_1#2347947,Laborer Landfill,Construction Managers,Laborer Landfill,0,Emcm.fa.us2.oraclecloud.com,False,,,,False,Associate's degree,Associate's degree,"{'min': '', 'max': '', 'currency': '', 'period': '', 'summary': ''}",,,,Unknown,"Macon, Missouri",Macon,Missouri,,5241,,Construction Managers,,,,,
406131,2026-06-05,,,https://apply.workable.com/j/B1F19AC47B/apply,New Home Starts Assistant Manager,Construction Managers,New Home Starts Assistant Manager,0,Perryhomes,False,Full Time,,,False,High school diploma or equivalent,Master's degree,"{'min': '', 'max': '', 'currency': '', 'period': '', 'summary': ''}",,,,Hybrid,"Houston, Texas",Houston,Texas,,5241,,Construction Managers,,,,,
104905,2026-06-05,,,https://unifirst.taleo.net/careersection/unf_external_simp_mob/jobdetail.ftl?job=2602748&lang=en,Professional Sales Person – UniFirst First Aid + Safety,Construction Managers,Professional Sales Person – UniFirst First Aid + Safety,0,UniFirst Corporation,False,Full Time,,,False,High school diploma or equivalent,Associate's degree,,,,,Unknown,"Stratford, Connecticut, United States",Connecticut,United States,,5241,,Construction Managers,"[""Business To Business""]","[""Business To Business""]",[],[],[]
104039,2026-06-05,,,https://ats.rippling.com/cenvarroofingandsolar/jobs/71267ae9-76df-4173-a86b-79d907e0570c,Roof Repair Mechanic Lead,Construction Managers,Roof Repair Mechanic Lead,0,Cenvar Roofing & Solar,False,Full Time,,,False,Associate's degree,Associate's degree,,,,,Unknown,"Roanoke, Virginia, United States",Virginia,United States,,5241,,Construction Managers,,,,,
140538,2026-06-05,,,https://ats.rippling.com/proformance-builder-solutions/jobs/d68bc7be-8fe8-45d7-bd06-d83af5572878,Roof Repair Technician,Construction Managers,Roof Repair Technician,0,ProFormance Builder Solutions,False,Full Time,,,False,Associate's degree,Associate's degree,USD 20 - 25 per HOUR,20.0,25.0,hourly,Unknown,"Fort Pierce, Florida, United States",Florida,United States,,5241,,Construction Managers,,,,,
382886,2026-06-10,,,https://apply.workable.com/j/760AA68344/apply,Senior Controller,Construction Managers,Senior Controller,0,Rditrials,False,"Full Time, Contract",,,False,Associate's degree,Associate's degree,"{'min': '', 'max': '', 'currency': '', 'period': '', 'summary': ''}",,,,On-site,"Van Nuys, California",Van Nuys,California,,5241,,Construction Managers,"[""Accounting"", ""Billing"", ""Bones"", ""Bookkeeping""]","[""Accounting"", ""Billing"", ""Bones"", ""Bookkeeping""]",[],[],[]
140724,2026-06-05,,,https://workforcenow.adp.com/mascsr/default/mdf/recruitment/recruitment.html?cid=f23afd98-86ab-4ab9-b047-316f03abaeb7&jobId=551950,Senior Enterprise Sales Representative,Construction Managers,Senior Enterprise Sales Representative,0,4Over,False,Full Time,,,False,Associate's degree,Associate's degree,USD 100000 - 150000 per YEAR,100000.0,150000.0,annual,Remote,"Moonachie, New Jersey, United States",New Jersey,United States,,5241,,Construction Managers,"[""Analytics"", ""Business Development""]","[""Analytics"", ""Business Development""]",[],[],[]
339326,2026-06-16,,,https://ntdmechanical.com/careers/?gh_jid=5265035008,Senior Service Coordinator,Construction Managers,Senior Service Coordinator,0,Ntd,False,Full Time,,,False,Associate's degree,Associate's degree,"{'min': '', 'max': '', 'currency': '', 'period': '', 'summary': ''}",,,,Unknown,"Garland, Texas",Garland,Texas,,5241,,Construction Managers,"[""Accountability""]",[],"[""Accountability""]",[],[]
339409,2026-06-16,,,https://job-boards.greenhouse.io/monroetractor/jobs/5264988008,Service Writer,Construction Managers,Service Writer,0,Monroetractor,False,,,,False,High school diploma or equivalent,Associate's degree,"{'min': '', 'max': '', 'currency': '', 'period': '', 'summary': ''}",,,,Unknown,"New York, New York",New York,New York,"New York-Newark-Jersey City, NY-NJ",5241,,Construction Managers,"[""Accounting"", ""Agricultural Equipment""]","[""Accounting"", ""Agricultural Equipment""]",[],[],[]
381009,2026-06-10,,,https://eofe.fa.us2.oraclecloud.com/?keyword=&mode=jobs&lang=en&site_number=CX_1#77091,"Specialist, (Non Supervisory), Fund/Client Accounting Representative II",Construction Managers,"Specialist, , Fund/Client Accounting Representative II",0,Eofe.fa.us2.oraclecloud.com,False,,,,False,Associate's degree,Bachelor's degree,"{'min': '', 'max': '', 'currency': '', 'period': '', 'summary': ''}",,,,Unknown,"Pittsburgh, Pennsylvania",Pittsburgh,Pennsylvania,,5241,,Construction Managers,"[""Accounting"", ""Accounting Records""]","[""Accounting"", ""Accounting Records""]",[],[],[]
448181,2026-05-26,,,https://account.amazon.jobs/jobs/10430280/apply,"Sr. Category Manager, Construction, Global Procurement Organization (GPO)",Construction Managers,"Sr. Category Manager, Construction, Global Procurement Organization",0,Amazon,False,Full Time,,,False,Associate's degree,Associate's degree,"{'min': '', 'max': '', 'currency': '', 'period': '', 'summary': ''}",,,,Unknown,"Houston, Texas",Houston,Texas,,5241,,Construction Managers,,,,,
155079,2026-06-05,,,https://recruit.hirebridge.com/v3/careercenter/v2/details.aspx?jid=913872&cid=8425,Cook,"Cooks, Restaurant",Cook,0,Fourteen Foods,False,Part Time,,,False,High school diploma or equivalent,High school diploma or equivalent,USD 11.41 per HOUR,11.41,11.41,hourly,Unknown,"Wyoming, Minnesota, United States",Minnesota,United States,,5241,,"Cooks, Restaurant","[""Cash Register""]","[""Cash Register""]",[],[],[]
91170,2026-06-05,,,https://careers.hireology.com/azaleaestatesofmonroe/2780923/description,Cook,"Cooks, Restaurant",Cook,0,Azalea Estates Of Monroe,False,Full Time,,,False,Postsecondary nondegree award,Associate's degree,,,,,Unknown,"Monroe, Louisiana, United States",Louisiana,United States,,5241,,"Cooks, Restaurant",,,,,
91129,2026-06-05,,,https://careers.hireology.com/courtatroundrock/2780925/description,Cook,"Cooks, Restaurant",Cook,0,Court At Round Rock,False,Full Time,,,False,Postsecondary nondegree award,Associate's degree,,,,,Unknown,"Round Rock, Texas, United States",Texas,United States,,5241,,"Cooks, Restaurant",,,,,
273012,2026-06-24,,,https://ertr.fa.us2.oraclecloud.com/?keyword=&mode=jobs&lang=en&site_number=CX_1#114767,Cook,"Cooks, Restaurant",Cook,0,Ertr.fa.us2.oraclecloud.com,False,Part Time,,,False,Associate's degree,Associate's degree,"{'min': '', 'max': '', 'currency': '', 'period': '', 'summary': ''}",,,,Unknown,"Oklahoma City, Oklahoma",Oklahoma City,Oklahoma,,5241,,"Cooks, Restaurant",,,,,
89030,2026-06-05,,,https://myjobs.adp.com/schultehotelcareers/cx/job-details?reqId=5001203941706,Cook (FT Seasonal) - Mountain View Grand Resort & Spa,"Cooks, Restaurant",Cook - Mountain View Grand Resort & Spa,0,Schulte Hospitality Group,False,"Full Time, Temporary",,,False,High school diploma or equivalent,Associate's degree,,,,,Unknown,"Whitefield, New Hampshire, United States",New Hampshire,United States,,5241,,"Cooks, Restaurant",,,,,
425987,2026-06-01,,,https://jobs.smartrecruiters.com/RelaisChateaux/744000129563959-cook-ii-castle-hot-springs-?oga=true,Cook II - Castle Hot Springs,"Cooks, Restaurant",Cook II - Castle Hot Springs,0,Relaischateaux,False,Full Time,,,False,Associate's degree,Associate's degree,"{'min': '', 'max': '', 'currency': '', 'period': '', 'summary': ''}",,,,On-site,"Morristown, Arizona",Morristown,Arizona,,5241,,"Cooks, Restaurant",,,,,
79807,2026-06-04,,,https://careers.hireology.com/yorktownnursingrehabilitationcenter/2780344/description,Dietary Cook,"Cooks, Restaurant",Dietary Cook,0,Yorktown Nursing And Rehabilitation Center,False,Full Time,,,False,Associate's degree,Associate's degree,,,,,Unknown,"Yorktown, Texas, United States",Texas,United States,,5241,,"Cooks, Restaurant","[""Cancer""]","[""Cancer""]",[],[],[]
100734,2026-06-05,,,https://careers.hireology.com/pebblecreeknursingcenter/2780549/description,Dietary Cook,"Cooks, Restaurant",Dietary Cook,0,Pebble Creek Nursing Center,False,Full Time,,,False,Associate's degree,Associate's degree,,,,,Unknown,"El Paso, Texas, United States",Texas,United States,,5241,,"Cooks, Restaurant","[""Cancer""]","[""Cancer""]",[],[],[]
102585,2026-06-05,,,https://myjobs.adp.com/schultehotelcareers/cx/job-details?reqId=5001203840006,Experienced Line Cook (PM Availability),"Cooks, Restaurant",Experienced Line Cook,0,Schulte Hospitality Group,False,Part Time,,,False,High school diploma or equivalent,Associate's degree,,,,,Unknown,"Indianapolis, Indiana, United States",Indiana,United States,,5241,,"Cooks, Restaurant",,,,,
401656,2026-06-05,,,https://careers-ovg.icims.com/jobs/32366/line-cook-%7c-part-time-%7c-cross-insurance-center/job?in_iframe=1,Line Cook - - Cross Insurance Center,"Cooks, Restaurant",Line Cook - - Cross Insurance Center,0,Comcastspectacor,False,Part Time,,,False,Associate's degree,Associate's degree,"{'min': '', 'max': '', 'currency': '', 'period': '', 'summary': ''}",,,,Unknown,"Bangor, Maine",Bangor,Maine,,5241,,"Cooks, Restaurant",,,,,
406015,2026-06-05,,,https://apply.workable.com/j/6BFC4D55A8/apply,Client Experience Coordinator,Credit Analysts,Client Experience Coordinator,0,Lendingone,False,Full Time,,,False,Associate's degree,Associate's degree,"{'min': '', 'max': '', 'currency': '', 'period': '', 'summary': ''}",,,,Remote,"Boca Raton, Florida",Boca Raton,Florida,,5241,,Credit Analysts,"[""Appraisals"", ""Bridge Loans"", ""Career Development""]","[""Appraisals"", ""Bridge Loans"", ""Career Development""]",[],[],[]
94149,2026-06-05,,,https://jobs.workable.com/view/jW99NfPYjCvxnzFyancf8j/client-experience-coordinator-in-boca-raton-at-lendingone,Client Experience Coordinator,Credit Analysts,Client Experience Coordinator,0,LendingOne,False,Full Time,,,False,Associate's degree,Associate's degree,,,,,Remote,"Boca Raton, Florida, United States",Florida,United States,,5241,,Credit Analysts,"[""Appraisals"", ""Bridge Loans"", ""Career Development""]","[""Appraisals"", ""Bridge Loans"", ""Career Development""]",[],[],[]
681559,2026-07-16,,,https://jobs.ashbyhq.com/solace/48273b36-3b76-4eef-bd65-eba04598fc9e/application,Customer Experience Manager,Customer Experience Manager,Customer Experience Manager,0,Solace,True,Full Time,,,False,Associate's degree,Associate's degree,"USD 85,000 - 105,000 Yearly",85000.0,105000.0,annual,Unknown,United States,,,,5241,,First-Line Supervisors of Office and Administrative Support Workers,,,,,
84290,2026-06-04,,,https://recruiting2.ultipro.com/QCH1000QC/JobBoard/2d3f1dbd-fb82-400c-b6c1-4a3d24533ea8/OpportunityDetail?opportunityId=89921432-fd59-42ad-a297-0ec1580b2301,Bi-Lingual Customer Service Representative,Customer Service Representatives,Bi-Lingual Customer Service Representative,0,LendNation,False,Full Time,,,False,Associate's degree,Associate's degree,,,,,Unknown,"Sedalia, Missouri, United States",Missouri,United States,,5241,,Customer Service Representatives,"[""Alternative Financial Services"", ""Banking"", ""Cash Handling""]","[""Alternative Financial Services"", ""Banking"", ""Cash Handling""]",[],[],[]
94231,2026-06-05,,,https://workforcenow.adp.com/mascsr/default/mdf/recruitment/recruitment.html?cid=540beaaf-21ef-47bf-9c75-ea6ae8c73049&jobId=620824,Customer Service Representative,Customer Service Representatives,Customer Service Representative,0,Burpee Gardening,False,Full Time,,,False,High school diploma or equivalent,Associate's degree,,,,,On-site,"Warminster Township, Pennsylvania, United States",Pennsylvania,United States,,5241,,Customer Service Representatives,,,,,
93827,2026-06-05,,,https://recruiting2.ultipro.com/QCH1000QC/JobBoard/2d3f1dbd-fb82-400c-b6c1-4a3d24533ea8/OpportunityDetail?opportunityId=900c5760-c7f4-47a1-9517-5f8be2c340a3,Customer Service Representative,Customer Service Representatives,Customer Service Representative,0,LendNation,False,Full Time,,,False,Associate's degree,Associate's degree,,,,,Unknown,"Brownsville, Tennessee, United States",Tennessee,United States,,5241,,Customer Service Representatives,"[""Alternative Financial Services"", ""Banking"", ""Cash Handling""]","[""Alternative Financial Services"", ""Banking"", ""Cash Handling""]",[],[],[]
271687,2026-06-24,,,https://jobs.smartrecruiters.com/Dominos/744000133727954-inside-staff-lewiston-downtown?oga=true,Inside Staff - Lewiston Downtown,Customer Service Representatives,Inside Staff - Lewiston Downtown,0,Dominos,False,Full Time,,,False,High school diploma or equivalent,High school diploma or equivalent,"{'min': '', 'max': '', 'currency': '', 'period': '', 'summary': ''}",,,,Unknown,"Lewiston, Idaho",Lewiston,Idaho,,5241,,Customer Service Representatives,,,,,
253689,2026-06-25,,,https://jobs.smartrecruiters.com/Dominos/744000134104948-inside-staff-lewiston-orchards?oga=true,Inside Staff - Lewiston Orchards,Customer Service Representatives,Inside Staff - Lewiston Orchards,0,Dominos,False,Full Time,,,False,High school diploma or equivalent,High school diploma or equivalent,"{'min': '', 'max': '', 'currency': '', 'period': '', 'summary': ''}",,,,Unknown,"Lewiston, Idaho",Lewiston,Idaho,,5241,,Customer Service Representatives,,,,,
272111,2026-06-24,,,https://jobs.smartrecruiters.com/Dominos/744000133714629-inside-staff-moscow-id?oga=true,"Inside Staff - Moscow, ID",Customer Service Representatives,"Inside Staff - Moscow, ID",0,Dominos,False,Full Time,,,False,High school diploma or equivalent,High school diploma or equivalent,"{'min': '', 'max': '', 'currency': '', 'period': '', 'summary': ''}",,,,Unknown,"Moscow, Idaho",Moscow,Idaho,,5241,,Customer Service Representatives,,,,,
359323,2026-06-13,,,https://jobs.smartrecruiters.com/Dominos/744000132008379-inside-staff-pullman-wa?oga=true,"Inside Staff - Pullman, WA",Customer Service Representatives,"Inside Staff - Pullman, WA",0,Dominos,False,Full Time,,,False,High school diploma or equivalent,High school diploma or equivalent,"{'min': '', 'max': '', 'currency': '', 'period': '', 'summary': ''}",,,,Unknown,"Pullman, Washington",Pullman,Washington,,5241,,Customer Service Representatives,,,,,
420534,2026-06-02,,,https://spacelift.teamtailor.com/jobs/7834663-customer-success-manager-enterprise-west-coast,Customer Success Manager - Enterprise West Coast,Customer Success Manager - Enterprise West Coast,Customer Success Manager - Enterprise West Coast,0,Spacelift,False,Contract,,,False,Postsecondary nondegree award,Associate's degree,"{'min': '', 'max': '', 'currency': '', 'period': '', 'summary': ''}",,,,Remote,"Redwood, City",Redwood,City,,5241,,Models,"[""Account Management"", ""Account Planning"", ""Account Strategy"", ""Advocacy"", ""Ansible"", ""Automation"", ""Business Objectives""]","[""Account Management"", ""Account Planning"", ""Account Strategy"", ""Ansible"", ""Automation""]","[""Advocacy"", ""Business Objectives""]",[],[]
249557,2026-06-25,,,https://jobs.lever.co/jobgether/547db143-bb2f-4335-acc4-f1a547671ec8/apply,"Customer Success Manager, High Velocity","Customer Success Manager, High Velocity","Customer Success Manager, High Velocity",0,Jobgether,False,Full Time,,,False,Associate's degree,Associate's degree,"{'min': '', 'max': '', 'currency': '', 'period': '', 'summary': ''}",,,,Remote,US,,,,5241,,Models,"[""Account Management"", ""Career Development""]","[""Account Management"", ""Career Development""]",[],[],[]
307197,2026-06-20,,,https://www.welcometothejungle.com/en/companies/Tif2mX/jobs/analytics-manager-partner-insights_us_ms3rqfym,Analytics Manager (Partner Insights),Data Scientists,Analytics Manager,0,Rula,False,Full Time,,,False,Associate's degree,Bachelor's degree,"USD 157,250 - 175,750 Yearly",157250.0,175750.0,annual,Remote,United States,,,,5241,,Data Scientists,"[""Airflow"", ""Analytics""]","[""Airflow"", ""Analytics""]",[],[],[]
360636,2026-06-12,,,https://job-boards.greenhouse.io/juullabs/jobs/8003749,Applied Scientist,Data Scientists,Applied Scientist,0,Juullabs,False,,,,False,Associate's degree,Master's degree,"{'min': '', 'max': '', 'currency': '', 'period': '', 'summary': ''}",,,,Remote,Remote,,Remote,,5241,,Data Scientists,"[""AI Agents"", ""Analytics"", ""BigQuery"", ""Build Tools"", ""Causal Inference""]","[""AI Agents"", ""Analytics"", ""BigQuery"", ""Build Tools"", ""Causal Inference""]",[],[],[]
308234,2026-06-19,,,https://jobs.ashbyhq.com/solace/74184214-7ee0-4bd3-b732-c4fbfba0e9a0/application,CRO Specialist,Data Scientists,CRO Specialist,0,Solace,False,Full Time,,,False,Associate's degree,Associate's degree,"USD 110,000 - 130,000 Yearly",110000.0,130000.0,annual,Unknown,United States,,,,5241,,Data Scientists,"[""A/B Testing"", ""Advocacy"", ""Analytics""]","[""A/B Testing"", ""Analytics""]","[""Advocacy""]",[],[]
227625,2026-06-28,,,https://www.welcometothejungle.com/en/companies/FWWbPO/jobs/data-analyst_austin_dpgegorf,Data Analyst,Data Scientists,Data Analyst,1,Hippo Insurance,False,Full Time,,,False,Associate's degree,Associate's degree,"{'min': '', 'max': '', 'currency': '', 'period': 'YEAR', 'summary': ''}",,,annual,Unknown,Austin,,Austin,,5241,,Data Scientists,"[""Analytical Skills"", ""Analytics"", ""Business Analytics""]","[""Analytics"", ""Business Analytics""]","[""Analytical Skills""]",[],[]
46542,2026-06-02,,,https://jobs.dayforcehcm.com/en-US/dbi/CorporateJobs/jobs/153840,Data Analyst — AI-Driven Insights,Data Scientists,Data Analyst — AI-Driven Insights,1,David's Bridal,False,Full Time,,,False,Associate's degree,Associate's degree,"$74,000 - $112,000 a year",74000.0,112000.0,annual,Hybrid,United States,,,,5241,,Data Scientists,"[""Airflow"", ""Analytics"", ""Anomaly Detection"", ""Automation"", ""BigQuery"", ""Captions""]","[""Airflow"", ""Analytics"", ""Anomaly Detection"", ""Automation"", ""BigQuery"", ""Captions""]",[],[],[]
47829,2026-06-02,,,https://phh.tbe.taleo.net/phh01/ats/careers/v2/viewRequisition?cws=37&org=BASESOLU&rid=2570,Data Governance & Metadata Scientist,Data Scientists,Data Governance & Metadata Scientist,1,"Base-2 Solutions, LLC",False,"Part Time, Contract",,,False,Postsecondary nondegree award,Bachelor's degree,,,,,Remote,United States,,,,5241,,Data Scientists,"[""Apache Atlas"", ""Business Development""]","[""Apache Atlas"", ""Business Development""]",[],[],[]
217458,2026-06-04,,,https://jobs.northropgrumman.com/careers/job/1340072043331,Data Scientist,Data Scientists,Data Scientist,1,Ngc,False,,,,False,Associate's degree,Master's degree,$101k - $151.4k per year,101000.0,151400.0,annual,Unknown,United States-California-San Diego,,,,5241,,Data Scientists,"[""Analytics""]","[""Analytics""]",[],[],[]
19912,2026-05-23,,,https://jobs.ashbyhq.com/replit/5841bc76-5657-46c2-942e-0860f02ea3ec,Data Scientist (People),Data Scientists,Data Scientist,1,Replit,False,Full Time,,,False,Associate's degree,Associate's degree,$210k - $350k per year,210000.0,350000.0,annual,Remote,"Foster City, California, USA {{REMOTE}}",,,,5241,,Data Scientists,"[""AI Agents"", ""Analytics"", ""Automation"", ""BigQuery"", ""Causal Inference""]","[""AI Agents"", ""Analytics"", ""Automation"", ""BigQuery"", ""Causal Inference""]",[],[],[]
265855,2026-06-24,,,https://jobs.lever.co/jobgether/8c9360d5-53fd-492d-bffe-573c17b22382/apply,Director of Conversion Rate Optimization (CRO),Data Scientists,Director of Conversion Rate Optimization,0,Jobgether,False,Full Time,,,False,Bachelor's degree,Bachelor's degree,"{'min': '', 'max': '', 'currency': '', 'period': '', 'summary': ''}",,,,Remote,US,,,,5241,,Data Scientists,"[""Analytics""]","[""Analytics""]",[],[],[]
405411,2026-06-05,,,https://jobs.danaher.com/job/R1308870,Director of Enterprise Data & AI Strategy,Data Scientists,Director of Enterprise Data & AI Strategy,0,Jobs.danaher.com,False,,,,False,Associate's degree,Associate's degree,"{'min': '', 'max': '', 'currency': '', 'period': '', 'summary': ''}",,,,Unknown,"Brea, California",Brea,California,,5241,,Data Scientists,"[""Analytics""]","[""Analytics""]",[],[],[]
359790,2026-06-13,,,https://www.welcometothejungle.com/en/companies/1TNwEW/jobs/director-of-performance-marketing_fr_4lvsx7yn,Director of Performance Marketing,Data Scientists,Director of Performance Marketing,0,Ramp,False,Full Time,,,False,Associate's degree,Master's degree,"USD 190,000 - 290,000 Yearly",190000.0,290000.0,annual,Unknown,"New York, New York",New York,New York,"New York-Newark-Jersey City, NY-NJ",5241,,Data Scientists,"[""Accountability"", ""Analytical Skills"", ""Analytics"", ""Business Acumen""]","[""Analytics""]","[""Accountability"", ""Analytical Skills"", ""Business Acumen""]",[],[]
326911,2026-06-17,,,https://jobs.lever.co/arcadia/894ccc47-f430-4391-8dc1-063079c602db/apply,"Director, Analytics",Data Scientists,"Director, Analytics",0,Arcadia,False,Full Time,,,False,Associate's degree,Associate's degree,"USD 180,000 - 200,000 Yearly",180000.0,200000.0,annual,Remote,Remote (),,Remote (),,5241,,Data Scientists,"[""Amazon QuickSight"", ""Analytics"", ""Automation""]","[""Amazon QuickSight"", ""Analytics"", ""Automation""]",[],[],[]
426533,2026-06-01,,,https://jobs.lever.co/coupa/b599a580-50fd-4bd8-9d6f-49210a682b6b/apply,"Director, Customer Intelligence - 11568",Data Scientists,"Director, Customer Intelligence - 11568",0,Coupa,False,Director,,,False,Associate's degree,Associate's degree,"USD 152,000 - 213,333 Yearly",152000.0,213333.0,annual,Unknown,Texas,,Texas,,5241,,Data Scientists,"[""Agentic AI"", ""Analytics"", ""Business Decisions""]","[""Agentic AI"", ""Analytics"", ""Business Decisions""]",[],[],[]
361019,2026-06-12,,,https://www.veriff.com/careers/position/8590317002?gh_jid=8590317002,"Fraud Countermeasure Specialist, Fraud Platform",Data Scientists,"Fraud Countermeasure Specialist, Fraud Platform",0,Veriff,False,,,,False,Associate's degree,Associate's degree,"{'min': '', 'max': '', 'currency': '', 'period': '', 'summary': ''}",,,,Remote,(Remote),,(Remote),,5241,,Data Scientists,,,,,
247797,2026-06-25,,,https://www.veriff.com/careers/position/8608938002?gh_jid=8608938002,Fraud Countermeasure Team Lead (Fraud Platform),Data Scientists,Fraud Countermeasure Team Lead,0,Veriff,False,,,,False,Associate's degree,Associate's degree,"{'min': '', 'max': '', 'currency': '', 'period': '', 'summary': ''}",,,,Remote,(Remote),,(Remote),,5241,,Data Scientists,"[""Accountability"", ""Analytics"", ""Attack Patterns"", ""Behavioral Analytics""]","[""Analytics"", ""Attack Patterns"", ""Behavioral Analytics""]","[""Accountability""]",[],[]
199762,2026-06-06,,,https://job-boards.greenhouse.io/earnin/jobs/7729952,Head of Growth & Marketing Analytics,Data Scientists,Head of Growth & Marketing Analytics,0,EarnIn,False,Full Time,,,False,Associate's degree,Associate's degree,$215k - $263k per year,215000.0,263000.0,annual,Remote,"Mountain View, US",Mountain View,US,,5241,,Data Scientists,"[""Analytics"", ""Anomaly Detection"", ""Business Decisions"", ""Causal Inference""]","[""Analytics"", ""Anomaly Detection"", ""Business Decisions"", ""Causal Inference""]",[],[],[]
301699,2026-06-22,,,https://jobs.virginia.edu/job/R0084004,"Health & Pharmacy Analytics Lead, Human Resources",Data Scientists,"Health & Pharmacy Analytics Lead, Human Resources",0,Jobs.virginia.edu,False,,,,False,Bachelor's degree,Bachelor's degree,"{'min': '', 'max': '', 'currency': '', 'period': '', 'summary': ''}",,,,Unknown,"Charlottesville, Virginia",Charlottesville,Virginia,,5241,,Data Scientists,"[""Analytics""]","[""Analytics""]",[],[],[]
282777,2026-06-23,,,https://jobs.lever.co/jobgether/f79a2cbb-3686-44a3-8f70-b82fd0a40f07/apply,Lead AI & Technology Risk Auditor,Data Scientists,Lead AI & Technology Risk Auditor,0,Jobgether,False,Full Time,,,False,Postsecondary nondegree award,Doctoral or professional degree,"{'min': '', 'max': '', 'currency': '', 'period': '', 'summary': ''}",,,,Remote,US,,,,5241,,Data Scientists,"[""Accountability"", ""Advanced Analytics"", ""Agentic AI"", ""Analytics"", ""Artificial Intelligence"", ""Auditing"", ""Automation"", ""Capability Development""]","[""Advanced Analytics"", ""Agentic AI"", ""Analytics"", ""Artificial Intelligence"", ""Auditing"", ""Automation"", ""Capability Development""]","[""Accountability""]",[],[]
413805,2026-06-03,,,https://jobs.smartrecruiters.com/AbbVie/3743990013447156-lead-director-field-planning-and-analytics-team?oga=true,"Lead Director, Field Planning and Analytics Team",Data Scientists,"Lead Director, Field Planning and Analytics Team",0,Abbvie,False,Full Time,,,False,Associate's degree,Master's degree,"{'min': '', 'max': '', 'currency': '', 'period': '', 'summary': ''}",,,,Unknown,"Mettawa, Illinois",Mettawa,Illinois,,5241,,Data Scientists,"[""Aesthetics"", ""Analytics"", ""Business Planning"", ""Business Results""]","[""Analytics"", ""Business Planning"", ""Business Results""]","[""Aesthetics""]",[],[]
413802,2026-06-03,,,https://jobs.smartrecruiters.com/AbbVie/3743990013447216-lead-director-field-planning-and-analytics-team?oga=true,"Lead Director, Field Planning and Analytics Team",Data Scientists,"Lead Director, Field Planning and Analytics Team",0,Abbvie,False,Full Time,,,False,Associate's degree,Master's degree,"{'min': '', 'max': '', 'currency': '', 'period': '', 'summary': ''}",,,,Unknown,"Florham Park, New Jersey",Florham Park,New Jersey,,5241,,Data Scientists,"[""Aesthetics"", ""Analytics"", ""Business Planning"", ""Business Results""]","[""Analytics"", ""Business Planning"", ""Business Results""]","[""Aesthetics""]",[],[]
49077,2026-06-03,,,https://liftoff.io/job/7979999?gh_jid=7979999,"Machine Learning Engineer, Conversion ML",Data Scientists,"Machine Learning Engineer, Conversion ML",1,Liftoff Mobile,False,Full Time,,,False,Associate's degree,Doctoral or professional degree,,,,,Remote,United States (Remote),,,,5241,,Data Scientists,"[""Batch Processing""]","[""Batch Processing""]",[],[],[]
227932,2026-06-27,,,http://www.hioscar.com/careers/8030866?gh_jid=8030866,"Manager, Data Analytics",Data Scientists,"Manager, Data Analytics",0,Oscar,False,Full Time,,,False,Associate's degree,Associate's degree,"{'min': '', 'max': '', 'currency': '', 'period': '', 'summary': ''}",,,,Hybrid,"New York, New York",New York,New York,"New York-Newark-Jersey City, NY-NJ",5241,,Data Scientists,"[""Analytics"", ""Artificial Intelligence"", ""Business Intelligence"", ""Business Reporting""]","[""Analytics"", ""Artificial Intelligence"", ""Business Intelligence"", ""Business Reporting""]",[],[],[]
227931,2026-06-27,,,http://www.hioscar.com/careers/8031946?gh_jid=8031946,"Manager, Data Analytics",Data Scientists,"Manager, Data Analytics",0,Oscar,False,Full Time,,,False,Associate's degree,Associate's degree,"{'min': '', 'max': '', 'currency': '', 'period': '', 'summary': ''}",,,,Hybrid,"Tempe, Arizona",Tempe,Arizona,,5241,,Data Scientists,"[""Analytics"", ""Artificial Intelligence"", ""Business Intelligence"", ""Business Reporting""]","[""Analytics"", ""Artificial Intelligence"", ""Business Intelligence"", ""Business Reporting""]",[],[],[]
227930,2026-06-27,,,http://www.hioscar.com/careers/8031947?gh_jid=8031947,"Manager, Data Analytics",Data Scientists,"Manager, Data Analytics",0,Oscar,False,Full Time,,,False,Associate's degree,Associate's degree,"{'min': '', 'max': '', 'currency': '', 'period': '', 'summary': ''}",,,,Hybrid,"Dallas, Texas",Dallas,Texas,,5241,,Data Scientists,"[""Analytics"", ""Artificial Intelligence"", ""Business Intelligence"", ""Business Reporting""]","[""Analytics"", ""Artificial Intelligence"", ""Business Intelligence"", ""Business Reporting""]",[],[],[]
227928,2026-06-27,,,http://www.hioscar.com/careers/8031948?gh_jid=8031948,"Manager, Data Analytics",Data Scientists,"Manager, Data Analytics",0,Oscar,False,Full Time,,,False,Associate's degree,Associate's degree,"{'min': '', 'max': '', 'currency': '', 'period': '', 'summary': ''}",,,,Hybrid,"Atlanta, Georgia",Atlanta,Georgia,,5241,,Data Scientists,"[""Analytics"", ""Artificial Intelligence"", ""Business Intelligence"", ""Business Reporting""]","[""Analytics"", ""Artificial Intelligence"", ""Business Intelligence"", ""Business Reporting""]",[],[],[]
387198,2026-06-09,,,https://account.amazon.jobs/jobs/10443520/apply,"Manager, Partner Territory Management, Cloud Sales Center",Data Scientists,"Manager, Partner Territory Management, Cloud Sales Center",0,Amazon,False,Full Time,,,False,Associate's degree,Associate's degree,"{'min': '', 'max': '', 'currency': '', 'period': '', 'summary': ''}",,,,Unknown,"Austin, Texas",Austin,Texas,,5241,,Data Scientists,"[""Accountability"", ""Analytics""]","[""Analytics""]","[""Accountability""]",[],[]
442120,2026-06-09,,,https://account.amazon.jobs/jobs/10443520/apply,"Manager, Partner Territory Management, Cloud Sales Center",Data Scientists,"Manager, Partner Territory Management, Cloud Sales Center",0,Amazon,False,Full Time,,,False,Associate's degree,Associate's degree,"{'min': '', 'max': '', 'currency': '', 'period': '', 'summary': ''}",,,,Unknown,"Arlington, Virginia",Arlington,Virginia,,5241,,Data Scientists,"[""Accountability"", ""Analytics""]","[""Analytics""]","[""Accountability""]",[],[]
308644,2026-06-19,,,https://jobs.smartrecruiters.com/Blend360/744000133115569-marketing-data-science-manager?oga=true,Marketing Data Science Manager,Data Scientists,Marketing Data Science Manager,1,Blend360,False,Full Time,,,False,Associate's degree,Associate's degree,"{'min': '', 'max': '', 'currency': '', 'period': '', 'summary': ''}",,,,Unknown,"Columbia, Maryland",Columbia,Maryland,,5241,,Data Scientists,"[""Agentic Systems"", ""AI Agents"", ""Analytics"", ""Artificial Intelligence"", ""Batch Processing"", ""Big Data"", ""Business Problems"", ""Business Requirements""]","[""Agentic Systems"", ""AI Agents"", ""Analytics"", ""Artificial Intelligence"", ""Batch Processing"", ""Big Data"", ""Business Problems"", ""Business Requirements""]",[],[],[]
363806,2026-06-12,,,https://www.welcometothejungle.com/en/companies/hB9wxV/jobs/marketing-technology-associate_chicago_exuhouau,Marketing Technology Associate,Data Scientists,Marketing Technology Associate,0,Enova,False,Full Time,,,False,Associate's degree,Associate's degree,"USD 70,000 - 100,000 Yearly",70000.0,100000.0,annual,Hybrid,Chicago,,Chicago,,5241,,Data Scientists,"[""Adobe Analytics"", ""Analytics""]","[""Adobe Analytics"", ""Analytics""]",[],[],[]
285323,2026-06-23,,,https://gupta.bamboohr.com/careers/205,Media Coordinator,Data Scientists,Media Coordinator,0,Gupta,False,Full Time,,,False,Associate's degree,Master's degree,"{'min': '', 'max': '', 'currency': '', 'period': '', 'summary': ''}",,,,Unknown,"Boston, Massachusetts",Boston,Massachusetts,,5241,,Data Scientists,"[""Analytics"", ""Calculations""]","[""Analytics"", ""Calculations""]",[],[],[]
435525,2026-05-29,,,https://job-boards.greenhouse.io/ethoslife/jobs/8466120002,New Products & Marketing Innovation Director,Data Scientists,New Products & Marketing Innovation Director,0,Ethoslife,False,Full Time,,,False,Associate's degree,Associate's degree,"{'min': '', 'max': '', 'currency': '', 'period': '', 'summary': ''}",,,,Remote,Remote,,Remote,,5241,,Data Scientists,"[""Agility"", ""Analytics"", ""Annuities"", ""Banking""]","[""Agility"", ""Analytics"", ""Annuities"", ""Banking""]",[],[],[]
296797,2026-06-22,,,https://www.welcometothejungle.com/en/companies/u8f5Po/jobs/partnership-sales-manager-data-and-media-solutions_new-york_xlk3ct7q,Partnership Sales Manager (Data and Media Solutions),Data Scientists,Partnership Sales Manager,0,Mastercard,False,Full Time,,,False,Associate's degree,Associate's degree,"{'min': '', 'max': '', 'currency': '', 'period': 'YEAR', 'summary': ''}",,,annual,Remote,"New York, New York",New York,New York,"New York-Newark-Jersey City, NY-NJ",5241,,Data Scientists,"[""Analytics"", ""Business Planning""]","[""Analytics"", ""Business Planning""]",[],[],[]
338039,2026-06-16,,,https://job-boards.greenhouse.io/chaosindustries/jobs/5166436007,People Data Analyst,Data Scientists,People Data Analyst,1,Chaosindustries,False,,,,False,Associate's degree,Associate's degree,"{'min': '', 'max': '', 'currency': '', 'period': '', 'summary': ''}",,,,On-site,"El Segundo, California",El Segundo,California,,5241,,Data Scientists,"[""Advanced Analytics"", ""Analytics"", ""Business Intelligence""]","[""Advanced Analytics"", ""Analytics"", ""Business Intelligence""]",[],[],[]
173956,2026-06-05,,,https://jobs.lever.co/jobgether/c3b2abf7-028f-417c-810a-8f520ee20a33,Product Performance Actuary,Data Scientists,Product Performance Actuary,0,Jobgether,False,Full Time,,,False,Associate's degree,Associate's degree,USD 150000 - 266000 per YEAR,150000.0,266000.0,annual,Remote,United States,,,,5241,,Data Scientists,"[""Actuarial Modeling"", ""Advanced Analytics"", ""Analytics"", ""Business Acumen""]","[""Actuarial Modeling"", ""Advanced Analytics"", ""Analytics""]","[""Business Acumen""]",[],[]
239142,2026-06-26,,,https://jpmc.fa.oraclecloud.com/?keyword=&mode=jobs&lang=en&site_number=CX_1001#210758195,Quant Analytics Manager,Data Scientists,Quant Analytics Manager,0,Jpmc.fa.oraclecloud.com,False,,,,False,Bachelor's degree,Bachelor's degree,"{'min': '', 'max': '', 'currency': '', 'period': '', 'summary': ''}",,,,Unknown,"Wilmington, Delaware",Wilmington,Delaware,,5241,,Data Scientists,"[""Accountability"", ""Advanced Analytics"", ""Analytics""]","[""Advanced Analytics"", ""Analytics""]","[""Accountability""]",[],[]
419040,2026-06-02,,,https://ats.rippling.com/parentsquare/jobs/437f60df-6e21-42ac-b8e3-f194f9d181f0,Senior Data Scientist,Data Scientists,Senior Data Scientist,1,Parentsquare,False,Full Time,,,False,Associate's degree,Bachelor's degree,"{'min': '', 'max': '', 'currency': '', 'period': '', 'summary': ''}",,,,Remote,Remote (),,Remote (),,5241,,Data Scientists,"[""Algorithms"", ""Analytics"", ""Boosting""]","[""Algorithms"", ""Analytics"", ""Boosting""]",[],[],[]
272173,2026-06-24,,,https://www.welcometothejungle.com/en/companies/FRfZvk/jobs/solution-engineer_boston_ctg3sjkk,Solution Engineer,Data Scientists,Solution Engineer,0,Snowflake,False,Full Time,,,False,Associate's degree,Associate's degree,"USD 138,000 - 241,500 Yearly",138000.0,241500.0,annual,Unknown,Boston,,Boston,,5241,,Data Scientists,"[""Analytics""]","[""Analytics""]",[],[],[]
368237,2026-06-12,,,https://apply.workable.com/j/2B8C0A76AA/apply,Staff AI Execution Engineer,Data Scientists,Staff AI Execution Engineer,0,Nitrogenwealth,False,Full Time,,,False,Postsecondary nondegree award,Associate's degree,"{'min': '', 'max': '', 'currency': '', 'period': '', 'summary': ''}",,,,Remote,United States,,,,5241,,Data Scientists,"[""Agentic AI"", ""Agentic Systems"", ""Analytics"", ""Architectural Leadership""]","[""Agentic AI"", ""Agentic Systems"", ""Analytics"", ""Architectural Leadership""]",[],[],[]
281105,2026-06-23,,,https://boards.greenhouse.io/6sense/jobs/8002993?gh_jid=8002993,Staff Enterprise AI Engineer,Data Scientists,Staff Enterprise AI Engineer,0,6Sense,False,Full Time,,,False,Associate's degree,Associate's degree,"{'min': '', 'max': '', 'currency': '', 'period': '', 'summary': ''}",,,,Remote,"San Francisco, California",San Francisco,California,,5241,,Data Scientists,"[""AI Agents"", ""Automation"", ""Business Problems""]","[""AI Agents"", ""Automation"", ""Business Problems""]",[],[],[]
317299,2026-06-18,,,https://ats.rippling.com/anaconda/jobs/63f07d85-5b18-48e8-86d2-a55554ec70a7,Strategic Account Executive,Data Scientists,Strategic Account Executive,0,Anaconda,False,Contract,,,False,Associate's degree,Associate's degree,"{'min': '', 'max': '', 'currency': '', 'period': '', 'summary': ''}",,,,Remote,"California, )",California,),,5241,,Data Scientists,"[""Account Planning"", ""Account Strategy"", ""AI Innovation"", ""Application Data""]","[""Account Planning"", ""Account Strategy"", ""AI Innovation"", ""Application Data""]",[],[],[]
359807,2026-06-13,,,https://www.welcometothejungle.com/en/companies/FPBtUE/jobs/strategic-initiatives_us_b56epe6c,Strategic Initiatives,Data Scientists,Strategic Initiatives,0,Plaid,False,Full Time,,,False,Associate's degree,Associate's degree,"USD 189,600 - 290,400 Yearly",189600.0,290400.0,annual,Unknown,United States,,,,5241,,Data Scientists,,,,,
346343,2026-06-16,,,https://jobs.danaher.com/job/R1312920,Systems Engineer II,Data Scientists,Systems Engineer II,0,Jobs.danaher.com,False,,,,False,Bachelor's degree,Bachelor's degree,"{'min': '', 'max': '', 'currency': '', 'period': '', 'summary': ''}",,,,Unknown,"Chaska, Minnesota",Chaska,Minnesota,,5241,,Data Scientists,,,,,
227839,2026-06-27,,,https://careers-wcgclinical.icims.com/jobs/1051/test-lead%2c-senior-data-analyst/job?in_iframe=1,"Test Lead, Senior Data Analyst",Data Scientists,"Test Lead, Senior Data Analyst",1,Wcgclinical,False,,,,False,Bachelor's degree,Bachelor's degree,"{'min': '', 'max': '', 'currency': '', 'period': '', 'summary': ''}",,,,Remote,"Remote, Unavailable",Remote,Unavailable,,5241,,Data Scientists,,,,,
215916,2026-06-04,,,https://jobs.ashbyhq.com/join9am/26aec47e-d471-41ce-95d7-177c19cf63b4,Vice President of Data,Data Scientists,Vice President of Data,0,9amHealth,False,Full Time,,,False,Associate's degree,Associate's degree,,,,,Hybrid,United States {{REMOTE}},,,,5241,,Data Scientists,"[""A/B Testing"", ""Access Controls"", ""Analytics"", ""Business Economics"", ""Causal Inference""]","[""A/B Testing"", ""Access Controls"", ""Analytics"", ""Business Economics"", ""Causal Inference""]",[],[],[]
280219,2026-06-23,,,https://job-boards.greenhouse.io/apolloio/jobs/6099191004,"Analyst, GTM Customer Intelligence",Data Warehousing Specialists,"Analyst, GTM Customer Intelligence",0,Apolloio,False,,,,False,Associate's degree,Doctoral or professional degree,"{'min': '', 'max': '', 'currency': '', 'period': '', 'summary': ''}",,,,Remote,Remote,,Remote,,5241,,Data Warehousing Specialists,"[""Analytics"", ""Automation"", ""Billing"", ""Billing Systems""]","[""Analytics"", ""Automation"", ""Billing"", ""Billing Systems""]",[],[],[]
14614,2026-05-24,,,https://careers.snowflake.com/us/en/job/SNCOUS551A4B485E884EB3B26B8D98E4F2C9ADEXTERNALENUSB241904D7D4241F0967482E53D964846/Analyst-Finance-Analytics-AI,Analyst Finance Analytics & AI,Database Architects,Analyst Finance Analytics & AI,0,Snowflake,False,Full Time,,,False,Associate's degree,Associate's degree,$114k - $143k per year,114000.0,143000.0,annual,Remote,"Menlo Park, California, United States",California,United States,,5241,,Database Architects,"[""AI Agents"", ""Analytics"", ""Application Development"", ""Automation""]","[""AI Agents"", ""Analytics"", ""Application Development"", ""Automation""]",[],[],[]
255781,2026-06-25,,,https://jobs.lever.co/jobgether/de6ab743-5090-4a53-9427-4bf882c6295e/apply,"Analyst, GTM Customer Intelligence",Database Architects,"Analyst, GTM Customer Intelligence",0,Jobgether,False,Full Time,,,False,Associate's degree,Associate's degree,"{'min': '', 'max': '', 'currency': '', 'period': '', 'summary': ''}",,,,Remote,US,,,,5241,,Database Architects,"[""Analytics"", ""Billing""]","[""Analytics"", ""Billing""]",[],[],[]
316141,2026-06-18,,,https://job-boards.greenhouse.io/doordashusa/jobs/8011756,"Associate Manager, Indirect Tax Audit Analytics",Database Architects,"Associate Manager, Indirect Tax Audit Analytics",0,Doordashusa,False,,,,False,Associate's degree,Master's degree,"{'min': '', 'max': '', 'currency': '', 'period': '', 'summary': ''}",,,,Remote,Remote,,Remote,,5241,,Database Architects,"[""Accounting"", ""Alteryx"", ""Analytics"", ""Appeals""]","[""Accounting"", ""Alteryx"", ""Analytics"", ""Appeals""]",[],[],[]
418534,2026-06-03,,,https://apply.workable.com/j/A4EA7393BE/apply,Data Engineer,Database Architects,Data Engineer,1,Fridababy,False,,,,False,Associate's degree,Associate's degree,"{'min': '', 'max': '', 'currency': '', 'period': '', 'summary': ''}",,,,On-site,"Miami, Florida",Miami,Florida,,5241,,Database Architects,"[""Access Controls"", ""Analytics"", ""Automation"", ""Azure Data Factory"", ""Azure Data Lake"", ""Business Continuity""]","[""Access Controls"", ""Analytics"", ""Automation"", ""Azure Data Factory"", ""Azure Data Lake"", ""Business Continuity""]",[],[],[]
46046,2026-06-02,,,https://phh.tbe.taleo.net/phh01/ats/careers/v2/viewRequisition?cws=37&org=BASESOLU&rid=2560,Data Integration Specialist,Database Architects,Data Integration Specialist,0,"Base-2 Solutions, LLC",False,Contract,,,False,Associate's degree,Bachelor's degree,,,,,On-site,United States,,,,5241,,Database Architects,"[""Apache NiFi"", ""Business Development""]","[""Apache NiFi"", ""Business Development""]",[],[],[]
332667,2026-06-17,,,https://www.welcometothejungle.com/en/companies/O56YEK/jobs/enterprise-regional-director-growth_austin_ebz5434b,Enterprise Regional Director (Growth),Database Architects,Enterprise Regional Director,0,MongoDB,False,Full Time,,,False,Associate's degree,Associate's degree,"USD 180,000 Yearly",180000.0,180000.0,annual,Unknown,Austin,,Austin,,5241,,Database Architects,,,,,
385888,2026-06-09,,,https://jobs.smartrecruiters.com/CooksPestControlInc1/3743990013533816-office-specialist-tuscaloosa?oga=true,Office Specialist,Database Architects,Office Specialist,0,Cookspestcontrolinc1,False,Full Time,,,False,High school diploma or equivalent,Associate's degree,"{'min': '', 'max': '', 'currency': '', 'period': '', 'summary': ''}",,,,Unknown,"Tuscaloosa, Alabama",Tuscaloosa,Alabama,,5241,,Database Architects,"[""Accounting"", ""Billing""]","[""Accounting"", ""Billing""]",[],[],[]
292820,2026-06-22,,,https://jobs.smartrecruiters.com/CooksPestControlInc1/3743990013730761-office-specialist-decatur?oga=true,Office Specialist,Database Architects,Office Specialist,0,Cookspestcontrolinc1,False,Full Time,,,False,High school diploma or equivalent,Associate's degree,"{'min': '', 'max': '', 'currency': '', 'period': '', 'summary': ''}",,,,Unknown,"Decatur, Alabama",Decatur,Alabama,,5241,,Database Architects,"[""Accounting"", ""Billing""]","[""Accounting"", ""Billing""]",[],[],[]
281515,2026-06-23,,,https://jobs.smartrecruiters.com/CooksPestControlInc1/3743990013744486-office-specialist-nashville-commercial?oga=true,Office Specialist - Nashville Commercial,Database Architects,Office Specialist - Nashville Commercial,0,Cookspestcontrolinc1,False,Full Time,,,False,High school diploma or equivalent,Associate's degree,"{'min': '', 'max': '', 'currency': '', 'period': '', 'summary': ''}",,,,Unknown,"Nashville, Tennessee",Nashville,Tennessee,,5241,,Database Architects,"[""Accounting"", ""Billing""]","[""Accounting"", ""Billing""]",[],[],[]
379291,2026-06-10,,,https://account.amazon.jobs/jobs/10444983/apply,"Safety Risk Response Analyst, Risk Response and Continuous Improvement",Database Architects,"Safety Risk Response Analyst, Risk Response and Continuous Improvement",0,Amazon,False,Full Time,,,False,Bachelor's degree,Bachelor's degree,"{'min': '', 'max': '', 'currency': '', 'period': '', 'summary': ''}",,,,Unknown,"Nashville, Tennessee",Nashville,Tennessee,,5241,,Database Architects,"[""Automation""]","[""Automation""]",[],[],[]
202575,2026-06-04,,,https://thinkjam.applytojob.com/apply/BJfiVGhcQj/Senior-Creator-Marketing-Executive,Senior Creator Marketing Executive,Database Architects,Senior Creator Marketing Executive,0,Think Jam,False,Contract,,,False,Associate's degree,Master's degree,$55k - $62k per year,55000.0,62000.0,annual,Remote,"Los Angeles, CA, United States",CA,United States,,5241,,Database Architects,"[""Accountability"", ""Analytical Thinking"", ""Analytics""]","[""Analytics""]","[""Accountability"", ""Analytical Thinking""]",[],[]
215732,2026-06-06,,,https://wellsky.wd1.myworkdayjobs.com/en-US/WellSkyCareers/job/Remote---US/Sr-Data-Engineer_JR4729,Senior Data Engineer,Database Architects,Senior Data Engineer,1,WellSky,False,Full Time,,,False,Bachelor's degree,Bachelor's degree,,,,,Remote,"Remote, United States of America {{REMOTE}}",,,,5241,,Database Architects,,,,,
378565,2026-06-10,,,https://careers-wafd.icims.com/jobs/4836/senior-data-engineer/job?in_iframe=1,Senior Data Engineer,Database Architects,Senior Data Engineer,1,Wafd,False,Full Time,,,False,Bachelor's degree,Bachelor's degree,"{'min': '', 'max': '', 'currency': '', 'period': '', 'summary': ''}",,,,Hybrid,"Seattle, Washington",Seattle,Washington,,5241,,Database Architects,"[""AI Innovation""]","[""AI Innovation""]",[],[],[]
281921,2026-06-23,,,https://jobs.ashbyhq.com/certifid/1ca4f2d1-f84c-4ac3-86ec-80f93eea3dbf/application,Senior Data Engineer,Database Architects,Senior Data Engineer,1,Certifid,False,Contract,,,False,Associate's degree,Associate's degree,"{'min': '', 'max': '', 'currency': '', 'period': '', 'summary': ''}",,,,Remote,United States,,,,5241,,Database Architects,"[""Airflow"", ""BigQuery""]","[""Airflow"", ""BigQuery""]",[],[],[]
232327,2026-06-26,,,https://job-boards.greenhouse.io/babylist/jobs/6100946004,Senior Data Engineer,Database Architects,Senior Data Engineer,1,Babylist,False,,,,False,Associate's degree,Associate's degree,"{'min': '', 'max': '', 'currency': '', 'period': '', 'summary': ''}",,,,Remote,United States,,,,5241,,Database Architects,"[""Advanced Analytics"", ""Agentic Systems"", ""Airflow"", ""Analytics""]","[""Advanced Analytics"", ""Agentic Systems"", ""Airflow"", ""Analytics""]",[],[],[]
217216,2026-06-05,,,https://jobs.ashbyhq.com/pearl/35aa130a-4fcd-4749-ab9d-e82d69679a03,Senior Data Integrity Engineer,Database Architects,Senior Data Integrity Engineer,0,PEARL,False,Full Time,,,False,Associate's degree,Associate's degree,,,,,Remote,United States {{REMOTE}},,,,5241,,Database Architects,"[""AWS Lambda"", ""Cardinality""]","[""AWS Lambda"", ""Cardinality""]",[],[],[]
161376,2026-06-05,,,https://comeseeclay.isolvedhire.com/jobs/1788702,Shipping Clerk,Database Architects,Shipping Clerk,0,Clay Cooley Auto Group,False,Full Time,,,False,Associate's degree,Associate's degree,USD 15.00 - 15.50,15.0,15.5,hourly,Unknown,"Dallas, Texas, United States",Texas,United States,,5241,,Database Architects,,,,,
348431,2026-06-15,,,https://jobs.smartrecruiters.com/VuoriInc/744000132261171-sr-retail-analyst?oga=true,Sr. Retail Analyst,Database Architects,Sr. Retail Analyst,0,Vuoriinc,False,Full Time,,,False,Associate's degree,Associate's degree,"{'min': '', 'max': '', 'currency': '', 'period': '', 'summary': ''}",,,,Unknown,"Carlsbad, California",Carlsbad,California,,5241,,Database Architects,"[""Advanced Analytics"", ""Analytical Techniques"", ""Analytics"", ""Anomaly Detection"", ""Business Analysis"", ""Business Intelligence""]","[""Advanced Analytics"", ""Analytical Techniques"", ""Analytics"", ""Anomaly Detection"", ""Business Analysis"", ""Business Intelligence""]",[],[],[]
46645,2026-06-02,,,https://careers.dat.com/jobs/6010464004?gh_jid=6010464004,"Staff Data Engineer, Finance",Database Architects,"Staff Data Engineer, Finance",1,DAT,False,Contract,,,False,Associate's degree,Bachelor's degree,,,,,Hybrid,"Seattle, Washington, United States",Washington,United States,,5241,,Database Architects,"[""Accountability"", ""Accounting"", ""Accounts Receivable"", ""Analytics"", ""Asset-Based Lending"", ""Automation"", ""Capital Markets""]","[""Accounting"", ""Accounts Receivable"", ""Analytics"", ""Asset-Based Lending"", ""Automation"", ""Capital Markets""]","[""Accountability""]",[],[]
407870,2026-06-04,,,https://jobs.smartrecruiters.com/USPhysicalTherapy2/3743990013466167-pt-tech-aide?oga=true,Tech/Aide,Database Architects,Tech/Aide,0,Usphysicaltherapy2,False,Part Time,,,False,High school diploma or equivalent,Master's degree,"{'min': '', 'max': '', 'currency': '', 'period': '', 'summary': ''}",,,,Unknown,"Murfreesboro, Tennessee",Murfreesboro,Tennessee,,5241,,Database Architects,,,,,
164400,2026-06-05,,,https://vamac.applicantpro.com/jobs/4109967,Warehouse Associate,Database Architects,Warehouse Associate,0,Vamac Inc.,False,Full Time,,,False,Postsecondary nondegree award,Associate's degree,"MonetaryAmount, USD, {'@type': 'QuantitativeValue', 'value': '', 'unitText': 'HOUR'}",,,hourly,On-site,"Woodbridge, Virginia, United States",Virginia,United States,,5241,,Database Architects,,,,,
99602,2026-06-05,2027-06-05,365.0,https://careers.kehe.com/careers-home/jobs/29379,"Warehouse Associate, A-Zone Selector",Database Architects,"Warehouse Associate, A-Zone Selector",0,KeHE Distributors,False,Full Time,,,False,High school diploma or equivalent,Associate's degree,"MonetaryAmount, USD, {'@type': 'QuantitativeValue', 'value': 0, 'minValue': 0, 'maxValue': 0, 'unitText': 'YEAR'}",0.0,0.0,annual,Unknown,"Romeoville, Illinois, United States",Illinois,United States,,5241,,Database Architects,"[""Acquisition Processes""]","[""Acquisition Processes""]",[],[],[]
119876,2026-06-05,,,https://jobs.dayforcehcm.com/en-US/westshorehome/CANDIDATEPORTAL/jobs/23849,Warehouse Manager,Database Architects,Warehouse Manager,0,West Shore Home,False,Full Time,,,False,Postsecondary nondegree award,Associate's degree,USD 75000 per YEAR,75000.0,75000.0,annual,Unknown,"Chattanooga, Tennessee, United States",Tennessee,United States,,5241,,Database Architects,,,,,
119862,2026-06-05,,,https://jobs.dayforcehcm.com/en-US/westshorehome/CANDIDATEPORTAL/jobs/23860,Warehouse Manager - Minneapolis,Database Architects,Warehouse Manager - Minneapolis,0,West Shore Home,False,Full Time,,,False,Postsecondary nondegree award,Associate's degree,,,,,Unknown,"Minneapolis, Minnesota, United States, Saint Paul, Minnesota, United States",Minnesota,United States,,5241,,Database Architects,,,,,
177231,2026-06-05,,,https://zekelman.wd12.myworkdayjobs.com/Careers/job/Auburn-WA/Warehouse-Operator_JR002183,Warehouse Operator,Database Architects,Warehouse Operator,0,Zekelman Industries,False,Full Time,,,False,Associate's degree,Associate's degree,USD 20 - 22.89 per HOUR,20.0,22.89,hourly,On-site,"Auburn, Washington, United States",Washington,United States,,5241,,Database Architects,,,,,
383144,2026-06-10,,,https://apply.workable.com/j/FAF3B5574B/apply,Warehouse Selector Thomsen Foodservice,Database Architects,Warehouse Selector Thomsen Foodservice,0,Legacy-Food-Group,False,Full Time,,,False,High school diploma or equivalent,Associate's degree,"{'min': '', 'max': '', 'currency': '', 'period': '', 'summary': ''}",,,,Unknown,"Rumford, Rhode Island",Rumford,Rhode Island,,5241,,Database Architects,,,,,
116889,2026-06-05,,,https://jobs.dayforcehcm.com/en-US/nfmstaff/KCKS/jobs/25143,Warehouse Supervisor II - Mezzanine,Database Architects,Warehouse Supervisor II - Mezzanine,0,Nebraska Furniture Mart,False,Full Time,,,False,High school diploma or equivalent,Associate's degree,USD 55632.72 - 68984.5 per YEAR,55632.72,68984.5,annual,On-site,"Kansas City, Kansas, United States",Kansas,United States,,5241,,Database Architects,"[""Career Development""]","[""Career Development""]",[],[],[]
260272,2026-06-25,,,https://jobs.thermofisher.com/job/R-01354131,Warehouse Worker ll - 2nd Shift,Database Architects,Warehouse Worker ll - 2nd Shift,0,Jobs.thermofisher.com,False,,,,False,Bachelor's degree,Bachelor's degree,"{'min': '', 'max': '', 'currency': '', 'period': '', 'summary': ''}",,,,Unknown,"Agawam, Massachusetts",Agawam,Massachusetts,,5241,,Database Architects,,,,,
246199,2026-06-25,,,https://jobs.ashbyhq.com/tapcart/a0c241a5-d1b4-421d-98a2-685497984662/application,Demand Gen Director,Demand Gen Director,Demand Gen Director,0,Tapcart,False,Full Time,,,False,Associate's degree,Master's degree,"USD 190,000 - 220,000 Yearly",190000.0,220000.0,annual,Remote,United States,,,,5241,,Models,"[""Accountability"", ""Automation"", ""Brand Positioning""]","[""Automation"", ""Brand Positioning""]","[""Accountability""]",[],[]
248420,2026-06-25,,,https://jobs.lever.co/jobgether/dcbb6ec1-0aa8-43e6-b0f8-66023a2622b3/apply,Director of Data Governance,Director of Data Governance,Director of Data Governance,1,Jobgether,False,Full Time,,,False,Associate's degree,Master's degree,"{'min': '', 'max': '', 'currency': '', 'period': '', 'summary': ''}",,,,Remote,US,,,,5241,,Models,"[""Accountability"", ""Analytics""]","[""Analytics""]","[""Accountability""]",[],[]
264052,2026-06-24,,,https://jobs.lever.co/jobgether/641ea7f1-d0f9-4b20-a096-1d6c1d02d1b7/apply,"Director of Paid Media, Performance Video","Director of Paid Media, Performance Video","Director of Paid Media, Performance Video",0,Jobgether,False,Full Time,,,False,Associate's degree,Associate's degree,"{'min': '', 'max': '', 'currency': '', 'period': '', 'summary': ''}",,,,Remote,US,,,,5241,,Models,"[""Acting"", ""Analytical Skills"", ""Analytics"", ""Audience Segmentation"", ""Bidding"", ""Business Objectives""]","[""Acting"", ""Analytics"", ""Audience Segmentation"", ""Bidding""]","[""Analytical Skills"", ""Business Objectives""]",[],[]
293987,2026-06-22,,,https://jobs.lever.co/jobgether/2b4da338-6e1d-4351-ae57-4fbd2c787863/apply,"Director of Product Design, Commerce","Director of Product Design, Commerce","Director of Product Design, Commerce",0,Jobgether,False,Full Time,,,False,High school diploma or equivalent,High school diploma or equivalent,"{'min': '', 'max': '', 'currency': '', 'period': '', 'summary': ''}",,,,Hybrid,US,,,,5241,,Models,"[""A/B Testing"", ""Accountability"", ""Business Decisions"", ""Business Objectives""]","[""A/B Testing"", ""Business Decisions""]","[""Accountability"", ""Business Objectives""]",[],[]
159513,2026-06-05,,,https://jobs.ashbyhq.com/openloophealth/67ea7ac4-c5bc-4b2f-a630-67b6088c2766,Director of Revenue Intelligence,Director of Revenue Intelligence,Director of Revenue Intelligence,0,OpenLoop,False,Full Time,,,False,Associate's degree,Associate's degree,,,,,Unknown,United States,,,,5241,,Models,"[""Analytics"", ""Auditing""]","[""Analytics"", ""Auditing""]",[],[],[]
282576,2026-06-23,,,https://jobs.lever.co/jobgether/417669b9-7654-4552-8be8-b7a509d50c1e/apply,"Director, Commercial Legal","Director, Commercial Legal","Director, Commercial Legal",0,Jobgether,False,Contract,,,False,Associate's degree,Doctoral or professional degree,"{'min': '', 'max': '', 'currency': '', 'period': '', 'summary': ''}",,,,Hybrid,US,,,,5241,,Models,"[""Business Objectives""]",[],"[""Business Objectives""]",[],[]
392920,2026-06-08,,,https://job-boards.greenhouse.io/huntress/jobs/7765110003,"Director, Detection Engineering & Threat Hunting","Director, Detection Engineering & Threat Hunting","Director, Detection Engineering & Threat Hunting",0,Huntress,False,Full Time,,,False,Associate's degree,Associate's degree,"{'min': '', 'max': '', 'currency': '', 'period': '', 'summary': ''}",,,,Remote,United States of America,,,,5241,,Models,"[""Accountability"", ""Artificial Intelligence"", ""Budgeting"", ""Business Acumen""]","[""Artificial Intelligence""]","[""Accountability"", ""Budgeting"", ""Business Acumen""]",[],[]
293407,2026-06-22,,,https://jobs.lever.co/jobgether/77309820-6905-48da-b9ad-f6ddcfc4b859/apply,"Director, Enterprise Program Management","Director, Enterprise Program Management","Director, Enterprise Program Management",0,Jobgether,False,Full Time,,,False,Associate's degree,Associate's degree,"{'min': '', 'max': '', 'currency': '', 'period': '', 'summary': ''}",,,,Remote,US,,,,5241,,Models,"[""Accountability"", ""Accounting""]","[""Accounting""]","[""Accountability""]",[],[]
275650,2026-06-24,,,https://efpv.fa.us6.oraclecloud.com/?keyword=&mode=jobs&lang=en&site_number=CX_1#7518,"Director, Governance, Risk & Compliance","Director, Governance, Risk & Compliance","Director, Governance, Risk & Compliance",0,Efpv.fa.us6.oraclecloud.com,False,,,,False,Postsecondary nondegree award,Bachelor's degree,"{'min': '', 'max': '', 'currency': '', 'period': '', 'summary': ''}",,,,Hybrid,"Washington, District of Columbia",Washington,District of Columbia,"Washington-Arlington-Alexandria, DC-VA-MD-WV",5241,,Models,"[""Automation"", ""Business Continuity""]","[""Automation"", ""Business Continuity""]",[],[],[]
80451,2026-06-04,,,https://ats.rippling.com/riot-platforms-careers/jobs/3b2a005a-a7df-4380-9533-b775cf4fe8b5,"Director, Investor Relations","Director, Investor Relations","Director, Investor Relations",0,"Riot Platforms, Inc.",False,Full Time,,,False,Associate's degree,Master's degree,USD 185000 - 205000 per YEAR,185000.0,205000.0,annual,Unknown,"Quinte West, Ontario, Canada, Irvine, California, United States, New York, New York, United States",New York,United States,,5241,,Models,"[""Accounting"", ""Banking"", ""Benchmarking"", ""Capital Markets""]","[""Accounting"", ""Banking"", ""Benchmarking"", ""Capital Markets""]",[],[],[]
369700,2026-06-11,,,https://job-boards.greenhouse.io/babylist/jobs/6019962004,"Director, Revenue Operations","Director, Revenue Operations","Director, Revenue Operations",0,Babylist,False,,,,False,Associate's degree,Associate's degree,"{'min': '', 'max': '', 'currency': '', 'period': '', 'summary': ''}",,,,Remote,United States,,,,5241,,Models,"[""Account Growth"", ""Accounting"", ""Analytics"", ""Billing"", ""Business Development""]","[""Account Growth"", ""Accounting"", ""Analytics"", ""Billing"", ""Business Development""]",[],[],[]
158931,2026-06-05,2027-06-05,365.0,https://careers-seismic.icims.com/jobs/2230/director%2c-total-rewards/job,"Director, Total Rewards","Director, Total Rewards","Director, Total Rewards",0,Seismic,False,Full Time,,,False,Associate's degree,Associate's degree,,,,,Unknown,United States,,,,5241,,Models,"[""Analytical Skills"", ""Analytics"", ""Benchmarking""]","[""Analytics"", ""Benchmarking""]","[""Analytical Skills""]",[],[]
391536,2026-06-09,,,https://apply.workable.com/j/D9C2B95537/apply,"Senior Manager, MLE Strategy",Economists,"Senior Manager, MLE Strategy",0,Evidence-Action,False,"Full Time, Contract",,,False,Associate's degree,Master's degree,"{'min': '', 'max': '', 'currency': '', 'period': '', 'summary': ''}",,,,Hybrid,"Washington, District of Columbia",Washington,District of Columbia,"Washington-Arlington-Alexandria, DC-VA-MD-WV",5241,,Economists,"[""Advising"", ""Calculations""]","[""Calculations""]","[""Advising""]",[],[]
348522,2026-06-15,,,https://jobs.smartrecruiters.com/Expeditors/744000132258259-administrative-support?oga=true,Administrative Support,Editors,Administrative Support,0,Expeditors,False,Full Time,,,False,Associate's degree,Master's degree,"{'min': '', 'max': '', 'currency': '', 'period': '', 'summary': ''}",,,,Unknown,"Eagan, Minnesota",Eagan,Minnesota,,5241,,Editors,"[""Accounting"", ""Administrative Support""]","[""Accounting"", ""Administrative Support""]",[],[],[]
292771,2026-06-22,,,https://jobs.smartrecruiters.com/Expeditors/744000133446827-air-export-billing-and-compliance-agent?oga=true,Air Export Billing and Compliance Agent,Editors,Air Export Billing and Compliance Agent,0,Expeditors,False,Full Time,,,False,Associate's degree,Associate's degree,"{'min': '', 'max': '', 'currency': '', 'period': '', 'summary': ''}",,,,Unknown,"Peabody, Massachusetts",Peabody,Massachusetts,,5241,,Editors,"[""Accounting"", ""Billing""]","[""Accounting"", ""Billing""]",[],[],[]
282831,2026-06-23,,,https://jobs.lever.co/jobgether/79fa8362-6d2a-40ff-8df0-54ef09adc4ff/apply,Communications Director,Editors,Communications Director,0,Jobgether,False,Full Time,,,False,Associate's degree,Associate's degree,"{'min': '', 'max': '', 'currency': '', 'period': '', 'summary': ''}",,,,Remote,US,,,,5241,,Editors,"[""Accountability"", ""Agentic AI"", ""Application Security"", ""Brand Awareness"", ""Career Development""]","[""Agentic AI"", ""Application Security"", ""Brand Awareness"", ""Career Development""]","[""Accountability""]",[],[]
294732,2026-06-22,,,https://jobs.ashbyhq.com/fitt/0d5a526d-dddb-4ecf-868d-702b9238209f/application,Head of Content & Brand,Editors,Head of Content & Brand,0,Fitt,True,Full Time,,,False,Associate's degree,Doctoral or professional degree,"{'min': '', 'max': '', 'currency': '', 'period': '', 'summary': ''}",,,,Remote,Remote (),,Remote (),,5241,,Editors,"[""Brand Strategy"", ""Captions""]","[""Brand Strategy"", ""Captions""]",[],[],[]
361638,2026-06-12,,,https://jobs.smartrecruiters.com/Expeditors/744000131950324-local-account-manager?oga=true,Local Account Manager,Editors,Local Account Manager,0,Expeditors,False,Full Time,,,False,Associate's degree,Master's degree,"{'min': '', 'max': '', 'currency': '', 'period': '', 'summary': ''}",,,,Unknown,"Nashville, Tennessee",Nashville,Tennessee,,5241,,Editors,"[""Accounting"", ""Analytics"", ""Business Development"", ""Business Planning""]","[""Accounting"", ""Analytics"", ""Business Development"", ""Business Planning""]",[],[],[]
391428,2026-06-09,,,https://apply.workable.com/j/A373C7B84E/apply,Order Management Team Lead,Editors,Order Management Team Lead,0,Telestream,False,Full Time,,,False,Associate's degree,Bachelor's degree,"{'min': '', 'max': '', 'currency': '', 'period': '', 'summary': ''}",,,,Hybrid,"Beaverton, Oregon",Beaverton,Oregon,,5241,,Editors,"[""Accounting"", ""Artificial Intelligence"", ""Automation"", ""Business Administration""]","[""Accounting"", ""Artificial Intelligence"", ""Automation""]","[""Business Administration""]",[],[]
407650,2026-06-04,,,https://jobs.smartrecruiters.com/Expeditors/744000130238376-transcon-agent-night-operations-?oga=true,Transcon Agent (Night Operations),Editors,Transcon Agent,0,Expeditors,False,Full Time,,,False,Postsecondary nondegree award,Associate's degree,"{'min': '', 'max': '', 'currency': '', 'period': '', 'summary': ''}",,,,Unknown,"Brisbane, California",Brisbane,California,,5241,,Editors,"[""Accounting"", ""Billing""]","[""Accounting"", ""Billing""]",[],[],[]
233592,2026-06-26,,,https://job-boards.greenhouse.io/steercrm/jobs/5175015007,Enterprise Customer Success Manager,Enterprise Customer Success Manager,Enterprise Customer Success Manager,0,Steercrm,False,,,,False,Associate's degree,Associate's degree,"{'min': '', 'max': '', 'currency': '', 'period': '', 'summary': ''}",,,,Remote,(Remote),,(Remote),,5241,,Models,"[""Account Planning"", ""Advocacy"", ""Automation""]","[""Account Planning"", ""Automation""]","[""Advocacy""]",[],[]
681561,2026-07-15,,,https://jobs.ashbyhq.com/solace/6d94b601-e940-4e44-ae9c-3a4ce464c083/application,Executive Assistant,Executive Assistant,Executive Assistant,0,Solace,False,Full Time,,,False,Associate's degree,Associate's degree,"USD 100,000 - 150,000 Yearly",100000.0,150000.0,annual,Unknown,United States,,,,5241,,Executive Secretaries and Executive Administrative Assistants,"[""Advocacy"", ""Calendar Management""]","[""Calendar Management""]","[""Advocacy""]",[],[]
215494,2026-06-05,,,https://ebxr.fa.us2.oraclecloud.com/hcmUI/CandidateExperience/en/sites/CX_1/job/213884,Executive Director Infrastructure Engineering,Executive Director Infrastructure Engineering,Executive Director Infrastructure Engineering,0,DTCC Candidate Experience Site,False,Full Time,,,False,Associate's degree,Associate's degree,,,,,Hybrid,"Jersey City, NJ, United States",NJ,United States,,5241,,Models,"[""Accountability"", ""Automation"", ""Business Priorities""]","[""Automation"", ""Business Priorities""]","[""Accountability""]",[],[]
297012,2026-06-22,,,https://account.amazon.jobs/jobs/10455548/apply,"Finance Analyst, Category and Sales Finance","Finance Analyst, Category and Sales Finance","Finance Analyst, Category and Sales Finance",0,Amazon,False,Full Time,,,False,Associate's degree,Associate's degree,"{'min': '', 'max': '', 'currency': '', 'period': '', 'summary': ''}",,,,Unknown,"Washington, District of Columbia",Washington,District of Columbia,"Washington-Arlington-Alexandria, DC-VA-MD-WV",5241,,Models,"[""Account Management"", ""Analytics"", ""Business Acumen"", ""Business Decisions"", ""Business Metrics""]","[""Account Management"", ""Analytics"", ""Business Decisions"", ""Business Metrics""]","[""Business Acumen""]",[],[]
357027,2026-06-15,,,https://apply.workable.com/j/EC5632C379/apply,Finance Manager,Finance Manager,Finance Manager,0,Medical-Guardian,False,Full Time,,,False,Associate's degree,Master's degree,"{'min': '', 'max': '', 'currency': '', 'period': '', 'summary': ''}",,,,Hybrid,"Philadelphia, Pennsylvania",Philadelphia,Pennsylvania,,5241,,Models,"[""Accounting"", ""Ad Hoc Analysis"", ""Business Acumen"", ""Business Administration"", ""Cash Flows""]","[""Accounting"", ""Ad Hoc Analysis"", ""Cash Flows""]","[""Business Acumen"", ""Business Administration""]",[],[]
285195,2026-06-23,,,https://account.amazon.jobs/jobs/10456938/apply,"Finance Manager, One Medical - Finance","Finance Manager, One Medical - Finance","Finance Manager, One Medical - Finance",0,Amazon,False,Full Time,,,False,Associate's degree,Associate's degree,"{'min': '', 'max': '', 'currency': '', 'period': '', 'summary': ''}",,,,Unknown,"Washington, District of Columbia",Washington,District of Columbia,"Washington-Arlington-Alexandria, DC-VA-MD-WV",5241,,Models,,,,,
455718,2026-05-08,,,https://account.amazon.jobs/jobs/10415050/apply,"Finance Manager, Prime Video Finance","Finance Manager, Prime Video Finance","Finance Manager, Prime Video Finance",0,Amazon,False,Full Time,,,False,Associate's degree,Associate's degree,"{'min': '', 'max': '', 'currency': '', 'period': '', 'summary': ''}",,,,Unknown,"Seattle, Washington",Seattle,Washington,,5241,,Models,"[""Automation"", ""Business Reporting""]","[""Automation"", ""Business Reporting""]",[],[],[]
726833,2026-07-17,,,https://job-boards.greenhouse.io/iterativehealth/jobs/4645212006,Finance Analyst,Financial and Investment Analysts,Finance Analyst,0,Iterative Health,False,Full Time,,,False,Bachelor's degree,Bachelor's degree,"USD 95,000 - 120,000 Yearly",95000.0,120000.0,annual,Unknown,"New York, New York",New York,New York,"New York-Newark-Jersey City, NY-NJ",5241,,Financial and Investment Analysts,,,,,
265346,2026-06-24,,,https://careers-ovg.icims.com/jobs/32653/office-coordinator-%7c-full-time-%7c-palm-springs-convention-center/job?in_iframe=1,Office Coordinator - - Palm Springs Convention Center,First-Line Supervisors of Office and Administrative Support Workers,Office Coordinator - - Palm Springs Convention Center,0,Comcastspectacor,False,Full Time,,,False,Associate's degree,Associate's degree,"{'min': '', 'max': '', 'currency': '', 'period': '', 'summary': ''}",,,,Unknown,"Palm Springs, California",Palm Springs,California,,5241,,First-Line Supervisors of Office and Administrative Support Workers,"[""Accounting"", ""Administrative Support""]","[""Accounting"", ""Administrative Support""]",[],[],[]
73095,2026-06-04,,,,Assistant Restaurant Manager,Food Service Managers,Assistant Restaurant Manager,0,"Cho Cho San, Inc.",False,"Full Time, Part Time",,,False,Bachelor's degree,Bachelor's degree,From $25 an hour,25.0,25.0,hourly,On-site,"Thousand Oaks, CA 91360",,,,5241,,Food Service Managers,,,,,
114510,2026-06-05,,,https://aicpa.taleo.net/careersection/aicpa_mobilecs/jobdetail.ftl?job=26000034&lang=en,Design Director,Graphic Designers,Design Director,0,Aicpa,False,Full Time,,,False,Associate's degree,Bachelor's degree,USD 105000 - 136000 per YEAR,105000.0,136000.0,annual,Hybrid,"Durham, North Carolina, United States",North Carolina,United States,,5241,,Graphic Designers,"[""Accounting"", ""Brand Alignment"", ""Brand Architecture""]","[""Accounting"", ""Brand Alignment"", ""Brand Architecture""]",[],[],[]
86446,2026-06-05,,,https://jobs.smartrecruiters.com/HMGroup/744000130576529-h-m-sales-advisor-seasonal-chandler-fashion-center,H&M Sales Advisor (Seasonal) - Chandler Fashion Center,H&M Sales Advisor - Chandler Fashion Center,H&M Sales Advisor - Chandler Fashion Center,0,H&M Group,False,"Contract, Temporary",,,False,Associate's degree,Associate's degree,USD 15.75 per HOUR,15.75,15.75,hourly,Unknown,"Chandler, Arizona, United States",Arizona,United States,,5241,,Models,,,,,
88003,2026-06-05,,,https://jobs.smartrecruiters.com/HMGroup/744000130571369-h-m-sales-advisor-arundel-mills-md,"H&M Sales Advisor Arundel Mills, MD","H&M Sales Advisor Arundel Mills, MD","H&M Sales Advisor Arundel Mills, MD",0,H&M Group,False,Part Time,,,False,Associate's degree,Doctoral or professional degree,USD 15.5 per HOUR,15.5,15.5,hourly,Unknown,"Glen Burnie, Maryland, United States",Maryland,United States,,5241,,Models,,,,,
101964,2026-06-05,,,https://jobs.smartrecruiters.com/HMGroup/744000130519809-h-m-sales-advisor-towson-md,"H&M Sales Advisor Towson, MD","H&M Sales Advisor Towson, MD","H&M Sales Advisor Towson, MD",0,H&M Group,False,Part Time,,,False,Associate's degree,Doctoral or professional degree,USD 15.5 per HOUR,15.5,15.5,hourly,Unknown,"Towson, Maryland, United States",Maryland,United States,,5241,,Models,,,,,
119075,2026-06-05,,,https://jobs.smartrecruiters.com/HMGroup/744000130356390-h-m-sales-advisor-northpark-mall,H&M Sales Advisor- Northpark Mall,H&M Sales Advisor- Northpark Mall,H&M Sales Advisor- Northpark Mall,0,H&M Group,False,Part Time,,,False,Associate's degree,Associate's degree,USD 15.5 per HOUR,15.5,15.5,hourly,Unknown,"Joplin, Missouri, United States",Missouri,United States,,5241,,Models,,,,,
121194,2026-06-05,,,https://jobs.smartrecruiters.com/HMGroup/744000130356065-h-m-sales-advisor-full-time-west-town-mall,H&M Sales Advisor/ Full-Time -West Town Mall,H&M Sales Advisor/ -West Town Mall,H&M Sales Advisor/ -West Town Mall,0,H&M Group,False,Full Time,,,False,Associate's degree,Associate's degree,USD 13.75 per HOUR,13.75,13.75,hourly,Unknown,"Knoxville, Tennessee, United States",Tennessee,United States,,5241,,Models,,,,,
218962,2026-06-03,,,https://bbinsurance.wd1.myworkdayjobs.com/Careers/job/Daytona-Beach-FL-USA/Head-of-Data-Insights_R26_0000001500,Head of Data Insights,Head of Data Insights,Head of Data Insights,0,Bbinsurance,False,Full Time,,,False,Associate's degree,Associate's degree,,,,,Unknown,"Daytona Beach, FL, USA",FL,USA,,5241,,Models,"[""Accountability"", ""Ad Hoc Analysis"", ""Advocacy"", ""Analytics"", ""Automation"", ""Business Intelligence"", ""Business Priorities""]","[""Ad Hoc Analysis"", ""Analytics"", ""Automation"", ""Business Intelligence"", ""Business Priorities""]","[""Accountability"", ""Advocacy""]",[],[]
248584,2026-06-25,,,https://jobs.smartrecruiters.com/SIXT/744000134283251-head-of-long-term-subscription?oga=true,Head of Long-term & Subscription,Head of Long-term & Subscription,Head of Long-term & Subscription,0,Sixt,False,Full Time,,,False,Associate's degree,Associate's degree,"{'min': '', 'max': '', 'currency': '', 'period': '', 'summary': ''}",,,,Unknown,"Fort, Lauderdale",Fort,Lauderdale,,5241,,Models,"[""Accountability"", ""Advocacy"", ""Business Acumen"", ""Business Transformation"", ""Capital Allocation""]","[""Business Transformation"", ""Capital Allocation""]","[""Accountability"", ""Advocacy"", ""Business Acumen""]",[],[]
383025,2026-06-10,,,https://apply.workable.com/j/BA839219EE/apply,Head of Strategy & Partnerships,Head of Strategy & Partnerships,Head of Strategy & Partnerships,0,Kooner-Fleet-Management-Solutions,False,Full Time,,,False,Associate's degree,Master's degree,"{'min': '', 'max': '', 'currency': '', 'period': '', 'summary': ''}",,,,Hybrid,"Sacramento, California",Sacramento,California,,5241,,Models,"[""Account Growth"", ""Billing"", ""Business Case""]","[""Account Growth"", ""Billing"", ""Business Case""]",[],[],[]
304762,2026-06-21,,,https://www.welcometothejungle.com/en/companies/6ATZ8j/jobs/it-support-specialist_san-mateo-ca_35ynrzx4,IT Support Specialist,IT Support Specialist,IT Support Specialist,0,PlayStation,False,Full Time,,,False,Associate's degree,Associate's degree,"USD 93,800 - 140,800 Yearly",93800.0,140800.0,annual,Unknown,"San Mateo, California",San Mateo,California,,5241,,Models,"[""Automation""]","[""Automation""]",[],[],[]
94837,2026-06-05,,,https://job-boards.greenhouse.io/tekmetric/jobs/6015290004,IT Systems Coordinator,IT Systems Coordinator,IT Systems Coordinator,0,Tekmetric,False,Full Time,,,False,Associate's degree,Associate's degree,,,,,Hybrid,"Houston, Texas, United States",Texas,United States,,5241,,Models,"[""Automation""]","[""Automation""]",[],[],[]
418557,2026-06-03,,,https://apply.workable.com/j/AC7DBB8BA7/apply,Implementation Consultant,Implementation Consultant,Implementation Consultant,0,Pereview-Software,True,"Full Time, Contract",,,False,Associate's degree,Bachelor's degree,"{'min': '', 'max': '', 'currency': '', 'period': '', 'summary': ''}",,,,On-site,"Dallas, Texas",Dallas,Texas,,5241,,Models,"[""Accounting"", ""Analytical Skills"", ""Asset Management""]","[""Accounting"", ""Asset Management""]","[""Analytical Skills""]",[],[]
397532,2026-06-08,,,https://jobs.danaher.com/job/R1310215,Supplier Quality Engineer,Industrial Engineers,Supplier Quality Engineer,0,Jobs.danaher.com,False,,,,False,Bachelor's degree,Bachelor's degree,"{'min': '', 'max': '', 'currency': '', 'period': '', 'summary': ''}",,,,Unknown,"Chaska, Minnesota",Chaska,Minnesota,,5241,,Industrial Engineers,,,,,
117075,2026-06-05,,,https://jobs.dayforcehcm.com/en-US/gardaworld/CANDIDATEPORTAL/jobs/61283,Armed Security - Cash Transport,Information Security Analysts,Armed Security - Cash Transport,0,GardaWorld,False,Full Time,,,False,Associate's degree,Associate's degree,USD 18 - 22 per HOUR,18.0,22.0,hourly,On-site,"Memphis, Tennessee, United States",Tennessee,United States,,5241,,Information Security Analysts,"[""Cash Management""]","[""Cash Management""]",[],[],[]
136588,2026-06-05,,,https://recruiting.paylocity.com/Recruiting/Jobs/Details/4187994,Assistant Finance Manager,Information Security Analysts,Assistant Finance Manager,0,Food For Lane County,False,Full Time,,,False,Associate's degree,Bachelor's degree,USD 69680 - 87048 per YEAR,69680.0,87048.0,annual,Unknown,"Eugene, Oregon, United States",Oregon,United States,,5241,,Information Security Analysts,"[""Accounting"", ""Accounting Software"", ""Accounts Payable"", ""Benefits Administration"", ""Billing"", ""Cash Receipts""]","[""Accounting"", ""Accounting Software"", ""Accounts Payable"", ""Benefits Administration"", ""Billing"", ""Cash Receipts""]",[],[],[]
293144,2026-06-22,,,https://job-boards.greenhouse.io/hillel/jobs/4708253005,"Associate Vice President, Safety and Security",Information Security Analysts,"Associate Vice President, Safety and Security",0,Hillel,False,,,,False,Associate's degree,Bachelor's degree,"{'min': '', 'max': '', 'currency': '', 'period': '', 'summary': ''}",,,,Remote,"Washington, District of Columbia",Washington,District of Columbia,"Washington-Arlington-Alexandria, DC-VA-MD-WV",5241,,Information Security Analysts,"[""Accountability""]",[],"[""Accountability""]",[],[]
433997,2026-05-29,,,https://jobs.ashbyhq.com/hoxhunt/8eee71ca-7e46-47aa-a971-31e917033da4/application,Channel Account Manager,Information Security Analysts,Channel Account Manager,0,Hoxhunt,False,Full Time,,,False,Associate's degree,Associate's degree,"USD 110,000 - 120,000 Yearly",110000.0,120000.0,annual,Hybrid,Minneapolis,,Minneapolis,,5241,,Information Security Analysts,"[""Behavioral Science""]","[""Behavioral Science""]",[],[],[]
63991,2026-06-02,,,https://phh.tbe.taleo.net/phh01/ats/careers/v2/viewRequisition?cws=37&org=BASESOLU&rid=2558,Cloud Security Engineer,Information Security Analysts,Cloud Security Engineer,0,"Base-2 Solutions, LLC",False,Contract,,,False,Bachelor's degree,Bachelor's degree,,,,,Remote,United States,,,,5241,,Information Security Analysts,"[""Business Development""]","[""Business Development""]",[],[],[]
461552,2026-02-04,,,https://account.amazon.com/jobs/3174108/apply,"Corporate Counsel, Environmental Health and Safety Legal",Information Security Analysts,"Corporate Counsel, Environmental Health and Safety Legal",0,Amazon,False,Full Time,,,False,Associate's degree,Associate's degree,"{'min': '', 'max': '', 'currency': '', 'period': '', 'summary': ''}",,,,Unknown,"Arlington, Virginia",Arlington,Virginia,,5241,,Information Security Analysts,,,,,
232366,2026-06-26,,,https://sumup.com/careers/positions/8610589002?gh_jid=8610589002,"Customer Experience Specialist - El Paso, TX",Information Security Analysts,"Customer Experience Specialist - El Paso, TX",0,Sumup,False,Full Time,,,False,Associate's degree,Associate's degree,"{'min': '', 'max': '', 'currency': '', 'period': '', 'summary': ''}",,,,On-site,"El Paso, Texas",El Paso,Texas,,5241,,Information Security Analysts,,,,,
93468,2026-06-05,,,https://careers.hireology.com/lutherbrookdalehonda/2780814/description,Detailer / Car Washer,Information Security Analysts,Detailer / Car Washer,0,Luther Automotive Group,False,Full Time,,,False,Postsecondary nondegree award,Postsecondary nondegree award,,,,,Unknown,"Brooklyn Center, Minnesota, United States",Minnesota,United States,,5241,,Information Security Analysts,,,,,
325910,2026-06-18,,,https://apply.workable.com/j/4901A0A163/apply,"Director of Sales, Unified Communications and Security",Information Security Analysts,"Director of Sales, Unified Communications and Security",0,Tp-Link-USA-Corp,False,Full Time,,,False,Associate's degree,Master's degree,"{'min': '', 'max': '', 'currency': '', 'period': '', 'summary': ''}",,,,Unknown,"Irvine, California",Irvine,California,,5241,,Information Security Analysts,,,,,
403608,2026-06-05,,,https://ernh.fa.us2.oraclecloud.com/?keyword=&mode=jobs&lang=en&site_number=CX_1#20062993,"Director, Infrastructure",Information Security Analysts,"Director, Infrastructure",0,Ernh.fa.us2.oraclecloud.com,False,,,,False,Bachelor's degree,Bachelor's degree,"{'min': '', 'max': '', 'currency': '', 'period': '', 'summary': ''}",,,,Unknown,"Bridgeton, New Jersey",Bridgeton,New Jersey,,5241,,Information Security Analysts,,,,,
3938,2026-05-18,,,https://apply.workable.com/j/B120B460CA,"Engineering Manager, Infrastructure (Remote, US)",Information Security Analysts,"Engineering Manager, Infrastructure",0,Renew home,False,Full Time,,,False,Associate's degree,Associate's degree,"$200,000 - $240,000 a year",200000.0,240000.0,annual,Remote,United States,,,,5241,,Information Security Analysts,"[""Automation"", ""Career Development""]","[""Automation"", ""Career Development""]",[],[],[]
414158,2026-06-03,,,https://jobs.gem.com/bead-ai/am9icG9zdDpbvz4ohocnw9GczvwIx6_O,Founding Account Executive,Information Security Analysts,Founding Account Executive,0,Bead-AI,False,Full Time,,,False,Associate's degree,Associate's degree,"{'min': '', 'max': '', 'currency': '', 'period': '', 'summary': ''}",,,,On-site,"San, Francisco",San,Francisco,,5241,,Information Security Analysts,"[""Accounting"", ""Agentic AI""]","[""Accounting"", ""Agentic AI""]",[],[],[]
293472,2026-06-22,,,https://jobs.lever.co/jobgether/5740e0ac-1bf5-4598-a76c-0333981c4b06/apply,"General Manager, Workload",Information Security Analysts,"General Manager, Workload",0,Jobgether,False,Full Time,,,False,Associate's degree,Associate's degree,"{'min': '', 'max': '', 'currency': '', 'period': '', 'summary': ''}",,,,Hybrid,US,,,,5241,,Information Security Analysts,"[""Accountability"", ""Business Acumen"", ""Business Expansion""]","[""Business Expansion""]","[""Accountability"", ""Business Acumen""]",[],[]
82140,2026-06-04,,,https://workforcenow.adp.com/mascsr/default/mdf/recruitment/recruitment.html?cid=30fbf914-a807-419c-b19e-409fa2c6a5f6&jobId=521444,"Houseperson - Hotel Erwin - Venice, CA",Information Security Analysts,"Houseperson - Hotel Erwin - Venice, CA",0,Hotel Equities,False,Full Time,,,False,High school diploma or equivalent,Associate's degree,"MonetaryAmount, USD, {'@type': 'QuantitativeValue', 'minValue': 0, 'maxValue': 22.66, 'unitText': 'HOUR'}",0.0,22.66,hourly,Unknown,"Los Angeles, California, United States",California,United States,,5241,,Information Security Analysts,"[""Accounting""]","[""Accounting""]",[],[],[]
369514,2026-06-11,,,https://job-boards.greenhouse.io/automox/jobs/5255271008,IT Systems Administrator,Information Security Analysts,IT Systems Administrator,0,Automox,False,Full Time,,,False,Associate's degree,Associate's degree,"{'min': '', 'max': '', 'currency': '', 'period': '', 'summary': ''}",,,,Remote,Remote,,Remote,,5241,,Information Security Analysts,"[""Accountability"", ""Automation""]","[""Automation""]","[""Accountability""]",[],[]
78074,2026-06-04,,,https://job-boards.greenhouse.io/horacemannagents/jobs/6014553004,"Insurance Producer - Clinton, NC",Information Security Analysts,"Insurance Producer - Clinton, NC",0,Horace Mann,False,Contract,,,False,Associate's degree,Associate's degree,,,,,On-site,"Clinton, North Carolina, United States",North Carolina,United States,,5241,,Information Security Analysts,"[""Accountability""]",[],"[""Accountability""]",[],[]
93424,2026-06-05,,,https://job-boards.greenhouse.io/horacemannagents/jobs/6015322004,"Insurance Producer - Columbus, OH",Information Security Analysts,"Insurance Producer - Columbus, OH",0,Horace Mann,False,Contract,,,False,Associate's degree,Associate's degree,,,,,On-site,"Columbus, Ohio, United States",Ohio,United States,,5241,,Information Security Analysts,"[""Accountability""]",[],"[""Accountability""]",[],[]
92946,2026-06-05,,,https://job-boards.greenhouse.io/horacemannagents/jobs/6015324004,"Insurance Producer - Dayton, OH",Information Security Analysts,"Insurance Producer - Dayton, OH",0,Horace Mann,False,Contract,,,False,Associate's degree,Associate's degree,,,,,On-site,"Dayton, Ohio, United States, Springboro, Ohio, United States",Ohio,United States,,5241,,Information Security Analysts,"[""Accountability""]",[],"[""Accountability""]",[],[]
139525,2026-06-05,,,https://job-boards.greenhouse.io/horacemannagents/jobs/6015558004,"Insurance Producer - Derry, NH",Information Security Analysts,"Insurance Producer - Derry, NH",0,Horace Mann,False,Contract,,,False,Associate's degree,Associate's degree,,,,,On-site,"Derry, New Hampshire, United States",New Hampshire,United States,,5241,,Information Security Analysts,"[""Accountability""]",[],"[""Accountability""]",[],[]
83499,2026-06-04,,,https://job-boards.greenhouse.io/horacemannagents/jobs/6014479004,"Insurance Producer - Georgetown, DE",Information Security Analysts,"Insurance Producer - Georgetown, DE",0,Horace Mann,False,Contract,,,False,Associate's degree,Associate's degree,,,,,On-site,"Georgetown, Delaware, United States",Delaware,United States,,5241,,Information Security Analysts,"[""Accountability""]",[],"[""Accountability""]",[],[]
96010,2026-06-05,,,https://job-boards.greenhouse.io/horacemannagents/jobs/6015258004,"Insurance Producer - Greensboro, NC",Information Security Analysts,"Insurance Producer - Greensboro, NC",0,Horace Mann,False,Contract,,,False,Associate's degree,Associate's degree,,,,,On-site,"Greensboro, North Carolina, United States",North Carolina,United States,,5241,,Information Security Analysts,"[""Accountability""]",[],"[""Accountability""]",[],[]
96085,2026-06-05,,,https://job-boards.greenhouse.io/horacemannagents/jobs/6015257004,"Insurance Producer - Henderson, NC",Information Security Analysts,"Insurance Producer - Henderson, NC",0,Horace Mann,False,Contract,,,False,Associate's degree,Associate's degree,,,,,On-site,"Henderson, North Carolina, United States",North Carolina,United States,,5241,,Information Security Analysts,"[""Accountability""]",[],"[""Accountability""]",[],[]
92873,2026-06-05,,,https://job-boards.greenhouse.io/horacemannagents/jobs/6015329004,"Insurance Producer - Hilliard, OH",Information Security Analysts,"Insurance Producer - Hilliard, OH",0,Horace Mann,False,Contract,,,False,Associate's degree,Associate's degree,,,,,On-site,"Hilliard, Ohio, United States",Ohio,United States,,5241,,Information Security Analysts,"[""Accountability""]",[],"[""Accountability""]",[],[]
139438,2026-06-05,,,https://job-boards.greenhouse.io/horacemannagents/jobs/6015563004,"Insurance Producer - Keene, NH",Information Security Analysts,"Insurance Producer - Keene, NH",0,Horace Mann,False,Contract,,,False,Associate's degree,Associate's degree,,,,,On-site,"Keene, New Hampshire, United States",New Hampshire,United States,,5241,,Information Security Analysts,"[""Accountability""]",[],"[""Accountability""]",[],[]
95711,2026-06-05,,,https://job-boards.greenhouse.io/horacemannagents/jobs/6015265004,"Insurance Producer - Mt Airy, NC",Information Security Analysts,"Insurance Producer - Mt Airy, NC",0,Horace Mann,False,Contract,,,False,Associate's degree,Associate's degree,,,,,On-site,"Mount Airy, North Carolina, United States",North Carolina,United States,,5241,,Information Security Analysts,"[""Accountability""]",[],"[""Accountability""]",[],[]
95526,2026-06-05,,,https://job-boards.greenhouse.io/horacemannagents/jobs/6015269004,"Insurance Producer - Smithfield, NC",Information Security Analysts,"Insurance Producer - Smithfield, NC",0,Horace Mann,False,Contract,,,False,Associate's degree,Associate's degree,,,,,On-site,"Smithfield, North Carolina, United States",North Carolina,United States,,5241,,Information Security Analysts,"[""Accountability""]",[],"[""Accountability""]",[],[]
92601,2026-06-05,,,https://job-boards.greenhouse.io/horacemannagents/jobs/6015350004,"Insurance Producer - Warwick, RI",Information Security Analysts,"Insurance Producer - Warwick, RI",0,Horace Mann,False,Contract,,,False,Associate's degree,Associate's degree,,,,,On-site,"Warwick, Rhode Island, United States",Rhode Island,United States,,5241,,Information Security Analysts,"[""Accountability""]",[],"[""Accountability""]",[],[]
84436,2026-06-04,,,https://job-boards.greenhouse.io/horacemannagents/jobs/6014451004,"Insurance Producer - Waterboro, ME",Information Security Analysts,"Insurance Producer - Waterboro, ME",0,Horace Mann,False,Contract,,,False,Associate's degree,Associate's degree,,,,,On-site,"Waterboro, Maine, United States",Maine,United States,,5241,,Information Security Analysts,"[""Accountability""]",[],"[""Accountability""]",[],[]
92816,2026-06-05,,,https://job-boards.greenhouse.io/horacemannagents/jobs/6015337004,"Insurance Producer - Westerville, OH",Information Security Analysts,"Insurance Producer - Westerville, OH",0,Horace Mann,False,Contract,,,False,Associate's degree,Associate's degree,,,,,On-site,"Westerville, Ohio, United States",Ohio,United States,,5241,,Information Security Analysts,"[""Accountability""]",[],"[""Accountability""]",[],[]
95465,2026-06-05,,,https://job-boards.greenhouse.io/horacemannagents/jobs/6015270004,"Insurance Producer - Wilmington, NC",Information Security Analysts,"Insurance Producer - Wilmington, NC",0,Horace Mann,False,Contract,,,False,Associate's degree,Associate's degree,,,,,On-site,"Wilmington, North Carolina, United States",North Carolina,United States,,5241,,Information Security Analysts,"[""Accountability""]",[],"[""Accountability""]",[],[]
95188,2026-06-05,,,https://job-boards.greenhouse.io/horacemannagents/jobs/6015276004,Insurance Producer - Winston-Salem,Information Security Analysts,Insurance Producer - Winston-Salem,0,Horace Mann,False,Contract,,,False,Associate's degree,Associate's degree,,,,,On-site,"Winston-Salem, North Carolina, United States",North Carolina,United States,,5241,,Information Security Analysts,"[""Accountability""]",[],"[""Accountability""]",[],[]
95096,2026-06-05,,,https://job-boards.greenhouse.io/horacemannagents/jobs/6015277004,"Insurance Producer - Winston-Salem, NC",Information Security Analysts,"Insurance Producer - Winston-Salem, NC",0,Horace Mann,False,Contract,,,False,Associate's degree,Associate's degree,,,,,On-site,"Winston-Salem, North Carolina, United States",North Carolina,United States,,5241,,Information Security Analysts,"[""Accountability""]",[],"[""Accountability""]",[],[]
78819,2026-06-04,,,https://job-boards.greenhouse.io/horacemannagents/jobs/6014542004,"Insurance Producer -Asheboro, NC",Information Security Analysts,"Insurance Producer -Asheboro, NC",0,Horace Mann,False,Contract,,,False,Associate's degree,Associate's degree,,,,,On-site,"Asheboro, North Carolina, United States",North Carolina,United States,,5241,,Information Security Analysts,"[""Accountability""]",[],"[""Accountability""]",[],[]
78670,2026-06-04,,,https://job-boards.greenhouse.io/horacemannagents/jobs/6014546004,"Insurance Producer -Asheville, NC",Information Security Analysts,"Insurance Producer -Asheville, NC",0,Horace Mann,False,Contract,,,False,Associate's degree,Associate's degree,,,,,On-site,"Asheville, North Carolina, United States",North Carolina,United States,,5241,,Information Security Analysts,"[""Accountability""]",[],"[""Accountability""]",[],[]
65639,2026-05-27,,,"https://jobs.workable.com/view/2utuZWoP5PtzfoMvM55v4J/hybrid-lead-cybersecurity-engineer---contingent-in-washington-at-rogerco,-inc.",Lead Cybersecurity Engineer - CONTINGENT,Information Security Analysts,Lead Cybersecurity Engineer - CONTINGENT,0,"ROGERCO, Inc.",False,Contract,,,False,Postsecondary nondegree award,Postsecondary nondegree award,,,,,Hybrid,"Washington, District of Columbia",Washington,District of Columbia,"Washington-Arlington-Alexandria, DC-VA-MD-WV",5241,,Information Security Analysts,,,,,
159938,2026-06-05,,,https://www.paycomonline.net/v4/ats/web.php/portal/902B461213211E2E52703B6504151F89/jobs/854161,Licensed Behavioral Health Professional (79343),Information Security Analysts,Licensed Behavioral Health Professional,0,Centurion Health,False,Full Time,,,False,Associate's degree,Master's degree,USD 66950 - 84950 per YEAR,66950.0,84950.0,annual,Unknown,"Ellsworth, Kansas, United States",Kansas,United States,,5241,,Information Security Analysts,"[""Behavioral Health"", ""Case Management""]","[""Behavioral Health"", ""Case Management""]",[],[],[]
265488,2026-06-24,,,https://jobs.lever.co/jobgether/473f9c35-753f-4227-9bcd-282659099119/apply,MDR Security Engineer,Information Security Analysts,MDR Security Engineer,0,Jobgether,False,Full Time,,,False,Associate's degree,Associate's degree,"{'min': '', 'max': '', 'currency': '', 'period': '', 'summary': ''}",,,,Hybrid,US,,,,5241,,Information Security Analysts,"[""Acting"", ""Active Directory"", ""Automation"", ""Automation Systems""]","[""Acting"", ""Active Directory"", ""Automation"", ""Automation Systems""]",[],[],[]
90768,2026-06-05,,,https://jobs.gem.com/fabrichealth/am9icG9zdDo3KHMKnTprfvn1rD3dxmwg,Manager of Security & IT,Information Security Analysts,Manager of Security & IT,0,Fabric,False,Full Time,,,False,Associate's degree,Associate's degree,USD 160000 - 175000 per YEAR,160000.0,175000.0,annual,Unknown,United States,,,,5241,,Information Security Analysts,"[""Application Security""]","[""Application Security""]",[],[],[]
400854,2026-06-05,,,https://jobs.gem.com/fabrichealth/am9icG9zdDo3KHMKnTprfvn1rD3dxmwg,Manager of Security & IT,Information Security Analysts,Manager of Security & IT,0,Fabrichealth,False,Full Time,,,False,Associate's degree,Associate's degree,"{'min': '', 'max': '', 'currency': '', 'period': '', 'summary': ''}",,,,Unknown,USA,,,,5241,,Information Security Analysts,"[""Application Security""]","[""Application Security""]",[],[],[]
163542,2026-06-05,,,https://www.paycomonline.net/v4/ats/web.php/portal/902B461213211E2E52703B6504151F89/jobs/853903,Medical Records Clerk - FT DAY (79395),Information Security Analysts,Medical Records Clerk - FT DAY,0,Centurion Health,False,Full Time,,,False,High school diploma or equivalent,Bachelor's degree,USD 22 per HOUR,22.0,22.0,hourly,Unknown,"Pontiac, Illinois, United States",Illinois,United States,,5241,,Information Security Analysts,,,,,
425530,2026-06-01,,,https://a16z.com/about/jobs/?gh_jid=7738658003,"Partner 20, Staff Engineer, Incident Response",Information Security Analysts,"Partner 20, Staff Engineer, Incident Response",0,A16z,False,,,,False,Postsecondary nondegree award,Associate's degree,"{'min': '', 'max': '', 'currency': '', 'period': '', 'summary': ''}",,,,Unknown,"San Francisco, California",San Francisco,California,,5241,,Information Security Analysts,"[""Automation"", ""Build Automation""]","[""Automation"", ""Build Automation""]",[],[],[]
361818,2026-06-12,,,https://job-boards.greenhouse.io/huntress/jobs/7766480003,Partner Success Manager,Information Security Analysts,Partner Success Manager,0,Huntress,False,"Full Time, Contract",,,False,Associate's degree,Associate's degree,"{'min': '', 'max': '', 'currency': '', 'period': '', 'summary': ''}",,,,Remote,United States of America,,,,5241,,Information Security Analysts,"[""Account Management"", ""Acting"", ""Artificial Intelligence""]","[""Account Management"", ""Acting"", ""Artificial Intelligence""]",[],[],[]
89994,2026-06-05,2026-07-05,30.0,https://fa-eomf-saasfaprod1.fa.ocs.oraclecloud.com/hcmUI/CandidateExperience/en/sites/CX_1002/job/7042,Poison Info Spec-Associate (So. Tx. Poison),Information Security Analysts,Poison Info Spec-Associate,0,"UT Health SA, Greehey Ccri",False,Full Time,,,False,Associate's degree,Associate's degree,,,,,Unknown,"San Antonio, Texas, United States",Texas,United States,,5241,,Information Security Analysts,,,,,
305001,2026-06-21,,,https://www.welcometothejungle.com/en/companies/SATFpf/jobs/product-security-engineer_sunnyvale_7h4bxvoh,Product Security Engineer,Information Security Analysts,Product Security Engineer,0,Applied Intuition,False,Full Time,,,False,Associate's degree,Associate's degree,"USD 125,000 - 160,000 Yearly",125000.0,160000.0,annual,Unknown,Sunnyvale,,Sunnyvale,,5241,,Information Security Analysts,"[""Application Security"", ""Burp Suite""]","[""Application Security"", ""Burp Suite""]",[],[],[]
178913,2026-06-05,,,https://tpcwellness.bamboohr.com/careers/170,Recovery Support Specialist (3rd Shift - Nights),Information Security Analysts,Recovery Support Specialist,0,TPC Wellness,False,Full Time,,,False,High school diploma or equivalent,Associate's degree,USD 15 - 18 per HOUR,15.0,18.0,hourly,Unknown,"Mount Orab, Ohio, United States",Ohio,United States,,5241,,Information Security Analysts,"[""Accountability""]",[],"[""Accountability""]",[],[]
162625,2026-06-05,,,https://olivia.paradox.ai/co/SizzlingPlatter/Job?job_id=P1-5810787-1,SOC Analyst,Information Security Analysts,SOC Analyst,0,"Sizzling Platter, LLC",False,Full Time,,,False,Associate's degree,Associate's degree,USD 25 - 30 per HOUR,25.0,30.0,hourly,Remote,"Murray, Utah, United States",Utah,United States,,5241,,Information Security Analysts,"[""Active Directory""]","[""Active Directory""]",[],[],[]
317723,2026-06-18,,,https://ats.rippling.com/saliense/jobs/8bde5bdb-7ed6-43c9-a4c4-3455919185a6,SOC/Incident Response Analyst,Information Security Analysts,SOC/Incident Response Analyst,0,Saliense,False,Full Time,,,False,Associate's degree,Associate's degree,"{'min': '', 'max': '', 'currency': '', 'period': '', 'summary': ''}",,,,Unknown,United States,,,,5241,,Information Security Analysts,"[""Active Directory"", ""Analytical Skills""]","[""Active Directory""]","[""Analytical Skills""]",[],[]
433940,2026-05-29,,,https://job-boards.greenhouse.io/huntress/jobs/7753414003,Sales Development Representative,Information Security Analysts,Sales Development Representative,0,Huntress,False,Full Time,,,False,Associate's degree,Associate's degree,"{'min': '', 'max': '', 'currency': '', 'period': '', 'summary': ''}",,,,Remote,Remote,,Remote,,5241,,Information Security Analysts,"[""Artificial Intelligence""]","[""Artificial Intelligence""]",[],[],[]
433736,2026-05-29,,,https://careers-commtrans.icims.com/jobs/1885/security-%28soc%29-dispatcher/job?in_iframe=1,Security (SOC) Dispatcher,Information Security Analysts,Security Dispatcher,0,Commtrans,False,,,,False,Associate's degree,Associate's degree,"{'min': '', 'max': '', 'currency': '', 'period': '', 'summary': ''}",,,,Unknown,"Everett, Washington",Everett,Washington,,5241,,Information Security Analysts,,,,,
15328,2026-05-24,,,https://jobs.ashbyhq.com/replit/e2e3345e-251c-49c4-821b-6748d73efaeb,"Security Engineer (Vuln Management, Code)",Information Security Analysts,Security Engineer,0,Replit,False,Full Time,,,False,Associate's degree,Associate's degree,$210k - $270k per year,210000.0,270000.0,annual,Remote,"Foster City, California, USA {{REMOTE}}",,,,5241,,Information Security Analysts,"[""Application Security"", ""Bill Of Materials""]","[""Application Security"", ""Bill Of Materials""]",[],[],[]
356642,2026-06-15,,,https://apply.workable.com/j/437DEDF918/apply,Security Guard - 11pm - 7am Saturday and Sunday,Information Security Analysts,Security Guard - 11pm - 7am Saturday and Sunday,0,Dhgc,False,Part Time,,,False,Associate's degree,Associate's degree,"{'min': '', 'max': '', 'currency': '', 'period': '', 'summary': ''}",,,,Unknown,"Atlanta, Georgia",Atlanta,Georgia,,5241,,Information Security Analysts,,,,,
356901,2026-06-15,,,https://apply.workable.com/j/B14A7DD1EC/apply,Security Guard - 3pm - 11pm Shift - Sunday - Thursday,Information Security Analysts,Security Guard - 3pm - 11pm Shift - Sunday - Thursday,0,Dhgc,False,Full Time,,,False,Associate's degree,Associate's degree,"{'min': '', 'max': '', 'currency': '', 'period': '', 'summary': ''}",,,,Unknown,"Atlanta, Georgia",Atlanta,Georgia,,5241,,Information Security Analysts,,,,,
414322,2026-06-03,,,https://careers-coraltreehospitality.icims.com/jobs/12758/security-officer/job?in_iframe=1,Security Officer,Information Security Analysts,Security Officer,0,Coraltreehospitality,False,Full Time,,,False,Associate's degree,Associate's degree,"{'min': '', 'max': '', 'currency': '', 'period': '', 'summary': ''}",,,,Unknown,"San Diego, California",San Diego,California,,5241,,Information Security Analysts,,,,,
317649,2026-06-18,,,https://ats.rippling.com/saliense/jobs/8f7e3124-bffd-4da7-b4fc-e7d3566287f4,Security Orchestration Automation and Response (SOAR) and Artificial Intelligence Engineer,Information Security Analysts,Security Orchestration Automation and Response and Artificial Intelligence Engineer,0,Saliense,False,Full Time,,,False,Bachelor's degree,Bachelor's degree,"{'min': '', 'max': '', 'currency': '', 'period': '', 'summary': ''}",,,,Remote,Remote (),,Remote (),,5241,,Information Security Analysts,"[""Artificial Intelligence"", ""Automation""]","[""Artificial Intelligence"", ""Automation""]",[],[],[]
412297,2026-06-04,,,https://apply.workable.com/j/634F05F0C5/apply,Senior Dev/Ops Engineer,Information Security Analysts,Senior Dev/Ops Engineer,0,Theinclab,False,Full Time,,,False,Postsecondary nondegree award,Associate's degree,"{'min': '', 'max': '', 'currency': '', 'period': '', 'summary': ''}",,,,Hybrid,"Colorado Springs, Colorado",Colorado Springs,Colorado,,5241,,Information Security Analysts,"[""Ansible"", ""Artificial Intelligence"", ""Automation"", ""Build Automation"", ""Capacity Planning""]","[""Ansible"", ""Artificial Intelligence"", ""Automation"", ""Build Automation"", ""Capacity Planning""]",[],[],[]
244923,2026-06-26,,,https://careers.kbr.com/job/R2125672,Senior DevOps Engineer,Information Security Analysts,Senior DevOps Engineer,0,Careers.kbr.com,False,,,,False,Associate's degree,Associate's degree,"{'min': '', 'max': '', 'currency': '', 'period': '', 'summary': ''}",,,,Unknown,"Colorado Springs, Colorado",Colorado Springs,Colorado,,5241,,Information Security Analysts,,,,,
425555,2026-06-01,,,https://job-boards.greenhouse.io/automox/jobs/5238193008,"Senior Manager, Security & IT Operations",Information Security Analysts,"Senior Manager, Security & IT Operations",0,Automox,False,Full Time,,,False,Associate's degree,Associate's degree,"{'min': '', 'max': '', 'currency': '', 'period': '', 'summary': ''}",,,,Remote,Remote,,Remote,,5241,,Information Security Analysts,"[""Automation""]","[""Automation""]",[],[],[]
316661,2026-06-18,,,https://job-boards.greenhouse.io/rater8/jobs/4288299009,Senior Security and Compliance Lead,Information Security Analysts,Senior Security and Compliance Lead,0,Rater8,False,,,,False,Postsecondary nondegree award,Master's degree,"{'min': '', 'max': '', 'currency': '', 'period': '', 'summary': ''}",,,,Remote,Remote,,Remote,,5241,,Information Security Analysts,"[""Business Continuity"", ""Business Continuity And Disaster Recovery"", ""Business Objectives""]","[""Business Continuity"", ""Business Continuity And Disaster Recovery""]","[""Business Objectives""]",[],[]
423416,2026-06-02,,,https://eofe.fa.us2.oraclecloud.com/?keyword=&mode=jobs&lang=en&site_number=CX_1#74525,"Specialist, Corporate Actions II",Information Security Analysts,"Specialist, Corporate Actions II",0,Eofe.fa.us2.oraclecloud.com,False,,,,False,Associate's degree,Bachelor's degree,"{'min': '', 'max': '', 'currency': '', 'period': '', 'summary': ''}",,,,Unknown,"Pittsburgh, Pennsylvania",Pittsburgh,Pennsylvania,,5241,,Information Security Analysts,,,,,
416044,2026-06-03,,,https://jpmc.fa.oraclecloud.com/?keyword=&mode=jobs&lang=en&site_number=CX_1001#210735831,Sr. Director of Architecture - Trust & Security,Information Security Analysts,Sr. Director of Architecture - Trust & Security,0,Jpmc.fa.oraclecloud.com,False,,,,False,Bachelor's degree,Bachelor's degree,"{'min': '', 'max': '', 'currency': '', 'period': '', 'summary': ''}",,,,Unknown,"New York, New York",New York,New York,"New York-Newark-Jersey City, NY-NJ",5241,,Information Security Analysts,,,,,
175251,2026-06-05,,,https://wisconsin.wd1.myworkdayjobs.com/UW_Students/job/Stevens-Point-WI/Student-Manager---Aquatics_JR10011863-1,Student Manager - Aquatics,Information Security Analysts,Student Manager - Aquatics,0,Universities Of Wisconsin,False,Part Time,,,False,Postsecondary nondegree award,Associate's degree,,,,,Unknown,"Stevens Point, Wisconsin, United States",Wisconsin,United States,,5241,,Information Security Analysts,,,,,
102235,2026-06-05,,,https://job-boards.greenhouse.io/eliotcommunityhumanservices/jobs/5249114008,Support Specialist - Brain Injury Services,Information Security Analysts,Support Specialist - Brain Injury Services,0,Eliot Community Human Services,False,Part Time,,,False,High school diploma or equivalent,Associate's degree,USD 20.5 per HOUR,20.5,20.5,hourly,Unknown,"Braintree, Massachusetts, United States",Massachusetts,United States,,5241,,Information Security Analysts,,,,,
155349,2026-06-05,2027-06-05,365.0,https://careers-cellularsales.icims.com/jobs/23229/verizon-sales-consultant/job,Verizon Sales Consultant,Information Security Analysts,Verizon Sales Consultant,0,Cellular Sales,False,Contract,,,False,Associate's degree,Associate's degree,USD 57600 - 110000 per YEAR,57600.0,110000.0,annual,On-site,"American Canyon, California, United States",California,United States,,5241,,Information Security Analysts,,,,,
179227,2026-06-05,2027-06-05,365.0,https://careers-cellularsales.icims.com/jobs/22990/verizon-sales-consultant/job,Verizon Sales Consultant,Information Security Analysts,Verizon Sales Consultant,0,Cellular Sales,False,Contract,,,False,Associate's degree,Associate's degree,USD 60000 - 93000 per YEAR,60000.0,93000.0,annual,On-site,"Columbus, Ohio, United States",Ohio,United States,,5241,,Information Security Analysts,,,,,
179232,2026-06-05,2027-06-05,365.0,https://careers-cellularsales.icims.com/jobs/22984/verizon-sales-consultant/job,Verizon Sales Consultant,Information Security Analysts,Verizon Sales Consultant,0,Cellular Sales,False,Contract,,,False,Associate's degree,Associate's degree,USD 60000 - 93000 per YEAR,60000.0,93000.0,annual,On-site,"Corbin, Kentucky, United States",Kentucky,United States,,5241,,Information Security Analysts,,,,,
179247,2026-06-05,2027-06-05,365.0,https://careers-cellularsales.icims.com/jobs/23003/verizon-sales-consultant/job,Verizon Sales Consultant,Information Security Analysts,Verizon Sales Consultant,0,Cellular Sales,False,Contract,,,False,Associate's degree,Associate's degree,USD 60000 - 93000 per YEAR,60000.0,93000.0,annual,On-site,"Huntington, West Virginia, United States",West Virginia,United States,,5241,,Information Security Analysts,,,,,
376737,2026-06-10,,,https://ats.rippling.com/myplanadvocate/jobs/b8657d3f-2352-46ee-bf46-40c67c41200a,Licensed Health Insurance Agent,Insurance Sales Agents,Licensed Health Insurance Agent,0,Myplanadvocate,False,Full Time,,,False,High school diploma or equivalent,Associate's degree,"{'min': '', 'max': '', 'currency': '', 'period': '', 'summary': ''}",,,,Remote,Remote (),,Remote (),,5241,,Insurance Sales Agents,,,,,
173967,2026-06-05,,,https://jobs.lever.co/jobgether/73bdf22d-5fbe-409b-ae3e-cf8c28755aae,Integrations Partner Manager,Integrations Partner Manager,Integrations Partner Manager,0,Jobgether,False,Contract,,,False,Associate's degree,Associate's degree,,,,,Remote,United States,,,,5241,,Models,"[""Acting""]","[""Acting""]",[],[],[]
234934,2026-06-26,,,https://careers-steinhafels.icims.com/jobs/2170/interior-designer/job?in_iframe=1,Interior Designer,Interior Designers,Interior Designer,0,Steinhafels,False,,,,False,Associate's degree,Associate's degree,"{'min': '', 'max': '', 'currency': '', 'period': '', 'summary': ''}",,,,Unknown,"Vernon Hills, Illinois",Vernon Hills,Illinois,,5241,,Interior Designers,,,,,
162317,2026-06-05,,,https://hubinternational.wd1.myworkdayjobs.com/HUBInternational/job/Chicago-IL/Account-Manager---ProEx_R0036390,Account Manager - ProEx,Lawyers,Account Manager - ProEx,0,HUB International,False,Full Time,,,False,High school diploma or equivalent,Bachelor's degree,USD 80000 - 100000 per YEAR,80000.0,100000.0,annual,Unknown,"Chicago, Illinois, United States",Illinois,United States,,5241,,Lawyers,"[""Account Management"", ""Advocacy""]","[""Account Management""]","[""Advocacy""]",[],[]
399255,2026-06-06,,,https://jobs.ashbyhq.com/stedi/ddabb570-32f9-430b-adce-4292630aa951/application,Associate General Counsel (Healthtech),Lawyers,Associate General Counsel,0,Stedi,False,Full Time,,,False,Associate's degree,Associate's degree,"{'min': '', 'max': '', 'currency': '', 'period': '', 'summary': ''}",,,,Remote,"Remote, In The",Remote,In The,,5241,,Lawyers,"[""Accountability"", ""Automation"", ""Business Acumen""]","[""Automation""]","[""Accountability"", ""Business Acumen""]",[],[]
318324,2026-06-18,,,https://job-boards.greenhouse.io/beyondtrust/jobs/8008483,Lead-to-Cash Business Partner,Lead-to-Cash Business Partner,Lead-to-Cash Business Partner,0,Beyondtrust,False,,,,False,Associate's degree,Associate's degree,"{'min': '', 'max': '', 'currency': '', 'period': '', 'summary': ''}",,,,Remote,"Remote |, Eastern",Remote |,Eastern,,5241,,Models,"[""Business Process"", ""Business Systems""]","[""Business Process"", ""Business Systems""]",[],[],[]
75206,2026-06-04,,,https://recruiting.paylocity.com/Recruiting/Jobs/Details/4227686,Class A CDL Truck Driver,Light Truck Drivers,Class A CDL Truck Driver,0,Britton Lumber Company,False,Full Time,,,False,Postsecondary nondegree award,Postsecondary nondegree award,USD 25 - 30 per HOUR,25.0,30.0,hourly,On-site,"Fairlee, Vermont, United States",Vermont,United States,,5241,,Light Truck Drivers,,,,,
166030,2026-06-05,2026-09-06,93.0,https://jobs.xpo.com/job/North-Huntingdon-Truck-Driver-Student-PA-15642/1397264100/,Truck Driver Student,Light Truck Drivers,Truck Driver Student,0,XPO,False,Full Time,,,False,Associate's degree,Associate's degree,USD 22.85 per HOUR,22.85,22.85,hourly,Unknown,"North Huntingdon Township, Pennsylvania, United States",Pennsylvania,United States,,5241,,Light Truck Drivers,,,,,
263530,2026-06-24,,,https://jobs.smartrecruiters.com/Altisource/744000134021482-national-sales-executive?oga=true,National Sales Executive,Loan Officers,National Sales Executive,0,Altisource,False,Full Time,,,False,Associate's degree,Associate's degree,"{'min': '', 'max': '', 'currency': '', 'period': '', 'summary': ''}",,,,Remote,"United States, UNITED STATES, us",,,,5241,,Loan Officers,"[""Brand Awareness""]","[""Brand Awareness""]",[],[],[]
426297,2026-06-01,,,https://careers-kimley-horn.icims.com/jobs/24187/m%26a-analyst/job?in_iframe=1,M&A Analyst,M&A Analyst,M&A Analyst,0,Kimley-Horn,False,Full Time,,,False,Associate's degree,Associate's degree,"{'min': '', 'max': '', 'currency': '', 'period': '', 'summary': ''}",,,,Unknown,"Raleigh, North Carolina",Raleigh,North Carolina,,5241,,Models,"[""Banking""]","[""Banking""]",[],[],[]
427155,2026-06-01,,,https://careers-methodisthospitals.icims.com/jobs/13548/esw1-housekeeper/job?in_iframe=1,ESW1-HOUSEKEEPER,Maids and Housekeeping Cleaners,ESW1-HOUSEKEEPER,0,Methodisthospitals,False,Full Time,,,False,High school diploma or equivalent,High school diploma or equivalent,"{'min': '', 'max': '', 'currency': '', 'period': '', 'summary': ''}",,,,Unknown,"Merrillville, Indiana",Merrillville,Indiana,,5241,,Maids and Housekeeping Cleaners,,,,,
428759,2026-06-01,,,https://efuq.fa.us6.oraclecloud.com/?keyword=&mode=jobs&lang=en&site_number=CX_1#20020,Housekeeper,Maids and Housekeeping Cleaners,Housekeeper,0,Efuq.fa.us6.oraclecloud.com,False,Temporary,,,False,Associate's degree,Associate's degree,"{'min': '', 'max': '', 'currency': '', 'period': '', 'summary': ''}",,,,Unknown,"Panama City Beach, Florida",Panama City Beach,Florida,,5241,,Maids and Housekeeping Cleaners,,,,,
170427,2026-06-05,2027-06-05,365.0,https://externalhourly-innventures.icims.com/jobs/78792/innventures-housekeeper---room-attendant/job,Housekeeper - Room Attendant,Maids and Housekeeping Cleaners,Housekeeper - Room Attendant,0,AC Seattle Downtown,False,Other,,,False,Associate's degree,Associate's degree,,,,,Unknown,"North Charleston, South Carolina, United States",South Carolina,United States,,5241,,Maids and Housekeeping Cleaners,,,,,
162585,2026-06-05,2027-06-05,365.0,https://careers-davidsonhospitality.icims.com/jobs/26703/room-attendant/job,Room Attendant,Maids and Housekeeping Cleaners,Room Attendant,0,Newport Harbor Island Resort,False,Temporary,,,False,Associate's degree,Associate's degree,USD 19 per HOUR,19.0,19.0,hourly,Unknown,"Newport, Rhode Island, United States",Rhode Island,United States,,5241,,Maids and Housekeeping Cleaners,,,,,
431269,2026-06-01,,,https://apply.workable.com/j/3110E6D8AC/apply,(BI) Litigation Legal Assistant,Management Analysts,Litigation Legal Assistant,0,Kubicki-Draper,False,Full Time,,,False,Associate's degree,Associate's degree,"{'min': '', 'max': '', 'currency': '', 'period': '', 'summary': ''}",,,,Hybrid,"Miami, Florida",Miami,Florida,,5241,,Management Analysts,,,,,
159318,2026-06-05,2027-06-05,365.0,https://careers-bosselman.icims.com/jobs/48011/2nd-assistant-manager---pump-%26-pantry/job,2nd Assistant Manager - Pump & Pantry,Management Analysts,2nd Assistant Manager - Pump & Pantry,0,Bosselman Enterprises,False,Full Time,,,False,High school diploma or equivalent,Associate's degree,,,,,Unknown,"Lakeville, Minnesota, United States",Minnesota,United States,,5241,,Management Analysts,"[""Cash Handling""]","[""Cash Handling""]",[],[],[]
159345,2026-06-05,2027-06-05,365.0,https://careers-bosselman.icims.com/jobs/47984/1st-assistant-manager---pump-%26-pantry/job,2nd Assistant Manager - Pump & Pantry,Management Analysts,2nd Assistant Manager - Pump & Pantry,0,Bosselman Enterprises,False,Full Time,,,False,High school diploma or equivalent,Associate's degree,,,,,Unknown,"Des Moines, Iowa, United States",Iowa,United States,,5241,,Management Analysts,"[""Cash Handling""]","[""Cash Handling""]",[],[],[]
418655,2026-06-03,,,https://apply.workable.com/j/CBC76B5A46/apply,2nd Shift HM183 Cargo Tank Mechanic,Management Analysts,2nd Shift HM183 Cargo Tank Mechanic,0,Altom-Transport,False,Full Time,,,False,Postsecondary nondegree award,Postsecondary nondegree award,"{'min': '', 'max': '', 'currency': '', 'period': '', 'summary': ''}",,,,Unknown,"Pasadena, Texas",Pasadena,Texas,,5241,,Management Analysts,"[""Aluminum""]","[""Aluminum""]",[],[],[]
226452,2026-06-12,,,https://recruiting.paylocity.com/Recruiting/Jobs/Details/4247815,ABA Behavior Technician,Management Analysts,ABA Behavior Technician,0,Lighthouse Autism Center,False,Full Time,,,False,High school diploma or equivalent,Master's degree,USD 18 - 22 Hourly,18.0,22.0,hourly,Unknown,"Springfield, Illinois",Springfield,Illinois,,5241,,Management Analysts,,,,,
86436,2026-06-05,,,https://recruiting.paylocity.com/Recruiting/Jobs/Details/4217693,ABA Behavior Technician (RBT),Management Analysts,ABA Behavior Technician,0,Lighthouse Autism Center,False,Full Time,,,False,Postsecondary nondegree award,Master's degree,USD 18 - 20 per HOUR,18.0,20.0,hourly,Unknown,"Mount Pleasant, Iowa, United States",Iowa,United States,,5241,,Management Analysts,,,,,
418395,2026-06-03,,,https://apply.workable.com/j/7438C8CFAF/apply,AEGIS BMD Joint Tactical Terminal (JTT) Expert,Management Analysts,AEGIS BMD Joint Tactical Terminal Expert,0,Sigmadefense,False,Full Time,,,False,Postsecondary nondegree award,Associate's degree,"{'min': '', 'max': '', 'currency': '', 'period': '', 'summary': ''}",,,,Unknown,"San Diego, California",San Diego,California,,5241,,Management Analysts,,,,,
76788,2026-06-04,,,https://recruitingbypaycor.com/career/JobIntroduction.action?clientId=8a7883d06abc7c06016ac70f1b8a0ad3&id=8a7887a89e6b0bd9019e948bd43a11d3&source=&lang=en,ASL Fluent- Shared Living Provider,Management Analysts,ASL Fluent- Shared Living Provider,0,"ViaQuest, Inc.",False,"Full Time, Contract",,,False,High school diploma or equivalent,Associate's degree,USD 100 - 150 per DAY,100.0,150.0,hourly,Remote,"Akron, Ohio, United States",Ohio,United States,,5241,,Management Analysts,"[""Billing""]","[""Billing""]",[],[],[]
339176,2026-06-16,,,https://sbc-performance.breezy.hr/p/28433b1ee19701-account-executive,Account Executive,Management Analysts,Account Executive,0,SBC Performance,False,Contract,,,False,Postsecondary nondegree award,Postsecondary nondegree award,"{'min': '', 'max': '', 'currency': '', 'period': '', 'summary': ''}",,,,Remote,United States,,,,5241,,Management Analysts,"[""Advanced Analytics"", ""Analytics"", ""Business Development""]","[""Advanced Analytics"", ""Analytics"", ""Business Development""]",[],[],[]
237262,2026-06-26,,,https://www.welcometothejungle.com/en/companies/54tBU1/jobs/account-executive-titan_us_34kxblte,Account Executive (Titan),Management Analysts,Account Executive,0,Juniper Square,False,Full Time,,,False,Associate's degree,Associate's degree,"USD 165,000 Yearly",165000.0,165000.0,annual,Unknown,United States,,,,5241,,Management Analysts,"[""Accounting""]","[""Accounting""]",[],[],[]
282491,2026-06-23,,,https://jobs.lever.co/jobgether/806757ac-21fa-41ef-8cfe-0e4ce09a4679/apply,Account Executive - Payer,Management Analysts,Account Executive - Payer,0,Jobgether,False,Full Time,,,False,Associate's degree,Associate's degree,"{'min': '', 'max': '', 'currency': '', 'period': '', 'summary': ''}",,,,Remote,US,,,,5241,,Management Analysts,"[""Account Growth"", ""Business Case"", ""Business Priorities"", ""Career Development""]","[""Account Growth"", ""Business Case"", ""Business Priorities"", ""Career Development""]",[],[],[]
258630,2026-06-25,,,https://iawmqy.fa.ocs.oraclecloud.com/?keyword=&mode=jobs&lang=en&site_number=CX_1#292790,"Account Executive 4, Direct Sales",Management Analysts,"Account Executive 4, Direct Sales",0,Iawmqy.fa.ocs.oraclecloud.com,False,,,,False,Associate's degree,Bachelor's degree,"{'min': '', 'max': '', 'currency': '', 'period': '', 'summary': ''}",,,,Unknown,Wisconsin,,Wisconsin,,5241,,Management Analysts,,,,,
382959,2026-06-10,,,https://apply.workable.com/j/9BE578EE29/apply,Account Management Lead,Management Analysts,Account Management Lead,0,Smartnews,False,Full Time,,,False,Associate's degree,Associate's degree,"{'min': '', 'max': '', 'currency': '', 'period': '', 'summary': ''}",,,,Hybrid,"Palo Alto, California",Palo Alto,California,,5241,,Management Analysts,"[""Account Growth"", ""Account Management""]","[""Account Growth"", ""Account Management""]",[],[],[]
406963,2026-06-04,,,https://jobs.gem.com/pinnacleconnect-llc/am9icG9zdDpeVj023BOjSdPubVYOcj_x,"Accounting / Billing Specialist (Law Firm) - Uniondale, New York",Management Analysts,"Accounting / Billing Specialist - Uniondale, New York",0,Pinnacleconnect-LLC,False,Full Time,,,False,Bachelor's degree,Bachelor's degree,"{'min': '', 'max': '', 'currency': '', 'period': '', 'summary': ''}",,,,Unknown,Uniondale,,Uniondale,,5241,,Management Analysts,"[""Accounting"", ""Billing""]","[""Accounting"", ""Billing""]",[],[],[]
412352,2026-06-04,,,https://apply.workable.com/j/8F5467C241/apply,Accounting Manager,Management Analysts,Accounting Manager,0,Medical-Guardian,False,"Full Time, Contract",,,False,Postsecondary nondegree award,Master's degree,"{'min': '', 'max': '', 'currency': '', 'period': '', 'summary': ''}",,,,Hybrid,"Philadelphia, Pennsylvania",Philadelphia,Pennsylvania,,5241,,Management Analysts,"[""Accounting"", ""Accounting Analysis"", ""Accounting Operations"", ""Accounting Systems"", ""Accounts Receivable"", ""Acting"", ""Analytical Thinking"", ""Business Acumen""]","[""Accounting"", ""Accounting Analysis"", ""Accounting Operations"", ""Accounting Systems"", ""Accounts Receivable"", ""Acting""]","[""Analytical Thinking"", ""Business Acumen""]",[],[]
262786,2026-06-24,,,https://ats.rippling.com/consensus/jobs/3e096933-fe4c-4111-8ca4-fe889fe932ed,Accounting Manager,Management Analysts,Accounting Manager,0,Consensus,False,Full Time,,,False,Associate's degree,Associate's degree,"{'min': '', 'max': '', 'currency': '', 'period': '', 'summary': ''}",,,,Remote,Remote (),,Remote (),,5241,,Management Analysts,"[""Account Management"", ""Accountability"", ""Accounting"", ""Accounts Payable"", ""Accruals"", ""Agility"", ""Automation""]","[""Account Management"", ""Accounting"", ""Accounts Payable"", ""Accruals"", ""Agility"", ""Automation""]","[""Accountability""]",[],[]
227493,2026-06-28,,,https://www.welcometothejungle.com/en/companies/nOLat6/jobs/accounting-manager_us_w7rsi3ah,Accounting Manager,Management Analysts,Accounting Manager,0,Owner.com,False,Full Time,,,False,Associate's degree,Associate's degree,"USD 130,000 - 175,000 Yearly",130000.0,175000.0,annual,Remote,United States,,,,5241,,Management Analysts,"[""Accounting"", ""Accounting Systems""]","[""Accounting"", ""Accounting Systems""]",[],[],[]
369194,2026-06-11,,,https://job-boards.greenhouse.io/lightningai/jobs/7770495003,"Accounting Manager, Revenue Operations",Management Analysts,"Accounting Manager, Revenue Operations",0,Lightningai,False,Contract,,,False,Associate's degree,Associate's degree,"{'min': '', 'max': '', 'currency': '', 'period': '', 'summary': ''}",,,,Hybrid,"San Francisco, California",San Francisco,California,,5241,,Management Analysts,"[""Accounting"", ""Accounts Receivable"", ""Accruals"", ""ASC 340"", ""Billing"", ""Billing Inquiries"", ""Billing Systems""]","[""Accounting"", ""Accounts Receivable"", ""Accruals"", ""ASC 340"", ""Billing"", ""Billing Inquiries"", ""Billing Systems""]",[],[],[]
431278,2026-06-01,,,https://apply.workable.com/j/37D30F548D/apply,Accounts Payable Clerk,Management Analysts,Accounts Payable Clerk,0,Kubicki-Draper,False,Full Time,,,False,Associate's degree,Associate's degree,"{'min': '', 'max': '', 'currency': '', 'period': '', 'summary': ''}",,,,Hybrid,"Miami, Florida",Miami,Florida,,5241,,Management Analysts,"[""Accounting"", ""Accounts Payable""]","[""Accounting"", ""Accounts Payable""]",[],[],[]
337713,2026-06-17,,,https://apply.workable.com/j/C3871C49C1/apply,Accounts Receivable Specialist - B2B SaaS,Management Analysts,Accounts Receivable Specialist - B2B SaaS,0,Jacobian,False,Full Time,,,False,Associate's degree,Bachelor's degree,"{'min': '', 'max': '', 'currency': '', 'period': '', 'summary': ''}",,,,Hybrid,"Pittsburgh, Pennsylvania",Pittsburgh,Pennsylvania,,5241,,Management Analysts,"[""Accounting"", ""Accounts Receivable"", ""Automation"", ""Billing""]","[""Accounting"", ""Accounts Receivable"", ""Automation"", ""Billing""]",[],[],[]
282573,2026-06-23,,,https://jobs.lever.co/jobgether/367bd749-bb59-4498-a3c6-b3dcab84523b/apply,Accounts Receivable Specialist 2,Management Analysts,Accounts Receivable Specialist 2,0,Jobgether,False,Full Time,,,False,High school diploma or equivalent,High school diploma or equivalent,"{'min': '', 'max': '', 'currency': '', 'period': '', 'summary': ''}",,,,Unknown,US,,,,5241,,Management Analysts,"[""Accounts Receivable"", ""Analytical Skills"", ""Appeals"", ""Audit Processes"", ""Billing""]","[""Accounts Receivable"", ""Appeals"", ""Audit Processes"", ""Billing""]","[""Analytical Skills""]",[],[]
304785,2026-06-21,,,https://www.welcometothejungle.com/en/companies/Pj0Wb5/jobs/ad-campaign-manager_redwood-city_e45ixdlv,Ad Campaign Manager,Management Analysts,Ad Campaign Manager,0,NimbleRx,False,Full Time,,,False,Associate's degree,Bachelor's degree,"USD 75,000 - 90,000 Yearly",75000.0,90000.0,annual,Unknown,"Redwood, City",Redwood,City,,5241,,Management Analysts,"[""Analytics"", ""Business Development"", ""Campaign Management""]","[""Analytics"", ""Business Development"", ""Campaign Management""]",[],[],[]
116275,2026-06-05,,,http://corp.skillz.com/careers-list/?gh_jid=7984013,Ad Monetization Lead,Management Analysts,Ad Monetization Lead,0,Skillz,False,Full Time,,,False,Associate's degree,Master's degree,USD 255000 per YEAR,255000.0,255000.0,annual,Hybrid,"New York, New York, United States",New York,United States,,5241,,Management Analysts,"[""A/B Testing"", ""Bidding""]","[""A/B Testing"", ""Bidding""]",[],[],[]
401832,2026-06-05,,,http://corp.skillz.com/careers-list/?gh_jid=7984013,Ad Monetization Lead,Management Analysts,Ad Monetization Lead,0,Skillzinc,False,,,,False,Associate's degree,Master's degree,"{'min': '', 'max': '', 'currency': '', 'period': '', 'summary': ''}",,,,Hybrid,"New York, New York",New York,New York,"New York-Newark-Jersey City, NY-NJ",5241,,Management Analysts,"[""A/B Testing"", ""Bidding""]","[""A/B Testing"", ""Bidding""]",[],[],[]
245856,2026-06-25,,,https://jobs.smartrecruiters.com/AugsburgUniversity-MinneapolisMN/744000134347099-adjunct-faculty-hmong-language-instructor?oga=true,Adjunct Faculty - Hmong Language Instructor,Management Analysts,Adjunct Faculty - Hmong Language Instructor,0,Augsburguniversity-Minneapolismn,False,Part Time,,,False,Associate's degree,Master's degree,"{'min': '', 'max': '', 'currency': '', 'period': '', 'summary': ''}",,,,Unknown,"Minneapolis, Minnesota",Minneapolis,Minnesota,,5241,,Management Analysts,"[""Athletics"", ""Bargaining""]","[""Athletics"", ""Bargaining""]",[],[],[]
245858,2026-06-25,,,https://jobs.smartrecruiters.com/AugsburgUniversity-MinneapolisMN/744000134346980-adjunct-faculty-spanish-2026-27?oga=true,Adjunct Faculty - Spanish 2026-27,Management Analysts,Adjunct Faculty - Spanish 2026-27,0,Augsburguniversity-Minneapolismn,False,Part Time,,,False,Associate's degree,Doctoral or professional degree,"{'min': '', 'max': '', 'currency': '', 'period': '', 'summary': ''}",,,,Unknown,"Minneapolis, Minnesota",Minneapolis,Minnesota,,5241,,Management Analysts,"[""Athletics"", ""Bargaining""]","[""Athletics"", ""Bargaining""]",[],[],[]
297067,2026-06-22,,,https://cvic.bamboohr.com/careers/178,Administrative Assistant,Management Analysts,Administrative Assistant,0,Cvic,False,Full Time,,,False,High school diploma or equivalent,Associate's degree,USD 19.08 - 22.89 Hourly,19.08,22.89,hourly,Unknown,"Grand Forks, North Dakota",Grand Forks,North Dakota,,5241,,Management Analysts,"[""Administrative Support""]","[""Administrative Support""]",[],[],[]
74398,2026-06-05,,,https://recruiting.paylocity.com/Recruiting/Jobs/Details/4228611,Administrative Assistant (Medical),Management Analysts,Administrative Assistant,0,"PrimeCare Medical, Inc.",False,Full Time,,,False,Master's degree,Master's degree,USD 20 per HOUR,20.0,20.0,hourly,Unknown,"Greensburg, Pennsylvania, United States",Pennsylvania,United States,,5241,,Management Analysts,"[""Administrative Support""]","[""Administrative Support""]",[],[],[]
179202,2026-06-05,2027-06-05,365.0,https://careers-fedwriters.icims.com/jobs/2335/administrative-assistant-staff-officer/job,Administrative Assistant/Staff Officer,Management Analysts,Administrative Assistant/Staff Officer,0,"FWI (FedWriters, Inc.)",False,Full Time,,,False,Associate's degree,Associate's degree,USD 39 - 48 per HOUR,39.0,48.0,hourly,On-site,"Arlington County, Virginia, United States",Virginia,United States,,5241,,Management Analysts,"[""Administrative Support""]","[""Administrative Support""]",[],[],[]
417703,2026-06-03,,,https://jobs.danaher.com/job/R1310376,Advanced Technician Production Operations,Management Analysts,Advanced Technician Production Operations,0,Jobs.danaher.com,False,,,,False,Bachelor's degree,Bachelor's degree,"{'min': '', 'max': '', 'currency': '', 'period': '', 'summary': ''}",,,,Unknown,"Chaska, Minnesota",Chaska,Minnesota,,5241,,Management Analysts,,,,,
307954,2026-06-20,,,https://apply.workable.com/j/72EA1608C1/apply,Airline Customer Service Agent SEA - English/Tagalog Speakers,Management Analysts,Airline Customer Service Agent SEA - English/Tagalog Speakers,0,Pacificaviation,False,Part Time,,,False,Bachelor's degree,Bachelor's degree,"{'min': '', 'max': '', 'currency': '', 'period': '', 'summary': ''}",,,,Unknown,"Washington, District of Columbia",Washington,District of Columbia,"Washington-Arlington-Alexandria, DC-VA-MD-WV",5241,,Management Analysts,"[""Aviation""]","[""Aviation""]",[],[],[]
318668,2026-06-18,,,https://us-envoyair.icims.com/jobs/12234/part-time-airport-agent---ramp/job?hub=10&in_iframe=1,Airport Agent - Ramp,Management Analysts,Airport Agent - Ramp,0,Envoyair,False,Part Time,,,False,High school diploma or equivalent,Associate's degree,"{'min': '', 'max': '', 'currency': '', 'period': '', 'summary': ''}",,,,Unknown,"Grand Rapids, Michigan",Grand Rapids,Michigan,,5241,,Management Analysts,,,,,
370600,2026-06-11,,,https://us-envoyair.icims.com/jobs/12105/part-time-airport-agent---ramp-and-customer-service/job?hub=10&in_iframe=1,Airport Agent - Ramp and Customer Service,Management Analysts,Airport Agent - Ramp and Customer Service,0,Envoyair,False,Part Time,,,False,High school diploma or equivalent,Associate's degree,"{'min': '', 'max': '', 'currency': '', 'period': '', 'summary': ''}",,,,Unknown,"Savoy, Illinois",Savoy,Illinois,,5241,,Management Analysts,"[""Aviation""]","[""Aviation""]",[],[],[]
348902,2026-06-15,,,https://us-envoyair.icims.com/jobs/12318/airport-agent---ramp-and-customer-service/job?hub=10&in_iframe=1,Airport Agent - Ramp and Customer Service,Management Analysts,Airport Agent - Ramp and Customer Service,0,Envoyair,False,Part Time,,,False,High school diploma or equivalent,Associate's degree,"{'min': '', 'max': '', 'currency': '', 'period': '', 'summary': ''}",,,,Unknown,"Moline, Illinois",Moline,Illinois,,5241,,Management Analysts,,,,,
348392,2026-06-15,,,https://us-envoyair.icims.com/jobs/12251/airport-agent---ramp-and-customer-service/job?hub=10&in_iframe=1,Airport Agent - Ramp and Customer Service,Management Analysts,Airport Agent - Ramp and Customer Service,0,Envoyair,False,Part Time,,,False,High school diploma or equivalent,Associate's degree,"{'min': '', 'max': '', 'currency': '', 'period': '', 'summary': ''}",,,,Unknown,"Tyler, Texas",Tyler,Texas,,5241,,Management Analysts,"[""Aviation""]","[""Aviation""]",[],[],[]
292412,2026-06-22,,,https://us-envoyair.icims.com/jobs/12356/airport-agent---ramp-and-customer-service/job?hub=10&in_iframe=1,Airport Agent - Ramp and Customer Service,Management Analysts,Airport Agent - Ramp and Customer Service,0,Envoyair,False,Part Time,,,False,High school diploma or equivalent,Associate's degree,"{'min': '', 'max': '', 'currency': '', 'period': '', 'summary': ''}",,,,Unknown,"Waco, Texas",Waco,Texas,,5241,,Management Analysts,"[""Aviation""]","[""Aviation""]",[],[],[]
167880,2026-06-05,,,https://tapestry.wd108.myworkdayjobs.com/Tapestry_Careers/job/New-York-New-York-USA-Corporate-Headquarters/Allocator_JR6630-1,Allocator,Management Analysts,Allocator,0,Kate Spade New York,False,Temporary,,,False,Associate's degree,Bachelor's degree,USD 64350 - 70000 per YEAR,64350.0,70000.0,annual,Hybrid,"New York, New York, United States",New York,United States,,5241,,Management Analysts,"[""Agility"", ""Brainstorming""]","[""Agility""]","[""Brainstorming""]",[],[]
375637,2026-06-11,,,https://apply.workable.com/j/4C31304001/apply,Amazon Marketing Specialist,Management Analysts,Amazon Marketing Specialist,0,Tp-Link-USA-Corp,False,"Full Time, Internship",,,True,Associate's degree,Bachelor's degree,"{'min': '', 'max': '', 'currency': '', 'period': '', 'summary': ''}",,,,On-site,"Irvine, California",Irvine,California,,5241,,Management Analysts,"[""Amazon Alexa"", ""Analytical Skills"", ""Analytics""]","[""Amazon Alexa"", ""Analytics""]","[""Analytical Skills""]",[],[]
280170,2026-06-23,,,https://jobs.smartrecruiters.com/SGS/744000133687379-analyst-i-chemistry-laboratory-wet-chemistry-?oga=true,"Analyst I, Chemistry Laboratory (Wet Chemistry)",Management Analysts,"Analyst I, Chemistry Laboratory",0,Sgs,False,Full Time,,,False,Postsecondary nondegree award,Bachelor's degree,"{'min': '', 'max': '', 'currency': '', 'period': '', 'summary': ''}",,,,Unknown,"Lincolnshire, Illinois",Lincolnshire,Illinois,,5241,,Management Analysts,"[""Calibration""]","[""Calibration""]",[],[],[]
392944,2026-06-08,,,https://jobs.smartrecruiters.com/LouisDreyfusCompany/744000130834879-assistant-commercial-manager?oga=true,Assistant Commercial Manager,Management Analysts,Assistant Commercial Manager,0,Louisdreyfuscompany,False,Contract,,,False,Associate's degree,Master's degree,"{'min': '', 'max': '', 'currency': '', 'period': '', 'summary': ''}",,,,Unknown,"Upper Sandusky, Ohio",Upper Sandusky,Ohio,,5241,,Management Analysts,"[""Accountability"", ""Accounting"", ""Algebra"", ""Arbitrage"", ""Balance Sheet"", ""Brand Awareness"", ""Business Analysis"", ""Career Development""]","[""Accounting"", ""Algebra"", ""Arbitrage"", ""Balance Sheet"", ""Brand Awareness"", ""Business Analysis"", ""Career Development""]","[""Accountability""]",[],[]
327041,2026-06-17,,,https://chgcareers.recruitee.com/o/assistant-general-manager-charlotte-2/c/new,Assistant General Manager - The Iberian Pig Charlotte,Management Analysts,Assistant General Manager - The Iberian Pig Charlotte,0,Castellucci Hospitality Group,False,Full Time,,,False,Associate's degree,Associate's degree,"USD 55,000 - 70,000 Yearly",55000.0,70000.0,annual,Unknown,"Atlanta, Georgia",Atlanta,Georgia,,5241,,Management Analysts,"[""Accounting"", ""Accounting Systems""]","[""Accounting"", ""Accounting Systems""]",[],[],[]
98141,2026-06-05,,,https://jobs.smartrecruiters.com/Equinox/744000130536809-assistant-general-manager-houston,"Assistant General Manager, Houston",Management Analysts,"Assistant General Manager, Houston",0,Equinox,False,Full Time,,,False,Associate's degree,Associate's degree,,,,,Unknown,"Houston, Texas, United States",Texas,United States,,5241,,Management Analysts,,,,,
401286,2026-06-05,,,https://jobs.smartrecruiters.com/Equinox/744000130536809-assistant-general-manager-houston?oga=true,"Assistant General Manager, Houston",Management Analysts,"Assistant General Manager, Houston",0,Equinox,False,Full Time,,,False,Associate's degree,Associate's degree,"{'min': '', 'max': '', 'currency': '', 'period': '', 'summary': ''}",,,,Unknown,"Houston, Texas",Houston,Texas,,5241,,Management Analysts,,,,,
317502,2026-06-18,,,https://jobs.smartrecruiters.com/Equinox/744000132918909-assistant-general-manager-long-island?oga=true,"Assistant General Manager, Long Island",Management Analysts,"Assistant General Manager, Long Island",0,Equinox,False,Full Time,,,False,Associate's degree,Bachelor's degree,"{'min': '', 'max': '', 'currency': '', 'period': '', 'summary': ''}",,,,Unknown,"Great Neck, New York",Great Neck,New York,,5241,,Management Analysts,,,,,
362417,2026-06-12,,,https://jobs.smartrecruiters.com/Equinox/744000131907817-assistant-general-manager-mamaroneck?oga=true,"Assistant General Manager, Mamaroneck",Management Analysts,"Assistant General Manager, Mamaroneck",0,Equinox,False,Full Time,,,False,Associate's degree,Bachelor's degree,"{'min': '', 'max': '', 'currency': '', 'period': '', 'summary': ''}",,,,Unknown,"Mamaroneck, New York",Mamaroneck,New York,,5241,,Management Analysts,,,,,
281394,2026-06-23,,,https://jobs.smartrecruiters.com/Equinox/744000133642830-assistant-general-manager-nyc?oga=true,"Assistant General Manager, NYC",Management Analysts,"Assistant General Manager, NYC",0,Equinox,False,Full Time,,,False,Associate's degree,Associate's degree,"{'min': '', 'max': '', 'currency': '', 'period': '', 'summary': ''}",,,,Unknown,"New York, New York",New York,New York,"New York-Newark-Jersey City, NY-NJ",5241,,Management Analysts,,,,,
232418,2026-06-26,,,https://jobs.smartrecruiters.com/Equinox/744000134526609-assistant-general-manager-washington-dc?oga=true,"Assistant General Manager, Washington DC",Management Analysts,"Assistant General Manager, Washington DC",0,Equinox,False,Full Time,,,False,Associate's degree,Associate's degree,"{'min': '', 'max': '', 'currency': '', 'period': '', 'summary': ''}",,,,Unknown,"Washington, District of Columbia",Washington,District of Columbia,"Washington-Arlington-Alexandria, DC-VA-MD-WV",5241,,Management Analysts,,,,,
341162,2026-06-16,,,https://jobs.smartrecruiters.com/Dominos/744000132319794-assistant-manager-01051-412-oaks-crossing?oga=true,Assistant Manager(01051) - 412 Oaks Crossing,Management Analysts,Assistant Manager - 412 Oaks Crossing,0,Dominos,False,Full Time,,,False,Associate's degree,Associate's degree,"{'min': '', 'max': '', 'currency': '', 'period': '', 'summary': ''}",,,,Unknown,"Plainwell, Michigan",Plainwell,Michigan,,5241,,Management Analysts,"[""Accountability""]",[],"[""Accountability""]",[],[]
251852,2026-06-25,,,https://jobs.smartrecruiters.com/Dominos/744000134152537-assistant-manager-01098-101-n-clinton-ave?oga=true,Assistant Manager(01098) - 101 N Clinton Ave,Management Analysts,Assistant Manager - 101 N Clinton Ave,0,Dominos,False,Full Time,,,False,Associate's degree,Associate's degree,"{'min': '', 'max': '', 'currency': '', 'period': '', 'summary': ''}",,,,Unknown,"Saint Johns, Michigan",Saint Johns,Michigan,,5241,,Management Analysts,"[""Accountability""]",[],"[""Accountability""]",[],[]
251870,2026-06-25,,,https://jobs.smartrecruiters.com/Dominos/744000134154494-assistant-manager-01120-3992-coleman-rd?oga=true,Assistant Manager(01120) - 3992 Coleman Rd,Management Analysts,Assistant Manager - 3992 Coleman Rd,0,Dominos,False,Full Time,,,False,Associate's degree,Associate's degree,"{'min': '', 'max': '', 'currency': '', 'period': '', 'summary': ''}",,,,Unknown,"East Lansing, Michigan",East Lansing,Michigan,,5241,,Management Analysts,"[""Accountability""]",[],"[""Accountability""]",[],[]
255518,2026-06-25,,,https://jobs.smartrecruiters.com/Dominos/744000134052430-assistant-manager-01160-616-w-main-st?oga=true,Assistant Manager(01160) - 616 W Main St,Management Analysts,Assistant Manager - 616 W Main St,0,Dominos,False,Full Time,,,False,Associate's degree,Associate's degree,"{'min': '', 'max': '', 'currency': '', 'period': '', 'summary': ''}",,,,Unknown,"Owosso, Michigan",Owosso,Michigan,,5241,,Management Analysts,"[""Accountability""]",[],"[""Accountability""]",[],[]
253364,2026-06-25,,,https://jobs.smartrecruiters.com/Dominos/744000134112947-assistant-manager-01167-5645-s-cedar-st?oga=true,Assistant Manager(01167) - 5645 S Cedar St,Management Analysts,Assistant Manager - 5645 S Cedar St,0,Dominos,False,Full Time,,,False,Associate's degree,Associate's degree,"{'min': '', 'max': '', 'currency': '', 'period': '', 'summary': ''}",,,,Unknown,"Lansing, Michigan",Lansing,Michigan,,5241,,Management Analysts,"[""Accountability""]",[],"[""Accountability""]",[],[]
255246,2026-06-25,,,https://jobs.smartrecruiters.com/Dominos/744000134060203-assistant-manager-01193-1701-s-waverly-rd?oga=true,Assistant Manager(01193) - 1701 S Waverly Rd,Management Analysts,Assistant Manager - 1701 S Waverly Rd,0,Dominos,False,Full Time,,,False,Associate's degree,Associate's degree,"{'min': '', 'max': '', 'currency': '', 'period': '', 'summary': ''}",,,,Unknown,"Lansing, Michigan",Lansing,Michigan,,5241,,Management Analysts,"[""Accountability""]",[],"[""Accountability""]",[],[]
254886,2026-06-25,,,https://jobs.smartrecruiters.com/Dominos/744000134070788-assistant-manager-01194-327-s-bridge-st?oga=true,Assistant Manager(01194) - 327 S Bridge St,Management Analysts,Assistant Manager - 327 S Bridge St,0,Dominos,False,Full Time,,,False,Associate's degree,Associate's degree,"{'min': '', 'max': '', 'currency': '', 'period': '', 'summary': ''}",,,,Unknown,"Grand Ledge, Michigan",Grand Ledge,Michigan,,5241,,Management Analysts,"[""Accountability""]",[],"[""Accountability""]",[],[]
251555,2026-06-25,,,https://jobs.smartrecruiters.com/Dominos/744000134166371-assistant-manager-01201-143-n-harrison-rd?oga=true,Assistant Manager(01201) - 143 N Harrison Rd,Management Analysts,Assistant Manager - 143 N Harrison Rd,0,Dominos,False,Full Time,,,False,Associate's degree,Associate's degree,"{'min': '', 'max': '', 'currency': '', 'period': '', 'summary': ''}",,,,Unknown,"East Lansing, Michigan",East Lansing,Michigan,,5241,,Management Analysts,"[""Accountability""]",[],"[""Accountability""]",[],[]
255603,2026-06-25,,,https://jobs.smartrecruiters.com/Dominos/744000134049514-assistant-manager-01207-1019-e-state-rd?oga=true,Assistant Manager(01207) - 1019 E State Rd,Management Analysts,Assistant Manager - 1019 E State Rd,0,Dominos,False,Full Time,,,False,Associate's degree,Associate's degree,"{'min': '', 'max': '', 'currency': '', 'period': '', 'summary': ''}",,,,Unknown,"Lansing, Michigan",Lansing,Michigan,,5241,,Management Analysts,"[""Accountability""]",[],"[""Accountability""]",[],[]
341515,2026-06-16,,,https://jobs.smartrecruiters.com/Dominos/744000132311959-assistant-manager-01208-234-s-washington-sq?oga=true,Assistant Manager(01208) - 234 S Washington Sq,Management Analysts,Assistant Manager - 234 S Washington Sq,0,Dominos,False,Full Time,,,False,Associate's degree,Associate's degree,"{'min': '', 'max': '', 'currency': '', 'period': '', 'summary': ''}",,,,Unknown,"Lansing, Michigan",Lansing,Michigan,,5241,,Management Analysts,"[""Accountability""]",[],"[""Accountability""]",[],[]
341406,2026-06-16,,,https://jobs.smartrecruiters.com/Dominos/744000132310504-assistant-manager-01212-2015-n-larch-st?oga=true,Assistant Manager(01212) - 2015 N Larch St,Management Analysts,Assistant Manager - 2015 N Larch St,0,Dominos,False,Full Time,,,False,Associate's degree,Associate's degree,"{'min': '', 'max': '', 'currency': '', 'period': '', 'summary': ''}",,,,Unknown,"Lansing, Michigan",Lansing,Michigan,,5241,,Management Analysts,"[""Accountability""]",[],"[""Accountability""]",[],[]
341418,2026-06-16,,,https://jobs.smartrecruiters.com/Dominos/744000132315150-assistant-manager-01213-4800-w-saginaw-hwy?oga=true,Assistant Manager(01213) - 4800 W Saginaw Hwy,Management Analysts,Assistant Manager - 4800 W Saginaw Hwy,0,Dominos,False,Full Time,,,False,Associate's degree,Associate's degree,"{'min': '', 'max': '', 'currency': '', 'period': '', 'summary': ''}",,,,Unknown,"Lansing, Michigan",Lansing,Michigan,,5241,,Management Analysts,"[""Accountability""]",[],"[""Accountability""]",[],[]
341804,2026-06-16,,,https://jobs.smartrecruiters.com/Dominos/744000132304164-assistant-manager-01236-1380-wright-ave?oga=true,Assistant Manager(01236) - 1380 Wright Ave,Management Analysts,Assistant Manager - 1380 Wright Ave,0,Dominos,False,Full Time,,,False,Associate's degree,Associate's degree,"{'min': '', 'max': '', 'currency': '', 'period': '', 'summary': ''}",,,,Unknown,"Alma, Michigan",Alma,Michigan,,5241,,Management Analysts,"[""Accountability""]",[],"[""Accountability""]",[],[]
341370,2026-06-16,,,https://jobs.smartrecruiters.com/Dominos/744000132313323-assistant-manager-01240-706-s-mission-st?oga=true,Assistant Manager(01240) - 706 S Mission St,Management Analysts,Assistant Manager - 706 S Mission St,0,Dominos,False,Full Time,,,False,Associate's degree,Associate's degree,"{'min': '', 'max': '', 'currency': '', 'period': '', 'summary': ''}",,,,Unknown,"Mount Pleasant, Michigan",Mount Pleasant,Michigan,,5241,,Management Analysts,"[""Accountability""]",[],"[""Accountability""]",[],[]
236667,2026-06-26,,,https://jobs.smartrecruiters.com/Dominos/744000134365046-assistant-manager-01253-264-n-river-ave-20?oga=true,Assistant Manager(01253) - 264 N River Ave #20,Management Analysts,Assistant Manager - 264 N River Ave #20,0,Dominos,False,Full Time,,,False,Associate's degree,Associate's degree,"{'min': '', 'max': '', 'currency': '', 'period': '', 'summary': ''}",,,,Unknown,"Holland, Michigan",Holland,Michigan,,5241,,Management Analysts,"[""Accountability""]",[],"[""Accountability""]",[],[]
236782,2026-06-26,,,https://jobs.smartrecruiters.com/Dominos/744000134364119-assistant-manager-01260-738-michigan-ave?oga=true,Assistant Manager(01260) - 738 Michigan Ave,Management Analysts,Assistant Manager - 738 Michigan Ave,0,Dominos,False,Full Time,,,False,Associate's degree,Associate's degree,"{'min': '', 'max': '', 'currency': '', 'period': '', 'summary': ''}",,,,Unknown,"Holland, Michigan",Holland,Michigan,,5241,,Management Analysts,"[""Accountability""]",[],"[""Accountability""]",[],[]
341346,2026-06-16,,,https://jobs.smartrecruiters.com/Dominos/744000132317178-assistant-manager-01293-328-lansing-st?oga=true,Assistant Manager(01293) - 328 Lansing St,Management Analysts,Assistant Manager - 328 Lansing St,0,Dominos,False,Full Time,,,False,Associate's degree,Associate's degree,"{'min': '', 'max': '', 'currency': '', 'period': '', 'summary': ''}",,,,Unknown,"Charlotte, Michigan",Charlotte,Michigan,,5241,,Management Analysts,"[""Accountability""]",[],"[""Accountability""]",[],[]
119978,2026-06-05,,,https://jobs.dayforcehcm.com/en-US/mayinstitute/CANDIDATEPORTAL/jobs/70703,Assistant Program Coordinator,Management Analysts,Assistant Program Coordinator,0,National Autism Center At May Institute,False,Full Time,,,False,High school diploma or equivalent,Master's degree,USD 23 per HOUR,23.0,23.0,hourly,Unknown,"New Bedford, Massachusetts, United States",Massachusetts,United States,,5241,,Management Analysts,,,,,
137436,2026-06-05,,,https://recruiting.paylocity.com/Recruiting/Jobs/Details/4224523,Assistant Site Manager,Management Analysts,Assistant Site Manager,0,Trellis,False,Full Time,,,False,Associate's degree,Associate's degree,USD 21 - 24 per HOUR,21.0,24.0,hourly,Unknown,"Minneapolis, Minnesota, United States",Minnesota,United States,,5241,,Management Analysts,,,,,
91117,2026-06-05,,,https://recruiting.paylocity.com/Recruiting/Jobs/Details/4229257,Associate,Management Analysts,Associate,0,BidFTA Online Auctions,False,Full Time,,,False,Associate's degree,Associate's degree,USD 17 per HOUR,17.0,17.0,hourly,Unknown,"Florence, Kentucky, United States",Kentucky,United States,,5241,,Management Analysts,"[""Adaptability""]",[],"[""Adaptability""]",[],[]
347329,2026-06-16,,,https://apply.workable.com/j/D196B73409/apply,"Associate Attorney, Estate Planning, Tax, and Probate",Management Analysts,"Associate Attorney, Estate Planning, Tax, and Probate",0,Bmgt,False,Full Time,,,False,Associate's degree,Doctoral or professional degree,"{'min': '', 'max': '', 'currency': '', 'period': '', 'summary': ''}",,,,Unknown,"Ponte, Vedra Beach",Ponte,Vedra Beach,,5241,,Management Analysts,"[""Asset Protection"", ""Business Development"", ""Business Planning""]","[""Asset Protection"", ""Business Development"", ""Business Planning""]",[],[],[]
257536,2026-06-25,,,https://ehac.fa.us6.oraclecloud.com/?keyword=&mode=jobs&lang=en&site_number=CX_1#19137,Associate Digital Merchant,Management Analysts,Associate Digital Merchant,0,Ehac.fa.us6.oraclecloud.com,False,,,,False,Associate's degree,Associate's degree,"{'min': '', 'max': '', 'currency': '', 'period': '', 'summary': ''}",,,,Unknown,"San Francisco, California",San Francisco,California,,5241,,Management Analysts,,,,,
265854,2026-06-24,,,https://jobs.lever.co/jobgether/a9a7ae0d-3696-441a-b093-988cdf52ed09/apply,Associate Director of Enterprise Sales - Veterinary Software,Management Analysts,Associate Director of Enterprise Sales - Veterinary Software,0,Jobgether,False,Full Time,,,False,Associate's degree,Master's degree,"{'min': '', 'max': '', 'currency': '', 'period': '', 'summary': ''}",,,,Remote,US,,,,5241,,Management Analysts,"[""Career Development""]","[""Career Development""]",[],[],[]
387111,2026-06-09,,,https://job-boards.greenhouse.io/doordashusa/jobs/7983403,"Associate Manager, Strategy and Operations, Fraud",Management Analysts,"Associate Manager, Strategy and Operations, Fraud",0,Doordashusa,False,,,,False,Associate's degree,Bachelor's degree,"{'min': '', 'max': '', 'currency': '', 'period': '', 'summary': ''}",,,,Remote,"New York, New York",New York,New York,"New York-Newark-Jersey City, NY-NJ",5241,,Management Analysts,"[""Analytical Skills"", ""Analytics"", ""Banking""]","[""Analytics"", ""Banking""]","[""Analytical Skills""]",[],[]
422832,2026-06-02,,,https://fa-eoic-saasfaprod1.fa.ocs.oraclecloud.com/?keyword=&mode=jobs&lang=en&site_number=CX#22371,Associate Retail Planner,Management Analysts,Associate Retail Planner,0,Fa-Eoic-Saasfaprod1.fa.ocs.oraclecloud.com,False,,,,False,Associate's degree,Bachelor's degree,"{'min': '', 'max': '', 'currency': '', 'period': '', 'summary': ''}",,,,Unknown,"Manhattan, New York",Manhattan,New York,,5241,,Management Analysts,"[""Analytics""]","[""Analytics""]",[],[],[]
93610,2026-06-05,2027-06-05,365.0,https://careers.kehe.com/careers-home/jobs/29389,"Associate, Warehouse Operations - Selector (1st and 2nd shift)",Management Analysts,"Associate, Warehouse Operations - Selector",0,KeHE Distributors,False,Full Time,,,False,High school diploma or equivalent,Associate's degree,"MonetaryAmount, USD, {'@type': 'QuantitativeValue', 'value': 0, 'minValue': 0, 'maxValue': 0, 'unitText': 'YEAR'}",0.0,0.0,annual,Unknown,"Dallas, Texas, United States",Texas,United States,,5241,,Management Analysts,"[""Acquisition Processes""]","[""Acquisition Processes""]",[],[],[]
298957,2026-06-22,,,https://efuq.fa.us6.oraclecloud.com/?keyword=&mode=jobs&lang=en&site_number=CX_1#21088,Asst Manager In House Marketing I,Management Analysts,Asst Manager In House Marketing I,0,Efuq.fa.us6.oraclecloud.com,False,Full Time,,,False,Associate's degree,Master's degree,"{'min': '', 'max': '', 'currency': '', 'period': '', 'summary': ''}",,,,Unknown,"Myrtle Beach, South Carolina",Myrtle Beach,South Carolina,,5241,,Management Analysts,"[""Appraisals""]","[""Appraisals""]",[],[],[]
201380,2026-06-04,,,https://efuq.fa.us6.oraclecloud.com/hcmUI/CandidateExperience/en/sites/CX_1001/job/20312,Asst Manager Marketing IPC,Management Analysts,Asst Manager Marketing IPC,0,Hilton Grand Vacations,False,Full Time,,,False,Associate's degree,Master's degree,$120k per year,120000.0,120000.0,annual,Unknown,"New York, NY, United States",NY,United States,,5241,,Management Analysts,"[""Appraisals""]","[""Appraisals""]",[],[],[]
410006,2026-06-04,,,https://efuq.fa.us6.oraclecloud.com/?keyword=&mode=jobs&lang=en&site_number=CX_1#20312,Asst Manager Marketing IPC,Management Analysts,Asst Manager Marketing IPC,0,Efuq.fa.us6.oraclecloud.com,False,Full Time,,,False,Associate's degree,Master's degree,"{'min': '', 'max': '', 'currency': '', 'period': '', 'summary': ''}",,,,Unknown,"New York, New York",New York,New York,"New York-Newark-Jersey City, NY-NJ",5241,,Management Analysts,"[""Appraisals""]","[""Appraisals""]",[],[],[]
173118,2026-06-05,,,https://lkqcorp.wd5.myworkdayjobs.com/ExternalCareerSite-LKQ/job/1502-Janesville-WI---Star-Auto/Automotive-Dismantler_R71005,Automotive Dismantler,Management Analysts,Automotive Dismantler,0,LKQ Corporation,False,Full Time,,,False,High school diploma or equivalent,Associate's degree,USD 20 per HOUR,20.0,20.0,hourly,Unknown,"Janesville, Wisconsin, United States",Wisconsin,United States,,5241,,Management Analysts,,,,,
178183,2026-06-05,,,https://lithia.wd5.myworkdayjobs.com/LithiaCareers/job/Doral-Volkswagen-Doral-FL-33172/BDC-Administrator_R110270,BDC Administrator,Management Analysts,BDC Administrator,0,Lithia & Driveway,False,Full Time,,,False,High school diploma or equivalent,Associate's degree,,,,,On-site,"Doral, Florida, United States",Florida,United States,,5241,,Management Analysts,,,,,
85848,2026-06-05,,,https://recruiting.paylocity.com/Recruiting/Jobs/Details/4229868,BLS Dispatcher,Management Analysts,BLS Dispatcher,0,TriCare Medical Transportation,False,Full Time,,,False,Associate's degree,Associate's degree,USD 20 - 24 per HOUR,20.0,24.0,hourly,Unknown,"Pleasantville, New Jersey, United States",New Jersey,United States,,5241,,Management Analysts,,,,,
84677,2026-06-05,,,https://recruiting.paylocity.com/Recruiting/Jobs/Details/4230468,BMW Client Advisor,Management Analysts,BMW Client Advisor,0,Sharpe Cars,False,Full Time,,,False,Associate's degree,Associate's degree,,,,,Unknown,"Grand Rapids, Michigan, United States",Michigan,United States,,5241,,Management Analysts,"[""Automotive Industry""]","[""Automotive Industry""]",[],[],[]
96432,2026-06-05,,,https://recruiting.ultipro.com/XLP1000XLP/JobBoard/4aa11a05-51ea-4356-bd20-c68044d8149d/OpportunityDetail?opportunityId=237fdcb4-a8c7-4226-873b-994ef32708f2,Battery Route Sales (NON CDL),Management Analysts,Battery Route Sales,0,The Parts House,False,Full Time,,,False,Associate's degree,Associate's degree,,,,,Unknown,"San Antonio, Texas, United States",Texas,United States,,5241,,Management Analysts,,,,,
85056,2026-06-05,,,https://recruiting.paylocity.com/Recruiting/Jobs/Details/4230995,Beach Attendant,Management Analysts,Beach Attendant,0,Solé Miami,False,Full Time,,,False,Associate's degree,Associate's degree,USD 15 per HOUR,15.0,15.0,hourly,Unknown,"North Miami Beach, Florida, United States",Florida,United States,,5241,,Management Analysts,,,,,
82100,2026-06-04,,,https://recruiting.paylocity.com/Recruiting/Jobs/Details/4226333,Behavioral Support Specialist,Management Analysts,Behavioral Support Specialist,0,Child Focus,False,"Full Time, Temporary",,,False,Associate's degree,Bachelor's degree,USD 23 per HOUR,23.0,23.0,hourly,On-site,"Cincinnati, Ohio, United States",Ohio,United States,,5241,,Management Analysts,"[""Behavior Management""]","[""Behavior Management""]",[],[],[]
154266,2026-06-05,,,https://workforcenow.adp.com/mascsr/default/mdf/recruitment/recruitment.html?cid=74441c0c-744a-4c53-aabe-506bac5829f5&jobId=21014,Bethel Kids Team Member,Management Analysts,Bethel Kids Team Member,0,Bethel Church,False,Part Time,,,False,Associate's degree,Associate's degree,"MonetaryAmount, USD, {'@type': 'QuantitativeValue', 'minValue': 0, 'maxValue': 16.9, 'unitText': 'HOUR'}",0.0,16.9,hourly,Unknown,"Redding, California, United States",California,United States,,5241,,Management Analysts,,,,,
84641,2026-06-05,,,https://recruiting.paylocity.com/Recruiting/Jobs/Details/4231611,Billing and Authorization Assistant:,Management Analysts,Billing and Authorization Assistant:,0,Association House Of Chicago,False,Full Time,,,False,High school diploma or equivalent,Master's degree,USD 20 - 20.5 per HOUR,20.0,20.5,hourly,Unknown,"Chicago, Illinois, United States",Illinois,United States,,5241,,Management Analysts,"[""Behavioral Health"", ""Billing"", ""Bookkeeping""]","[""Behavioral Health"", ""Billing"", ""Bookkeeping""]",[],[],[]
145651,2026-06-05,,,https://recruiting.paylocity.com/Recruiting/Jobs/Details/4225395,Board Certified Behavior Analyst (BCBA) - Clinic based,Management Analysts,Board Certified Behavior Analyst - Clinic based,0,"ABA Support Services, LLC",False,Full Time,,,False,Postsecondary nondegree award,Master's degree,,,,,Unknown,"Bethlehem, Pennsylvania, United States",Pennsylvania,United States,,5241,,Management Analysts,"[""Applied Behavior Analysis"", ""Board Certified Behavior Analyst (BCBA)""]","[""Applied Behavior Analysis""]",[],[],"[""Board Certified Behavior Analyst (BCBA)""]"
431287,2026-06-01,,,https://apply.workable.com/j/3BA86B0403/apply,Boiler Technician,Management Analysts,Boiler Technician,0,D2b-Groups,False,Full Time,,,False,High school diploma or equivalent,Associate's degree,"{'min': '', 'max': '', 'currency': '', 'period': '', 'summary': ''}",,,,Hybrid,"Sioux City, Iowa",Sioux City,Iowa,,5241,,Management Analysts,,,,,
76967,2026-06-04,,,https://recruiting.paylocity.com/Recruiting/Jobs/Details/4226552,Branch Manager- McLean,Management Analysts,Branch Manager- McLean,0,Lafayette Federal Credit Union,False,Full Time,,,False,Postsecondary nondegree award,Doctoral or professional degree,USD 73927 - 80000 per YEAR,73927.0,80000.0,annual,Unknown,"McLean, Virginia, United States",Virginia,United States,,5241,,Management Analysts,"[""Business Development""]","[""Business Development""]",[],[],[]
89065,2026-06-05,,,https://myjobs.adp.com/schultehotelcareers/cx/job-details?reqId=5001203941306,Breakfast Attendant,Management Analysts,Breakfast Attendant,0,Schulte Hospitality Group,False,Full Time,,,False,High school diploma or equivalent,Associate's degree,,,,,Unknown,"Fayetteville, New York, United States",New York,United States,,5241,,Management Analysts,,,,,
97238,2026-06-05,,,https://myjobs.adp.com/schultehotelcareers/cx/job-details?reqId=5001203872506,Breakfast Attendant - Part Time,Management Analysts,Breakfast Attendant,0,Schulte Hospitality Group,False,Part Time,,,False,High school diploma or equivalent,Associate's degree,,,,,Unknown,"Des Moines, Iowa, United States",Iowa,United States,,5241,,Management Analysts,,,,,
257615,2026-06-25,,,https://ecge.fa.us2.oraclecloud.com/?keyword=&mode=jobs&lang=en&site_number=CX_1#20261143,"Business Analyst, Principal- Behavioral Health",Management Analysts,"Business Analyst, Principal- Behavioral Health",0,Ecge.fa.us2.oraclecloud.com,False,,,,False,Associate's degree,Associate's degree,"{'min': '', 'max': '', 'currency': '', 'period': '', 'summary': ''}",,,,Unknown,"El Dorado Hills, California",El Dorado Hills,California,,5241,,Management Analysts,"[""Behavioral Health""]","[""Behavioral Health""]",[],[],[]
227602,2026-06-28,,,https://www.welcometothejungle.com/en/companies/sfHSFn/jobs/account-development-representative-customer-accounts_austin_7knjtalo,Business Development Representative,Management Analysts,Business Development Representative,0,CaptivateIQ,False,Full Time,,,False,Associate's degree,Bachelor's degree,"USD 90,000 Yearly",90000.0,90000.0,annual,Unknown,Austin,,Austin,,5241,,Management Analysts,"[""Business Acumen"", ""Business Development""]","[""Business Development""]","[""Business Acumen""]",[],[]
79928,2026-06-04,,,https://boards.greenhouse.io/6sense/jobs/6131808?gh_jid=6131808,Business Development Representative - Enterprise,Management Analysts,Business Development Representative - Enterprise,0,6Sense,False,Full Time,,,False,Associate's degree,Bachelor's degree,USD 60000 per YEAR,60000.0,60000.0,annual,Unknown,"New York, New York, United States",New York,United States,,5241,,Management Analysts,"[""Business Acumen"", ""Business Development""]","[""Business Development""]","[""Business Acumen""]",[],[]
445089,2026-05-18,,,https://account.amazon.jobs/jobs/10422281/apply,"Business Operations Manager, AWS Sales Planning and Compensation",Management Analysts,"Business Operations Manager, AWS Sales Planning and Compensation",0,Amazon,False,Full Time,,,False,Associate's degree,Associate's degree,"{'min': '', 'max': '', 'currency': '', 'period': '', 'summary': ''}",,,,Unknown,"Seattle, Washington",Seattle,Washington,,5241,,Management Analysts,"[""Automation"", ""Business Operations""]","[""Automation"", ""Business Operations""]",[],[],[]
138929,2026-06-05,,,https://jobs.smartrecruiters.com/AspenSkiingCompany/744000130582329-busser-ajax-tavern,Busser - Ajax Tavern,Management Analysts,Busser - Ajax Tavern,0,Aspen Hospitality,False,"Full Time, Part Time",,,False,Associate's degree,Associate's degree,USD 16.82 per HOUR,16.82,16.82,hourly,Unknown,"Boulder, Colorado, United States",Colorado,United States,,5241,,Management Analysts,,,,,
163326,2026-06-05,,,https://www.paycomonline.net/v4/ats/web.php/portal/16986A13E5AE8CDBFED60BFF05777A92/jobs/464171,CMA/RMA - Clinic,Management Analysts,CMA/RMA - Clinic,0,"Digestive Health Specialists, P.a.",False,Full Time,,,False,High school diploma or equivalent,Postsecondary nondegree award,,,,,Unknown,"King, North Carolina, United States",North Carolina,United States,,5241,,Management Analysts,"[""Calculations""]","[""Calculations""]",[],[],[]
154222,2026-06-05,,,https://recruiting.paylocity.com/Recruiting/Jobs/Details/3762074,COOK,Management Analysts,COOK,0,Freddy's Frozen Custard & Steakburgers,False,"Full Time, Part Time",,,False,Associate's degree,Associate's degree,,,,,Unknown,"Norman, Oklahoma, United States",Oklahoma,United States,,5241,,Management Analysts,,,,,
326038,2026-06-18,,,https://apply.workable.com/j/7B5C51F10F/apply,Call Center Manager,Management Analysts,Call Center Manager,0,Floridawindowanddoor,False,Full Time,,,False,Bachelor's degree,Bachelor's degree,"{'min': '', 'max': '', 'currency': '', 'period': '', 'summary': ''}",,,,On-site,"Lake Worth Beach, Florida",Lake Worth Beach,Florida,,5241,,Management Analysts,"[""Accountability"", ""Accounting""]","[""Accounting""]","[""Accountability""]",[],[]
155496,2026-06-05,,,https://jobs.ashbyhq.com/renuity/2275fc57-f497-4c1f-97ed-398eda6b2b29,Canvass Manager,Management Analysts,Canvass Manager,0,Renuity,False,Full Time,,,False,Associate's degree,Associate's degree,USD 75000 - 150000 per YEAR,75000.0,150000.0,annual,Unknown,"Fort Wayne, Indiana, United States",Indiana,United States,,5241,,Management Analysts,"[""Business Objectives"", ""Canvassing""]","[""Canvassing""]","[""Business Objectives""]",[],[]
155497,2026-06-05,,,https://jobs.ashbyhq.com/renuity/2978b5d3-2efb-4440-8f14-9bcd17ec896e,Canvass Manager,Management Analysts,Canvass Manager,0,Renuity,False,Full Time,,,False,Associate's degree,Associate's degree,USD 75000 - 150000 per YEAR,75000.0,150000.0,annual,Unknown,"Louisville, Kentucky, United States",Kentucky,United States,,5241,,Management Analysts,"[""Business Objectives"", ""Canvassing""]","[""Canvassing""]","[""Business Objectives""]",[],[]
74689,2026-06-05,,,https://recruiting.paylocity.com/Recruiting/Jobs/Details/4228071,Care Partner,Management Analysts,Care Partner,0,Cogir Senior Living,False,Full Time,,,False,High school diploma or equivalent,Associate's degree,USD 19 per HOUR,19.0,19.0,hourly,Unknown,"Chandler, Arizona, United States",Arizona,United States,,5241,,Management Analysts,"[""Caregiving""]","[""Caregiving""]",[],[],[]
74747,2026-06-05,,,https://recruiting.paylocity.com/Recruiting/Jobs/Details/4228047,Care Partner- NOC,Management Analysts,Care Partner- NOC,0,Cogir Senior Living,False,Part Time,,,False,High school diploma or equivalent,Associate's degree,,,,,Unknown,"Rancho Palos Verdes, California, United States",California,United States,,5241,,Management Analysts,"[""Caregiving""]","[""Caregiving""]",[],[],[]
225845,2026-06-08,,,https://recruiting.paylocity.com/Recruiting/Jobs/Details/4233377,Caregiver - Memory Care,Management Analysts,Caregiver - Memory Care,0,Cogir Senior Living,False,Full Time,,,False,High school diploma or equivalent,Associate's degree,{},,,,Unknown,"Mesa, Arizona",Mesa,Arizona,,5241,,Management Analysts,"[""Caregiving""]","[""Caregiving""]",[],[],[]
74379,2026-06-05,,,https://recruiting.paylocity.com/Recruiting/Jobs/Details/4228647,Caregiver/Bath Aide - FT,Management Analysts,Caregiver/Bath Aide - FT,0,Cogir Senior Living,False,Full Time,,,False,High school diploma or equivalent,Associate's degree,USD 20 - 21 per HOUR,20.0,21.0,hourly,Unknown,"Vancouver, Washington, United States",Washington,United States,,5241,,Management Analysts,"[""Caregiving""]","[""Caregiving""]",[],[],[]
413902,2026-06-03,,,https://tcitransportation.teamtailor.com/jobs/7846526-carrier-procurement-representative-for-logistics-brokerage,Carrier Procurement Representative for Logistics Brokerage,Management Analysts,Carrier Procurement Representative for Logistics Brokerage,0,TCI Transportation,False,,,,False,Bachelor's degree,Bachelor's degree,"{'min': '', 'max': '', 'currency': '', 'period': '', 'summary': ''}",,,,Unknown,"North, Richland Hills",North,Richland Hills,,5241,,Management Analysts,"[""Account Management"", ""Accountability"", ""Brokerage""]","[""Account Management"", ""Brokerage""]","[""Accountability""]",[],[]
360516,2026-06-13,,,https://apply.workable.com/j/6CB2BF8073/apply,Certified All School Classroom Aide/ Floater ( and ),Management Analysts,Certified All School Classroom Aide/ Floater,0,Jcc-Greater-Boston,False,"Full Time, Part Time",,,False,Postsecondary nondegree award,Master's degree,"{'min': '', 'max': '', 'currency': '', 'period': '', 'summary': ''}",,,,On-site,"Newton Centre, Massachusetts",Newton Centre,Massachusetts,,5241,,Management Analysts,,,,,
398834,2026-06-07,,,https://www.welcometothejungle.com/en/companies/b4mkkJ/jobs/chief-of-staff_us_xsw4lfew,Chief of Staff,Management Analysts,Chief of Staff,0,Akasa,False,Full Time,,,False,Associate's degree,Master's degree,"USD 200,000 - 240,000 Yearly",200000.0,240000.0,annual,Unknown,United States,,,,5241,,Management Analysts,"[""Accountability"", ""Banking"", ""Business Acumen""]","[""Banking""]","[""Accountability"", ""Business Acumen""]",[],[]
327209,2026-06-17,,,https://ats.rippling.com/aigent-energy/jobs/ad14b0e3-9942-4789-87f9-974955ffb371,Chief of Staff,Management Analysts,Chief of Staff,0,Aigent-Energy,False,"Full Time, Contract",,,False,Associate's degree,Associate's degree,"{'min': '', 'max': '', 'currency': '', 'period': '', 'summary': ''}",,,,Remote,Remote (),,Remote (),,5241,,Management Analysts,,,,,
265563,2026-06-24,,,https://jobs.lever.co/jobgether/cffd0bab-4788-44b0-ba9b-dbcb4e6591c7/apply,Claims Representative 2-Crop,Management Analysts,Claims Representative 2-Crop,0,Jobgether,False,Full Time,,,False,Associate's degree,Associate's degree,"{'min': '', 'max': '', 'currency': '', 'period': '', 'summary': ''}",,,,Unknown,US,,,,5241,,Management Analysts,"[""Agriculture"", ""Analytical Thinking"", ""Career Development""]","[""Agriculture"", ""Career Development""]","[""Analytical Thinking""]",[],[]
294998,2026-06-22,,,https://jobs.lever.co/jobgether/df1aaec5-2725-4776-8a94-3d045f7c830f/apply,"Client Partner, Insurance Solutions",Management Analysts,"Client Partner, Insurance Solutions",0,Jobgether,False,Full Time,,,False,Associate's degree,Bachelor's degree,"{'min': '', 'max': '', 'currency': '', 'period': '', 'summary': ''}",,,,Remote,US,,,,5241,,Management Analysts,"[""Account Growth"", ""Account Management"", ""Career Development""]","[""Account Growth"", ""Account Management"", ""Career Development""]",[],[],[]
337575,2026-06-17,,,https://apply.workable.com/j/894893F068/apply,Client Success - Insurance Partnerships,Management Analysts,Client Success - Insurance Partnerships,0,Silvur,False,Full Time,,,False,Associate's degree,Associate's degree,"{'min': '', 'max': '', 'currency': '', 'period': '', 'summary': ''}",,,,Remote,United States,,,,5241,,Management Analysts,"[""Account Management"", ""Asana"", ""Calculators""]","[""Account Management"", ""Asana""]","[""Calculators""]",[],[]
362439,2026-06-12,,,https://job-boards.greenhouse.io/relaygraduateschoolofeducation/jobs/8001971,"Clinical Practice Director, Tennessee",Management Analysts,"Clinical Practice Director, Tennessee",0,Relaygraduateschoolofeducation,False,"Full Time, Part Time",,,False,Postsecondary nondegree award,Doctoral or professional degree,"{'min': '', 'max': '', 'currency': '', 'period': '', 'summary': ''}",,,,On-site,Tennessee,,Tennessee,,5241,,Management Analysts,,,,,
226027,2026-06-09,,,https://recruiting.paylocity.com/Recruiting/Jobs/Details/4236612,Closing Cashier at the Market at Preston,Management Analysts,Closing Cashier at the Market at Preston,0,Tiger Fuel Company,False,Full Time,,,False,Bachelor's degree,Bachelor's degree,USD 14 - 16.50 Hourly,14.0,16.5,hourly,Unknown,"Charlottesville, Virginia",Charlottesville,Virginia,,5241,,Management Analysts,,,,,
316038,2026-06-19,,,https://apply.workable.com/j/BFD5C7EDB0/apply,Club Receptionist,Management Analysts,Club Receptionist,0,East-Bank-Club,False,Part Time,,,False,Associate's degree,Associate's degree,"{'min': '', 'max': '', 'currency': '', 'period': '', 'summary': ''}",,,,Unknown,"Chicago, Illinois",Chicago,Illinois,,5241,,Management Analysts,,,,,
356503,2026-06-15,,,https://apply.workable.com/j/08233DC412/apply,Collections / Originations Manager,Management Analysts,Collections / Originations Manager,0,Byrider,False,Full Time,,,False,Associate's degree,Associate's degree,"{'min': '', 'max': '', 'currency': '', 'period': '', 'summary': ''}",,,,Unknown,"Saginaw, Michigan",Saginaw,Michigan,,5241,,Management Analysts,"[""Accountability"", ""Automotive Finance"", ""Banking"", ""Business Decisions"", ""Business Results""]","[""Automotive Finance"", ""Banking"", ""Business Decisions"", ""Business Results""]","[""Accountability""]",[],[]
78632,2026-06-04,,,https://recruiting.paylocity.com/Recruiting/Jobs/Details/4226712,Collision Repair and Refinish Technician,Management Analysts,Collision Repair and Refinish Technician,0,Summit Truck Bodies,False,Full Time,,,False,High school diploma or equivalent,Associate's degree,,,,,Unknown,"Wathena, Kansas, United States",Kansas,United States,,5241,,Management Analysts,"[""Bill Of Materials""]","[""Bill Of Materials""]",[],[],[]
391241,2026-06-09,,,https://apply.workable.com/j/500F11720E/apply,Commercial Finance Manager,Management Analysts,Commercial Finance Manager,0,Mast-Jagermeister-US,False,Full Time,,,False,Associate's degree,Bachelor's degree,"{'min': '', 'max': '', 'currency': '', 'period': '', 'summary': ''}",,,,Hybrid,"New York, New York",New York,New York,"New York-Newark-Jersey City, NY-NJ",5241,,Management Analysts,"[""Analytics""]","[""Analytics""]",[],[],[]
391959,2026-06-08,,,https://job-boards.greenhouse.io/foundationriskpartners/jobs/5159071007,Commercial Lines Account Manager,Management Analysts,Commercial Lines Account Manager,0,Foundationriskpartners,False,,,,False,Associate's degree,Associate's degree,"{'min': '', 'max': '', 'currency': '', 'period': '', 'summary': ''}",,,,Unknown,"Brandon, Florida",Brandon,Florida,,5241,,Management Analysts,"[""Agency Management"", ""Automation"", ""Brokerage"", ""Business Objectives""]","[""Agency Management"", ""Automation"", ""Brokerage""]","[""Business Objectives""]",[],[]
280379,2026-06-23,,,https://job-boards.greenhouse.io/foundationriskpartners/jobs/5172040007,Commercial Lines Account Manager,Management Analysts,Commercial Lines Account Manager,0,Foundationriskpartners,False,,,,False,Associate's degree,Associate's degree,"{'min': '', 'max': '', 'currency': '', 'period': '', 'summary': ''}",,,,Unknown,"Jonesville, Florida",Jonesville,Florida,,5241,,Management Analysts,"[""Agency Management"", ""Automation"", ""Brokerage"", ""Business Objectives""]","[""Agency Management"", ""Automation"", ""Brokerage""]","[""Business Objectives""]",[],[]
155824,2026-06-05,,,https://www.paycomonline.net/v4/ats/web.php/portal/687961738255736C9A55426EEEEA5C6F/jobs/316271,Community Support Specialist,Management Analysts,Community Support Specialist,0,ReDiscover,False,Full Time,,,False,Associate's degree,Bachelor's degree,,,,,On-site,"Kansas City, Missouri, United States",Missouri,United States,,5241,,Management Analysts,"[""Case Management""]","[""Case Management""]",[],[],[]
413524,2026-06-03,,,https://jobs.smartrecruiters.com/CieloProjects/744000130047387-compensation-and-benefits-manager-americas-remote-est-cst-?oga=true,Compensation and Benefits Manager - Americas ( EST/CST),Management Analysts,Compensation and Benefits Manager - Americas,0,Cieloprojects,False,Full Time,,,False,Postsecondary nondegree award,Bachelor's degree,"{'min': '', 'max': '', 'currency': '', 'period': '', 'summary': ''}",,,,Remote,"Boston, Massachusetts",Boston,Massachusetts,,5241,,Management Analysts,"[""Benefits Administration"", ""Business Administration"", ""Calculations"", ""Certified Benefits Professional"", ""Certified Compensation Professional""]","[""Benefits Administration"", ""Calculations""]","[""Business Administration""]",[],"[""Certified Benefits Professional"", ""Certified Compensation Professional""]"
400302,2026-06-05,,,https://job-boards.greenhouse.io/pieinsurance/jobs/6014425004,"Complex Claims Adjuster, Workers Compensation",Management Analysts,"Complex Claims Adjuster, Workers Compensation",0,Pieinsurance,False,Contract,,,False,High school diploma or equivalent,Bachelor's degree,"{'min': '', 'max': '', 'currency': '', 'period': '', 'summary': ''}",,,,Remote,United States,,,,5241,,Management Analysts,"[""Adjudication""]","[""Adjudication""]",[],[],[]
138881,2026-06-05,,,https://job-boards.greenhouse.io/sixthstreet/jobs/7765024003,Compliance Officer,Management Analysts,Compliance Officer,0,Sixth Street,False,Full Time,,,False,Associate's degree,Doctoral or professional degree,USD 175000 - 200000 per YEAR,175000.0,200000.0,annual,Unknown,"New York, New York, United States",New York,United States,,5241,,Management Analysts,"[""Advising"", ""Capital Markets""]","[""Capital Markets""]","[""Advising""]",[],[]
356886,2026-06-15,,,https://apply.workable.com/j/AC6316FACE/apply,Contact Center Supervisor,Management Analysts,Contact Center Supervisor,0,Datamark-Inc,False,Full Time,,,False,High school diploma or equivalent,Bachelor's degree,"{'min': '', 'max': '', 'currency': '', 'period': '', 'summary': ''}",,,,Unknown,"El Paso, Texas",El Paso,Texas,,5241,,Management Analysts,,,,,
96151,2026-06-05,,,https://workforcenow.adp.com/mascsr/default/mdf/recruitment/recruitment.html?cid=c3a30086-df4c-4fd3-9714-0ec6f4ee91a1&jobId=565338,Controller,Management Analysts,Controller,0,Humane Rescue Alliance,False,Full Time,,,False,Postsecondary nondegree award,Bachelor's degree,"MonetaryAmount, USD, {'@type': 'QuantitativeValue', 'minValue': 0, 'maxValue': 90000, 'unitText': 'YEAR'}",0.0,90000.0,annual,Hybrid,"Washington, District of Columbia, United States",District of Columbia,United States,,5241,,Management Analysts,"[""Accounting"", ""Accounting Operations"", ""Accounts Payable"", ""Accounts Receivable"", ""Adoptions"", ""Allergens"", ""Bank Reconciliations"", ""Billing"", ""Budgeting""]","[""Accounting"", ""Accounting Operations"", ""Accounts Payable"", ""Accounts Receivable"", ""Adoptions"", ""Allergens"", ""Bank Reconciliations"", ""Billing""]","[""Budgeting""]",[],[]
424963,2026-06-02,,,https://apply.workable.com/j/398FF4422D/apply,Controller,Management Analysts,Controller,0,Dunlop,False,Full Time,,,False,Associate's degree,Bachelor's degree,"{'min': '', 'max': '', 'currency': '', 'period': '', 'summary': ''}",,,,Unknown,"Benicia, California",Benicia,California,,5241,,Management Analysts,"[""Accounting"", ""Accounting Operations"", ""Accounts Receivable"", ""Analytical Skills"", ""Balance Sheet"", ""Budgeting"", ""Cash Flow Management"", ""Cash Flows"", ""Cash Management""]","[""Accounting"", ""Accounting Operations"", ""Accounts Receivable"", ""Balance Sheet"", ""Cash Flow Management"", ""Cash Flows"", ""Cash Management""]","[""Analytical Skills"", ""Budgeting""]",[],[]
282814,2026-06-23,,,https://jobs.lever.co/jobgether/ec5dec5a-39d2-4aa6-9080-524c98d7f97f/apply,Controller / Senior Accountant,Management Analysts,Controller / Senior Accountant,0,Jobgether,False,Contract,,,False,Postsecondary nondegree award,Bachelor's degree,"{'min': '', 'max': '', 'currency': '', 'period': '', 'summary': ''}",,,,Remote,US,,,,5241,,Management Analysts,"[""Accounting"", ""Accounting Operations"", ""Accounts Payable"", ""Accounts Receivable"", ""Accrual Accounting"", ""Bookkeeping"", ""Business Partnering""]","[""Accounting"", ""Accounting Operations"", ""Accounts Payable"", ""Accounts Receivable"", ""Accrual Accounting"", ""Bookkeeping"", ""Business Partnering""]",[],[],[]
387042,2026-06-09,,,https://jobs.smartrecruiters.com/RelaisChateaux/744000130927209-cook-i-the-little-nell?oga=true,Cook I - The Little Nell,Management Analysts,Cook I - The Little Nell,0,Relaischateaux,False,Full Time,,,False,Postsecondary nondegree award,Associate's degree,"{'min': '', 'max': '', 'currency': '', 'period': '', 'summary': ''}",,,,Unknown,"Aspen, Colorado",Aspen,Colorado,,5241,,Management Analysts,"[""Baking""]","[""Baking""]",[],[],[]
79663,2026-06-05,,,https://jobs.smartrecruiters.com/AspenSkiingCompany/744000130309757-cook-ii-limelight-snowmass,Cook II - Limelight Snowmass,Management Analysts,Cook II - Limelight Snowmass,0,Aspen Hospitality,False,Full Time,,,False,Postsecondary nondegree award,Associate's degree,USD 23 per HOUR,23.0,23.0,hourly,Unknown,"Snowmass Village, Colorado, United States",Colorado,United States,,5241,,Management Analysts,"[""Baking""]","[""Baking""]",[],[],[]
387055,2026-06-09,,,https://jobs.smartrecruiters.com/RelaisChateaux/744000130904339-cook-ii-the-little-nell?oga=true,Cook II - The Little Nell,Management Analysts,Cook II - The Little Nell,0,Relaischateaux,False,Full Time,,,False,Postsecondary nondegree award,Associate's degree,"{'min': '', 'max': '', 'currency': '', 'period': '', 'summary': ''}",,,,Unknown,"Aspen, Colorado",Aspen,Colorado,,5241,,Management Analysts,"[""Baking""]","[""Baking""]",[],[],[]
387044,2026-06-09,,,https://jobs.smartrecruiters.com/RelaisChateaux/744000130923229-cook-iii-the-little-nell?oga=true,Cook III - The Little Nell,Management Analysts,Cook III - The Little Nell,0,Relaischateaux,False,Full Time,,,False,Postsecondary nondegree award,Associate's degree,"{'min': '', 'max': '', 'currency': '', 'period': '', 'summary': ''}",,,,Unknown,"Aspen, Colorado",Aspen,Colorado,,5241,,Management Analysts,"[""Baking""]","[""Baking""]",[],[],[]
161603,2026-06-05,,,https://shhotelsandresorts.wd12.myworkdayjobs.com/SHG/job/1-Hotel-Hanalei-Bay/Cook-III--Welina-Terrace_JR104682-1,"Cook III, Welina Terrace",Management Analysts,"Cook III, Welina Terrace",0,Starwood Hotels,False,Temporary,,,False,Associate's degree,Associate's degree,USD 34 per HOUR,34.0,34.0,hourly,Unknown,"Hawaii, United States",Hawaii,United States,,5241,,Management Analysts,"[""Brand Management""]","[""Brand Management""]",[],[],[]
96161,2026-06-05,,,https://recruiting.ultipro.com/XLP1000XLP/JobBoard/4aa11a05-51ea-4356-bd20-c68044d8149d/OpportunityDetail?opportunityId=fa432c2f-c929-4653-aef5-9a8de152d4bd,Counter Store Sales,Management Analysts,Counter Store Sales,0,The Parts House,False,Full Time,,,False,High school diploma or equivalent,High school diploma or equivalent,,,,,Unknown,"Harris County, Texas, United States",Texas,United States,,5241,,Management Analysts,,,,,
315896,2026-06-19,,,https://apply.workable.com/j/68C4927443/apply,Creative Director-Health & Wellness,Management Analysts,Creative Director-Health & Wellness,0,Hialtitudebrands,False,Full Time,,,False,Associate's degree,Associate's degree,"{'min': '', 'max': '', 'currency': '', 'period': '', 'summary': ''}",,,,Remote,"Los Angeles, California",Los Angeles,California,,5241,,Management Analysts,"[""Adobe Creative Suite"", ""Brand Awareness"", ""Brand Identity"", ""Brand Marketing"", ""Brand Strategy""]","[""Adobe Creative Suite"", ""Brand Awareness"", ""Brand Identity"", ""Brand Marketing"", ""Brand Strategy""]",[],[],[]
419066,2026-06-02,,,https://jobs.ashbyhq.com/kin/59133d64-31c2-4a28-8813-a46f321e0a21/application,"Creative Lead, Performance Copy",Management Analysts,"Creative Lead, Performance Copy",0,Kin,False,Full Time,,,False,Associate's degree,Doctoral or professional degree,"USD 120,000 - 150,000 Yearly",120000.0,150000.0,annual,Remote,United States,,,,5241,,Management Analysts,"[""Business Priorities""]","[""Business Priorities""]",[],[],[]
159830,2026-06-05,2026-07-06,31.0,https://www.paycomonline.net/v4/ats/web.php/portal/63f95c354d398561e4ebb223b65e555c/jobs/242515,Culinary Team Members- Dearborn 6/5/26,Management Analysts,Culinary Team Members- Dearborn 6/5/26,0,Westborn Market,False,"Full Time, Contract",,,False,Associate's degree,Associate's degree,,,,,Unknown,"Dearborn, Michigan, United States",Michigan,United States,,5241,,Management Analysts,,,,,
163244,2026-06-05,2026-06-30,25.0,https://www.paycomonline.net/v4/ats/web.php/portal/4A1999C7FBA8F7ED77BCF83C86019F26/jobs/350458,Customer Service Rep,Management Analysts,Customer Service Rep,0,Baseline Fitness,False,Full Time,,,False,Associate's degree,Associate's degree,USD 15.2 per HOUR,15.2,15.2,hourly,On-site,"Littleton, Colorado, United States",Colorado,United States,,5241,,Management Analysts,,,,,
166888,2026-06-05,2026-07-06,31.0,https://www.paycomonline.net/v4/ats/web.php/portal/4A1999C7FBA8F7ED77BCF83C86019F26/jobs/350428,Customer Service Rep,Management Analysts,Customer Service Rep,0,Baseline Fitness,False,Full Time,,,False,Associate's degree,Associate's degree,USD 12.25 per HOUR,12.25,12.25,hourly,On-site,"Iowa City, Iowa, United States",Iowa,United States,,5241,,Management Analysts,,,,,
167209,2026-06-05,2026-07-05,30.0,https://www.paycomonline.net/v4/ats/web.php/portal/41165FD7DA2DD0DA85C677E75EE5FAF0/jobs/350408,Customer Service Rep Nights and Weekends,Management Analysts,Customer Service Rep Nights and Weekends,0,Baseline Fitness,False,Full Time,,,False,Associate's degree,Associate's degree,USD 12.25 per HOUR,12.25,12.25,hourly,On-site,"Cedar Rapids, Iowa, United States",Iowa,United States,,5241,,Management Analysts,,,,,
359585,2026-06-13,,,https://jobs.smartrecruiters.com/Dominos/744000132000212-customer-service-rep-01194-327-s-bridge-st?oga=true,Customer Service Rep(01194) - 327 S Bridge St,Management Analysts,Customer Service Rep - 327 S Bridge St,0,Dominos,False,Full Time,,,False,Bachelor's degree,Bachelor's degree,"{'min': '', 'max': '', 'currency': '', 'period': '', 'summary': ''}",,,,Unknown,"Grand Ledge, Michigan",Grand Ledge,Michigan,,5241,,Management Analysts,,,,,
236865,2026-06-26,,,https://jobs.smartrecruiters.com/Dominos/744000134361819-customer-service-rep-19050-410-merhar-ave-1?oga=true,Customer Service Rep(19050) - 410 Merhar Ave #1,Management Analysts,Customer Service Rep - 410 Merhar Ave #1,0,Dominos,False,Full Time,,,False,Associate's degree,Associate's degree,"{'min': '', 'max': '', 'currency': '', 'period': '', 'summary': ''}",,,,On-site,"Fairbanks, Alaska",Fairbanks,Alaska,,5241,,Management Analysts,"[""Calculators"", ""Ceramic Tile""]","[""Ceramic Tile""]","[""Calculators""]",[],[]
398418,2026-06-08,,,https://apply.workable.com/j/E8A4ECA5AE/apply,Customer Success Associate (Sales Track),Management Analysts,Customer Success Associate,0,Optisigns-Inc,False,Full Time,,,False,Associate's degree,Associate's degree,"{'min': '', 'max': '', 'currency': '', 'period': '', 'summary': ''}",,,,Unknown,"Houston, Texas",Houston,Texas,,5241,,Management Analysts,,,,,
103453,2026-06-05,,,https://job-boards.greenhouse.io/runwise/jobs/4687163006,Customer Success Manager,Management Analysts,Customer Success Manager,0,Runwise,False,Full Time,,,False,Associate's degree,Associate's degree,USD 90000 - 110000 per YEAR,90000.0,110000.0,annual,Hybrid,"New York, New York, United States",New York,United States,,5241,,Management Analysts,"[""Account Management""]","[""Account Management""]",[],[],[]
328162,2026-06-17,,,https://job-boards.greenhouse.io/blastpoint/jobs/5166298007,Customer Success Manager,Management Analysts,Customer Success Manager,0,Blastpoint,False,,,,False,Associate's degree,Bachelor's degree,"{'min': '', 'max': '', 'currency': '', 'period': '', 'summary': ''}",,,,Remote,Remote,,Remote,,5241,,Management Analysts,"[""Account Management"", ""Accountability"", ""Analytics"", ""Asana"", ""Business Objectives"", ""Business Priorities""]","[""Account Management"", ""Analytics"", ""Asana"", ""Business Priorities""]","[""Accountability"", ""Business Objectives""]",[],[]
281572,2026-06-23,,,https://jobs.lever.co/jobgether/bf6f5a80-45ee-4877-91c9-d356984c9b0f/apply,Danaher Business System Leader - Global Service,Management Analysts,Danaher Business System Leader - Global Service,0,Jobgether,False,Contract,,,False,Postsecondary nondegree award,Master's degree,"{'min': '', 'max': '', 'currency': '', 'period': '', 'summary': ''}",,,,Remote,US,,,,5241,,Management Analysts,"[""Acting"", ""Capability Development""]","[""Acting"", ""Capability Development""]",[],[],[]
383129,2026-06-10,,,https://apply.workable.com/j/ED392D2073/apply,Dental Treatment Coordinator - Orthodontic Office,Management Analysts,Dental Treatment Coordinator - Orthodontic Office,0,High-End-Hiring-3,False,Full Time,,,False,Associate's degree,Associate's degree,"{'min': '', 'max': '', 'currency': '', 'period': '', 'summary': ''}",,,,Unknown,"New York, New York",New York,New York,"New York-Newark-Jersey City, NY-NJ",5241,,Management Analysts,,,,,
295033,2026-06-22,,,https://jobs.lever.co/jobgether/042c4b41-e965-4027-ac2a-255fe02a9ed3/apply,Developer Portal & Community Manager,Management Analysts,Developer Portal & Community Manager,0,Jobgether,False,Full Time,,,False,Associate's degree,Associate's degree,"{'min': '', 'max': '', 'currency': '', 'period': '', 'summary': ''}",,,,Remote,US,,,,5241,,Management Analysts,,,,,
347228,2026-06-16,,,https://apply.workable.com/j/9B7FF3457A/apply,Diesel Engine Core Technician,Management Analysts,Diesel Engine Core Technician,0,Burnoutbrands,False,Full Time,,,False,High school diploma or equivalent,Associate's degree,"{'min': '', 'max': '', 'currency': '', 'period': '', 'summary': ''}",,,,On-site,"Cambridge, Ohio",Cambridge,Ohio,,5241,,Management Analysts,,,,,
239437,2026-06-26,,,https://emcm.fa.us2.oraclecloud.com/?keyword=&mode=jobs&lang=en&site_number=CX_1#2349116,Diesel Shop Supervisor,Management Analysts,Diesel Shop Supervisor,0,Emcm.fa.us2.oraclecloud.com,False,,,,False,High school diploma or equivalent,Associate's degree,"{'min': '', 'max': '', 'currency': '', 'period': '', 'summary': ''}",,,,Unknown,"Bridgeport, West Virginia",Bridgeport,West Virginia,,5241,,Management Analysts,,,,,
327090,2026-06-17,,,https://chgcareers.recruitee.com/o/dining-room-manager-charlotte/c/new,Dining Room Manager - The Iberian Pig Charlotte,Management Analysts,Dining Room Manager - The Iberian Pig Charlotte,0,Castellucci Hospitality Group,False,Full Time,,,False,Associate's degree,Associate's degree,"USD 55,000 - 70,000 Yearly",55000.0,70000.0,annual,Unknown,"Atlanta, Georgia",Atlanta,Georgia,,5241,,Management Analysts,"[""Accounting"", ""Accounting Systems""]","[""Accounting"", ""Accounting Systems""]",[],[],[]
179729,2026-06-05,2026-07-31,56.0,https://www.paycomonline.net/v4/ats/web.php/portal/CD0AA477B3AE9C3AA64113D949547C1E/jobs/313794,Direct Support Professional,Management Analysts,Direct Support Professional,0,Lake Region Corporation,False,Full Time,,,False,High school diploma or equivalent,Postsecondary nondegree award,,,,,Unknown,"Devils Lake, North Dakota, United States",North Dakota,United States,,5241,,Management Analysts,,,,,
134910,2026-06-05,,,https://recruiting.paylocity.com/Recruiting/Jobs/Details/3064835,Direct Support Professional,Management Analysts,Direct Support Professional,0,The Cottages of Dakota,False,"Full Time, Part Time",,,False,Associate's degree,Associate's degree,USD 15 - 18.5 per HOUR,15.0,18.5,hourly,Unknown,"Apple Valley, Minnesota, United States",Minnesota,United States,,5241,,Management Analysts,,,,,
361472,2026-06-12,,,https://jobs.smartrecruiters.com/Versant3/744000131960969-director-dtc-partner-operations-ms-now?oga=true,"Director - DTC Partner Operations, MS NOW",Management Analysts,"Director - DTC Partner Operations, MS NOW",0,Versant3,False,Full Time,,,False,Associate's degree,Master's degree,"{'min': '', 'max': '', 'currency': '', 'period': '', 'summary': ''}",,,,On-site,"New York, New York",New York,New York,"New York-Newark-Jersey City, NY-NJ",5241,,Management Analysts,"[""Business Development"", ""Business Operations"", ""Business Planning""]","[""Business Development"", ""Business Operations"", ""Business Planning""]",[],[],[]
81228,2026-06-04,,,https://recruitingbypaycor.com/career/JobIntroduction.action?clientId=8a7882525d3a1219015d3ca9203b1c82&id=8a7885ac9e6b0c1d019e944466636dc6&source=&lang=en,Director of Catering & Events,Management Analysts,Director of Catering & Events,0,General Hotels Corporation,False,Full Time,,,False,Associate's degree,Associate's degree,,,,,Unknown,"Indianapolis, Indiana, United States",Indiana,United States,,5241,,Management Analysts,"[""Catering Sales""]","[""Catering Sales""]",[],[],[]
88894,2026-06-05,,,https://recruiting.paylocity.com/Recruiting/Jobs/Details/4229366,Director of Childcare (Main Branch),Management Analysts,Director of Childcare,0,Penobscot Bay Ymca,False,Full Time,,,False,Postsecondary nondegree award,Bachelor's degree,USD 58000 - 62500 per YEAR,58000.0,62500.0,annual,Unknown,"Rockport, Maine, United States",Maine,United States,,5241,,Management Analysts,"[""Bloodborne Pathogens""]","[""Bloodborne Pathogens""]",[],[],[]
297039,2026-06-22,,,https://account.amazon.jobs/jobs/10455626/apply,"Director of Engineering, Ads",Management Analysts,"Director of Engineering, Ads",0,Amazon,False,Full Time,,,False,Bachelor's degree,Bachelor's degree,"{'min': '', 'max': '', 'currency': '', 'period': '', 'summary': ''}",,,,Unknown,"Washington, District of Columbia",Washington,District of Columbia,"Washington-Arlington-Alexandria, DC-VA-MD-WV",5241,,Management Analysts,,,,,
384448,2026-06-09,,,https://job-boards.greenhouse.io/riseamg/jobs/5159892007,Director of Financial Operations,Management Analysts,Director of Financial Operations,0,Riseamg,False,Full Time,,,False,Associate's degree,Bachelor's degree,"{'min': '', 'max': '', 'currency': '', 'period': '', 'summary': ''}",,,,Unknown,"Houston, Texas",Houston,Texas,,5241,,Management Analysts,"[""Accountability"", ""Accounting"", ""Accounting Cycle"", ""Accounts Payable"", ""Accounts Receivable"", ""Association Management"", ""Banking"", ""Billing"", ""Budgeting""]","[""Accounting"", ""Accounting Cycle"", ""Accounts Payable"", ""Accounts Receivable"", ""Association Management"", ""Banking"", ""Billing""]","[""Accountability"", ""Budgeting""]",[],[]
347301,2026-06-16,,,https://apply.workable.com/j/BF96CC60C0/apply,Director of Operations,Management Analysts,Director of Operations,0,Team-Architects,False,Full Time,,,False,Associate's degree,Associate's degree,"{'min': '', 'max': '', 'currency': '', 'period': '', 'summary': ''}",,,,Unknown,"Dubuque, Iowa",Dubuque,Iowa,,5241,,Management Analysts,"[""Accountability"", ""Accounting"", ""Budgeting"", ""Business Operations""]","[""Accounting"", ""Business Operations""]","[""Accountability"", ""Budgeting""]",[],[]
41439,2026-06-02,,,https://jobs.smartrecruiters.com/WellmarkInc/744000129773007-director-of-product,Director of Product,Management Analysts,Director of Product,0,Wellmark Blue Cross And Blue Shield,False,Temporary,,,False,Associate's degree,Master's degree,,,,,Unknown,"Des Moines, IA, United States",IA,United States,,5241,,Management Analysts,"[""Accountability"", ""Advising"", ""Analytical Skills"", ""Analytics"", ""Budgeting"", ""Business Administration"", ""Business Case""]","[""Analytics"", ""Business Case""]","[""Accountability"", ""Advising"", ""Analytical Skills"", ""Budgeting"", ""Business Administration""]",[],[]
277429,2026-06-24,,,https://jobs.virginia.edu/job/R0078712,Director of Revenue Accounting,Management Analysts,Director of Revenue Accounting,0,Jobs.virginia.edu,False,,,,False,Associate's degree,Associate's degree,"{'min': '', 'max': '', 'currency': '', 'period': '', 'summary': ''}",,,,Unknown,"Charlottesville, Virginia",Charlottesville,Virginia,,5241,,Management Analysts,"[""Accounting"", ""Accounting Operations""]","[""Accounting"", ""Accounting Operations""]",[],[],[]
140364,2026-06-05,,,https://job-boards.greenhouse.io/shipbobinc/jobs/4688808005,Director of Revenue Enablement,Management Analysts,Director of Revenue Enablement,0,ShipBob,False,Full Time,,,False,Associate's degree,Master's degree,USD 168028 - 280046 per YEAR,168028.0,280046.0,annual,Hybrid,United States,,,,5241,,Management Analysts,"[""Accountability"", ""Analytical Skills"", ""Business Acumen""]",[],"[""Accountability"", ""Analytical Skills"", ""Business Acumen""]",[],[]
279571,2026-06-23,,,https://job-boards.greenhouse.io/metropolis/jobs/7777585003,"Director, Benefits",Management Analysts,"Director, Benefits",0,Metropolis,False,,,,False,Associate's degree,Associate's degree,"{'min': '', 'max': '', 'currency': '', 'period': '', 'summary': ''}",,,,Hybrid,"New York, New York",New York,New York,"New York-Newark-Jersey City, NY-NJ",5241,,Management Analysts,"[""Accountability"", ""Accounting"", ""Artificial Intelligence"", ""Automation"", ""Benefits Administration""]","[""Accounting"", ""Artificial Intelligence"", ""Automation"", ""Benefits Administration""]","[""Accountability""]",[],[]
279569,2026-06-23,,,https://job-boards.greenhouse.io/metropolis/jobs/7777586003,"Director, Benefits",Management Analysts,"Director, Benefits",0,Metropolis,False,,,,False,Associate's degree,Associate's degree,"{'min': '', 'max': '', 'currency': '', 'period': '', 'summary': ''}",,,,Hybrid,"Chicago, Illinois",Chicago,Illinois,,5241,,Management Analysts,"[""Accountability"", ""Accounting"", ""Artificial Intelligence"", ""Automation"", ""Benefits Administration""]","[""Accounting"", ""Artificial Intelligence"", ""Automation"", ""Benefits Administration""]","[""Accountability""]",[],[]
279568,2026-06-23,,,https://job-boards.greenhouse.io/metropolis/jobs/7777589003,"Director, Benefits",Management Analysts,"Director, Benefits",0,Metropolis,False,,,,False,Associate's degree,Associate's degree,"{'min': '', 'max': '', 'currency': '', 'period': '', 'summary': ''}",,,,Hybrid,"Los Angeles, California",Los Angeles,California,,5241,,Management Analysts,"[""Accountability"", ""Accounting"", ""Artificial Intelligence"", ""Automation"", ""Benefits Administration""]","[""Accounting"", ""Artificial Intelligence"", ""Automation"", ""Benefits Administration""]","[""Accountability""]",[],[]
240737,2026-06-26,,,https://eofe.fa.us2.oraclecloud.com/?keyword=&mode=jobs&lang=en&site_number=CX_1#76101,"Director, Client Operations Manager",Management Analysts,"Director, Client Operations Manager",0,Eofe.fa.us2.oraclecloud.com,False,,,,False,Associate's degree,Master's degree,"{'min': '', 'max': '', 'currency': '', 'period': '', 'summary': ''}",,,,Hybrid,"New York, New York",New York,New York,"New York-Newark-Jersey City, NY-NJ",5241,,Management Analysts,,,,,
376595,2026-06-10,,,https://ats.rippling.com/pdq/jobs/b1ce1202-32fd-406f-821b-d3fd67096bcd,"Director, Growth Marketing",Management Analysts,"Director, Growth Marketing",0,Pdq,False,"Full Time, Temporary",,,False,Associate's degree,Doctoral or professional degree,"{'min': '', 'max': '', 'currency': '', 'period': '', 'summary': ''}",,,,Remote,Remote (),,Remote (),,5241,,Management Analysts,"[""Accountability"", ""Analytical Skills"", ""Analytical Thinking"", ""Analytics"", ""Attribution Modeling"", ""Automation"", ""Business Administration"", ""Business Objectives""]","[""Analytics"", ""Attribution Modeling"", ""Automation""]","[""Accountability"", ""Analytical Skills"", ""Analytical Thinking"", ""Business Administration"", ""Business Objectives""]",[],[]
194261,2026-05-15,,,https://danaher.wd1.myworkdayjobs.com/DanaherJobs/job/Lodi-California-United-States/Director--Human-Resources_R1309118,"Director, Human Resources",Management Analysts,"Director, Human Resources",0,Danaher,False,Temporary,,,False,Associate's degree,Master's degree,$160k - $220k per year,160000.0,220000.0,annual,On-site,"Lodi, California, United States",California,United States,,5241,,Management Analysts,"[""Biotechnology"", ""Business Administration""]","[""Biotechnology""]","[""Business Administration""]",[],[]
84805,2026-06-05,,,https://recruiting.paylocity.com/Recruiting/Jobs/Details/4231306,"Director, Innovation",Management Analysts,"Director, Innovation",0,Center For Climate And Energy Solutions (C2es),False,Full Time,,,False,Associate's degree,Master's degree,USD 127000 - 158000 per YEAR,127000.0,158000.0,annual,Hybrid,"District of Columbia, United States",District of Columbia,United States,,5241,,Management Analysts,"[""Advocacy"", ""Aviation""]","[""Aviation""]","[""Advocacy""]",[],[]
340374,2026-06-16,,,https://careers-wcgclinical.icims.com/jobs/1081/director%2c-operations/job?in_iframe=1,"Director, Operations",Management Analysts,"Director, Operations",0,Wcgclinical,False,,,,False,Bachelor's degree,Bachelor's degree,"{'min': '', 'max': '', 'currency': '', 'period': '', 'summary': ''}",,,,Remote,"Remote, Unavailable",Remote,Unavailable,,5241,,Management Analysts,,,,,
376248,2026-06-10,,,https://job-boards.greenhouse.io/srsacquiom/jobs/5142306007,"Director, Payments Operations",Management Analysts,"Director, Payments Operations",0,Srsacquiom,False,,,,False,Associate's degree,Bachelor's degree,"{'min': '', 'max': '', 'currency': '', 'period': '', 'summary': ''}",,,,Hybrid,"Denver, Colorado",Denver,Colorado,,5241,,Management Analysts,"[""Accounting"", ""Banking""]","[""Accounting"", ""Banking""]",[],[],[]
265430,2026-06-24,,,https://jobs.lever.co/jobgether/73577bc7-828e-478c-83b3-056ae9a3d20e/apply,"Director, Strategy & Business Development",Management Analysts,"Director, Strategy & Business Development",0,Jobgether,False,Full Time,,,False,Associate's degree,Master's degree,"{'min': '', 'max': '', 'currency': '', 'period': '', 'summary': ''}",,,,Remote,US,,,,5241,,Management Analysts,"[""Acting"", ""Business Development"", ""Business Objectives"", ""Career Development""]","[""Acting"", ""Business Development"", ""Career Development""]","[""Business Objectives""]",[],[]
391894,2026-06-08,,,https://jobs.ashbyhq.com/solace/c44ac332-ae63-4fa1-8326-06b518d9047d/application,"Director, Strategy & Operations",Management Analysts,"Director, Strategy & Operations",0,Solace,False,Full Time,,,False,Associate's degree,Associate's degree,"{'min': '', 'max': '', 'currency': '', 'period': '', 'summary': ''}",,,,Unknown,United States,,,,5241,,Management Analysts,"[""Advocacy""]",[],"[""Advocacy""]",[],[]
369322,2026-06-11,,,https://jobs.smartrecruiters.com/AbbVie/3743990013586821-director-tax-technology?oga=true,"Director, Tax Technology",Management Analysts,"Director, Tax Technology",0,Abbvie,False,Full Time,,,False,Associate's degree,Bachelor's degree,"{'min': '', 'max': '', 'currency': '', 'period': '', 'summary': ''}",,,,Unknown,"North Chicago, Illinois",North Chicago,Illinois,,5241,,Management Analysts,"[""Accounting"", ""Advanced Analytics"", ""Aesthetics"", ""Analytics"", ""Automation""]","[""Accounting"", ""Advanced Analytics"", ""Analytics"", ""Automation""]","[""Aesthetics""]",[],[]
226707,2026-06-19,,,https://recruiting.paylocity.com/Recruiting/Jobs/Details/4267040,"Director, Utilization Review",Management Analysts,"Director, Utilization Review",0,Cobalt Benefits Group,False,Full Time,,,False,Bachelor's degree,Bachelor's degree,"USD 135,000 - 155,000 Yearly",135000.0,155000.0,annual,Unknown,"Exeter, New Hampshire",Exeter,New Hampshire,,5241,,Management Analysts,"[""Accountability"", ""Administrative Functions"", ""Analytics"", ""Appeals"", ""Audit Processes"", ""Automation"", ""Billing""]","[""Analytics"", ""Appeals"", ""Audit Processes"", ""Automation"", ""Billing""]","[""Accountability"", ""Administrative Functions""]",[],[]
337405,2026-06-17,,,https://apply.workable.com/j/3834410B88/apply,Dishwasher,Management Analysts,Dishwasher,0,East-Bank-Club,False,Full Time,,,False,Associate's degree,Associate's degree,"{'min': '', 'max': '', 'currency': '', 'period': '', 'summary': ''}",,,,Unknown,"Chicago, Illinois",Chicago,Illinois,,5241,,Management Analysts,,,,,
107924,2026-06-05,2026-07-05,30.0,https://weyerhaeuser.taleo.net/careersection/10000/jobdetail.ftl?job=01024385&lang=en,Division General Manager - Central,Management Analysts,Division General Manager - Central,0,Weyerhaeuser,False,Full Time,,,False,Associate's degree,Bachelor's degree,USD 194000 - 296000 per YEAR,194000.0,296000.0,annual,Unknown,"Texas, United States",Texas,United States,,5241,,Management Analysts,"[""Business Acumen""]",[],"[""Business Acumen""]",[],[]
294992,2026-06-22,,,https://jobs.lever.co/jobgether/863e1f38-fd26-4964-ba53-a0cac7536b1a/apply,E-commerce Manager,Management Analysts,E-commerce Manager,0,Jobgether,False,Full Time,,,False,Associate's degree,Associate's degree,"{'min': '', 'max': '', 'currency': '', 'period': '', 'summary': ''}",,,,Remote,US,,,,5241,,Management Analysts,"[""Accountability"", ""Acting"", ""Analytics"", ""Automation""]","[""Acting"", ""Analytics"", ""Automation""]","[""Accountability""]",[],[]
371329,2026-06-11,,,https://careers-novelis.icims.com/jobs/52507/ehs-specialist/job?in_iframe=1,EHS Specialist,Management Analysts,EHS Specialist,0,Novelis,False,Full Time,,,False,Postsecondary nondegree award,Bachelor's degree,"{'min': '', 'max': '', 'currency': '', 'period': '', 'summary': ''}",,,,Unknown,"Davenport, Iowa",Davenport,Iowa,,5241,,Management Analysts,"[""Aluminum"", ""Behavior Based Safety"", ""Career Development"", ""Casting""]","[""Aluminum"", ""Behavior Based Safety"", ""Career Development"", ""Casting""]",[],[],[]
368326,2026-06-12,,,https://apply.workable.com/j/5D4648BD74/apply,"EOH Health, Safety, and Environment Manager",Management Analysts,"EOH Health, Safety, and Environment Manager",0,Employee-Owned-Holdings-Inc,False,Full Time,,,False,Postsecondary nondegree award,Bachelor's degree,"{'min': '', 'max': '', 'currency': '', 'period': '', 'summary': ''}",,,,Unknown,"Houston, Texas",Houston,Texas,,5241,,Management Analysts,"[""Accountability"", ""Accounting"", ""Acquisition Due Diligence"", ""Automation""]","[""Accounting"", ""Acquisition Due Diligence"", ""Automation""]","[""Accountability""]",[],[]
173903,2026-06-05,,,https://jobs.compassgroupcareers.com/United_States/job/Metairie-EXECUTIVE-CHEF-Pipeline-New-Business-New-Or-LA-70001/1397209300/,EXECUTIVE CHEF - Pipeline / New Business - New Or,Management Analysts,EXECUTIVE CHEF - Pipeline / New Business - New Or,0,Compass Group,False,Full Time,,,False,Associate's degree,Associate's degree,USD 75000 - 80000 per YEAR,75000.0,80000.0,annual,Unknown,"Metairie, Louisiana, United States",Louisiana,United States,,5241,,Management Analysts,,,,,
331548,2026-06-17,,,https://jobs.ashbyhq.com/sentilink/9eba4d1c-1744-4d30-b21f-e12f3afaef19/application,"Enterprise Account Executive, Insurance",Management Analysts,"Enterprise Account Executive, Insurance",0,Sentilink,False,Full Time,,,False,Associate's degree,Associate's degree,"{'min': '', 'max': '', 'currency': '', 'period': '', 'summary': ''}",,,,Hybrid,United States,,,,5241,,Management Analysts,,,,,
332807,2026-06-17,,,https://www.welcometothejungle.com/en/companies/lkjFDt/jobs/enterprise-business-development-representative_us_rvutsi32,Enterprise Business Development Representative,Management Analysts,Enterprise Business Development Representative,0,Airbyte,False,Full Time,,,False,Associate's degree,Associate's degree,"USD 107,000 Yearly",107000.0,107000.0,annual,Remote,United States,,,,5241,,Management Analysts,"[""Airbyte"", ""Business Development""]","[""Airbyte"", ""Business Development""]",[],[],[]
87345,2026-06-05,,,https://workforcenow.adp.com/mascsr/default/mdf/recruitment/recruitment.html?cid=b34725d2-d01c-4c1f-9509-138ac0d698d4&jobId=599345,"Event Manager, Associate",Management Analysts,"Event Manager, Associate",0,"ITA Group, Inc.",False,Full Time,,,False,Associate's degree,Bachelor's degree,,,,,Unknown,"West Des Moines, Iowa, United States",Iowa,United States,,5241,,Management Analysts,,,,,
386028,2026-06-09,,,https://careers-kimley-horn.icims.com/jobs/24337/event-registration-%26-sourcing-specialist/job?in_iframe=1,Event Registration & Sourcing Specialist,Management Analysts,Event Registration & Sourcing Specialist,0,Kimley-Horn,False,Contract,,,False,Associate's degree,Associate's degree,"{'min': '', 'max': '', 'currency': '', 'period': '', 'summary': ''}",,,,Remote,"Warrenville, Illinois",Warrenville,Illinois,,5241,,Management Analysts,,,,,
356835,2026-06-15,,,https://apply.workable.com/j/9527DE364C/apply,Events and Experiences Coordinator,Management Analysts,Events and Experiences Coordinator,0,Rokt,False,Full Time,,,False,Associate's degree,Associate's degree,"{'min': '', 'max': '', 'currency': '', 'period': '', 'summary': ''}",,,,On-site,"New York, New York",New York,New York,"New York-Newark-Jersey City, NY-NJ",5241,,Management Analysts,"[""Asana""]","[""Asana""]",[],[],[]
170856,2026-06-05,2027-06-05,365.0,https://careers-rrsc.icims.com/jobs/30401/excavation-laborer/job,Excavation Laborer,Management Analysts,Excavation Laborer,0,Roto-Rooter Plumbing And Drain Service,False,Other,,,False,Associate's degree,Associate's degree,USD 50000 - 60000 per YEAR,50000.0,60000.0,annual,Unknown,"Kent, Washington, United States",Washington,United States,,5241,,Management Analysts,,,,,
382800,2026-06-10,,,https://apply.workable.com/j/4E196B3061/apply,Executive Assistant,Management Analysts,Executive Assistant,0,Rditrials,False,"Full Time, Contract",,,False,Associate's degree,Associate's degree,"{'min': '', 'max': '', 'currency': '', 'period': '', 'summary': ''}",,,,Remote,"Van Nuys, California",Van Nuys,California,,5241,,Management Analysts,"[""Calendar Management""]","[""Calendar Management""]",[],[],[]
412650,2026-06-03,,,https://jobs.smartrecruiters.com/RelaisChateaux/744000130098925-executive-chef?oga=true,Executive Chef,Management Analysts,Executive Chef,0,Relaischateaux,False,Temporary,,,False,Bachelor's degree,Bachelor's degree,"{'min': '', 'max': '', 'currency': '', 'period': '', 'summary': ''}",,,,Unknown,"Dolores, Colorado",Dolores,Colorado,,5241,,Management Analysts,,,,,
313310,2026-06-19,,,https://emcm.fa.us2.oraclecloud.com/?keyword=&mode=jobs&lang=en&site_number=CX_1#2349199,Export Documentation Coordinator,Management Analysts,Export Documentation Coordinator,0,Emcm.fa.us2.oraclecloud.com,False,,,,False,Associate's degree,Bachelor's degree,"{'min': '', 'max': '', 'currency': '', 'period': '', 'summary': ''}",,,,Hybrid,"Lombard, Illinois",Lombard,Illinois,,5241,,Management Analysts,"[""Accountability"", ""Banking"", ""Brokerage"", ""Cash Collection"", ""Certificates Of Origin""]","[""Banking"", ""Brokerage"", ""Cash Collection"", ""Certificates Of Origin""]","[""Accountability""]",[],[]
75652,2026-06-04,2027-06-04,365.0,https://careers-transcat.icims.com/jobs/5512/field-calibration-technician/job,Field Calibration Technician,Management Analysts,Field Calibration Technician,0,Transcat,False,Other,,,False,Associate's degree,Master's degree,,,,,On-site,United States,,,,5241,,Management Analysts,"[""Calibration""]","[""Calibration""]",[],[],[]
346978,2026-06-16,,,https://apply.workable.com/j/1EFB53D017/apply,Field Canvass Van Manager,Management Analysts,Field Canvass Van Manager,0,Floridawindowanddoor,False,Full Time,,,False,Associate's degree,Associate's degree,"{'min': '', 'max': '', 'currency': '', 'period': '', 'summary': ''}",,,,Hybrid,"Tampa, Florida",Tampa,Florida,,5241,,Management Analysts,"[""Canvassing""]","[""Canvassing""]",[],[],[]
412347,2026-06-04,,,https://apply.workable.com/j/8BA20F7357/apply,Field Retail/ Lead Generation Manager,Management Analysts,Field Retail/ Lead Generation Manager,0,Jacuzzi-Group,False,Full Time,,,False,Associate's degree,Associate's degree,"{'min': '', 'max': '', 'currency': '', 'period': '', 'summary': ''}",,,,Remote,"Miami, Florida",Miami,Florida,,5241,,Management Analysts,"[""Analytical Skills"", ""Budget Management"", ""Business Objectives""]","[""Budget Management""]","[""Analytical Skills"", ""Business Objectives""]",[],[]
346936,2026-06-16,,,https://apply.workable.com/j/0E7FFB98A8/apply,Field Retail/ Lead Generation Manager,Management Analysts,Field Retail/ Lead Generation Manager,0,Jacuzzi-Group,False,Full Time,,,False,Associate's degree,Associate's degree,"{'min': '', 'max': '', 'currency': '', 'period': '', 'summary': ''}",,,,Remote,"Raleigh, North Carolina",Raleigh,North Carolina,,5241,,Management Analysts,"[""Analytical Skills"", ""Budget Management"", ""Business Objectives""]","[""Budget Management""]","[""Analytical Skills"", ""Business Objectives""]",[],[]
93589,2026-06-05,,,https://keystoneclear.pinpointhq.com/en/postings/4dab472a-f5fb-4383-ba34-ae3c7364c9e1,Field Supervisor – Water Transfer Operations,Management Analysts,Field Supervisor – Water Transfer Operations,0,Keystone Clearwater Solutions,False,Full Time,,,False,Associate's degree,Associate's degree,,,,,On-site,"Hallstead, Pennsylvania, United States",Pennsylvania,United States,,5241,,Management Analysts,,,,,
89310,2026-06-05,,,https://workforcenow.adp.com/mascsr/default/mdf/recruitment/recruitment.html?cid=4d158bc3-de20-482c-a703-c1941bd5005e&jobId=549551,Fire Alarm Installation Technician,Management Analysts,Fire Alarm Installation Technician,0,Koorsen Fire And Security,False,Full Time,,,False,Associate's degree,Associate's degree,USD 25 - 38 per HOUR,25.0,38.0,hourly,Unknown,"Columbus, Ohio, United States",Ohio,United States,,5241,,Management Analysts,,,,,
85022,2026-06-05,,,https://recruiting.paylocity.com/Recruiting/Jobs/Details/4231028,Fire Life Safety Director_ Manhattan (Prior Experience Required),Management Analysts,Fire Life Safety Director_ Manhattan,0,"Guardian Service Industries, Inc.",False,Full Time,,,False,Postsecondary nondegree award,Associate's degree,USD 26 per HOUR,26.0,26.0,hourly,Unknown,"New York, New York, United States",New York,United States,,5241,,Management Analysts,,,,,
425929,2026-06-01,,,https://job-boards.greenhouse.io/vscfiresecurityinc/jobs/5237712008,Fire Sprinkler Foreman,Management Analysts,Fire Sprinkler Foreman,0,Vscfiresecurityinc,False,Full Time,,,False,Postsecondary nondegree award,Associate's degree,"{'min': '', 'max': '', 'currency': '', 'period': '', 'summary': ''}",,,,On-site,"Roanoke, Virginia",Roanoke,Virginia,,5241,,Management Analysts,,,,,
413122,2026-06-03,,,https://job-boards.greenhouse.io/vscfiresecurityinc/jobs/5240506008,Fire Sprinkler Foreman,Management Analysts,Fire Sprinkler Foreman,0,Vscfiresecurityinc,False,Full Time,,,False,Postsecondary nondegree award,Associate's degree,"{'min': '', 'max': '', 'currency': '', 'period': '', 'summary': ''}",,,,On-site,"Austin, Texas",Austin,Texas,,5241,,Management Analysts,,,,,
412975,2026-06-03,,,https://job-boards.greenhouse.io/vscfiresecurityinc/jobs/5240473008,Fire Sprinkler Foreman,Management Analysts,Fire Sprinkler Foreman,0,Vscfiresecurityinc,False,Full Time,,,False,Postsecondary nondegree award,Associate's degree,"{'min': '', 'max': '', 'currency': '', 'period': '', 'summary': ''}",,,,On-site,"Baltimore, Maryland",Baltimore,Maryland,,5241,,Management Analysts,,,,,
392174,2026-06-08,,,https://job-boards.greenhouse.io/vscfiresecurityinc/jobs/5251297008,Fire Sprinkler Foreman,Management Analysts,Fire Sprinkler Foreman,0,Vscfiresecurityinc,False,Full Time,,,False,Postsecondary nondegree award,Associate's degree,"{'min': '', 'max': '', 'currency': '', 'period': '', 'summary': ''}",,,,On-site,"Myrtle Beach, South Carolina",Myrtle Beach,South Carolina,,5241,,Management Analysts,,,,,
383358,2026-06-09,,,https://job-boards.greenhouse.io/vscfiresecurityinc/jobs/5252764008,Fire Sprinkler Foreman,Management Analysts,Fire Sprinkler Foreman,0,Vscfiresecurityinc,False,Full Time,,,False,Postsecondary nondegree award,Associate's degree,"{'min': '', 'max': '', 'currency': '', 'period': '', 'summary': ''}",,,,On-site,"Oklahoma City, Oklahoma",Oklahoma City,Oklahoma,,5241,,Management Analysts,,,,,
317887,2026-06-18,,,https://job-boards.greenhouse.io/vscfiresecurityinc/jobs/5265432008,Fire Sprinkler Foreman,Management Analysts,Fire Sprinkler Foreman,0,Vscfiresecurityinc,False,Full Time,,,False,Postsecondary nondegree award,Associate's degree,"{'min': '', 'max': '', 'currency': '', 'period': '', 'summary': ''}",,,,On-site,"Richmond, Virginia",Richmond,Virginia,,5241,,Management Analysts,,,,,
308552,2026-06-19,,,https://job-boards.greenhouse.io/vscfiresecurityinc/jobs/5272421008,Fire Sprinkler Foreman,Management Analysts,Fire Sprinkler Foreman,0,Vscfiresecurityinc,False,Full Time,,,False,Postsecondary nondegree award,Associate's degree,"{'min': '', 'max': '', 'currency': '', 'period': '', 'summary': ''}",,,,On-site,"Tampa, Florida",Tampa,Florida,,5241,,Management Analysts,,,,,
87905,2026-06-05,,,https://workforcenow.adp.com/mascsr/default/mdf/recruitment/recruitment.html?cid=9edf5333-85b8-4e04-980a-d4d49d1c24cb&jobId=549561,Fire Systems Inspector,Management Analysts,Fire Systems Inspector,0,Koorsen Fire And Security,False,Full Time,,,False,Postsecondary nondegree award,Associate's degree,USD 25 - 35 per HOUR,25.0,35.0,hourly,Unknown,"Nashville, Tennessee, United States",Tennessee,United States,,5241,,Management Analysts,,,,,
100623,2026-06-05,,,https://baker-trucking-llc.careerplug.com/jobs/3440345/apps/new,Flatbed Regional Driver,Management Analysts,Flatbed Regional Driver,0,Baker Trucking LLC,False,Full Time,,,False,Bachelor's degree,Bachelor's degree,USD 0.55 - 0.6 per HOUR,0.55,0.6,hourly,Unknown,"Tooele County, Utah, United States",Utah,United States,,5241,,Management Analysts,,,,,
410162,2026-06-04,,,https://emcm.fa.us2.oraclecloud.com/?keyword=&mode=jobs&lang=en&site_number=CX_1#2343284,Fleet Maintenance Supervisor,Management Analysts,Fleet Maintenance Supervisor,0,Emcm.fa.us2.oraclecloud.com,False,,,,False,High school diploma or equivalent,Associate's degree,"{'min': '', 'max': '', 'currency': '', 'period': '', 'summary': ''}",,,,Unknown,"Gastonia, North Carolina",Gastonia,North Carolina,,5241,,Management Analysts,,,,,
238786,2026-06-26,,,https://eluq.fa.us2.oraclecloud.com/?keyword=&mode=jobs&lang=en&site_number=CX_1#194528,Floater Pharmacy Technician - Rx Zone 6,Management Analysts,Floater Pharmacy Technician - Rx Zone 6,0,Eluq.fa.us2.oraclecloud.com,False,,,,False,High school diploma or equivalent,Associate's degree,"{'min': '', 'max': '', 'currency': '', 'period': '', 'summary': ''}",,,,Unknown,"Spring, Texas",Spring,Texas,,5241,,Management Analysts,"[""Accountability"", ""Adjudication""]","[""Adjudication""]","[""Accountability""]",[],[]
387043,2026-06-09,,,https://jobs.smartrecruiters.com/RelaisChateaux/744000130924891-front-desk-agent-the-little-nell?oga=true,Front Desk Agent - The Little Nell,Management Analysts,Front Desk Agent - The Little Nell,0,Relaischateaux,False,Full Time,,,False,High school diploma or equivalent,Associate's degree,"{'min': '', 'max': '', 'currency': '', 'period': '', 'summary': ''}",,,,Unknown,"Aspen, Colorado",Aspen,Colorado,,5241,,Management Analysts,"[""Active Listening""]",[],"[""Active Listening""]",[],[]
89541,2026-06-05,,,https://recruiting.ultipro.com/PEA1007PEHO/JobBoard/4abc4563-3abd-4222-9986-91206a956865/OpportunityDetail?opportunityId=ae58c796-8291-4756-9202-c4245cc89442,Front Office Supervisor,Management Analysts,Front Office Supervisor,0,Peachtree Group Hospitality Management,False,Full Time,,,False,Associate's degree,Associate's degree,,,,,Unknown,"Farmington Hills, Michigan, United States",Michigan,United States,,5241,,Management Analysts,,,,,
326861,2026-06-17,,,https://indiecampers.com/discover/en-us/careers/8597652002?gh_jid=8597652002,Front Office and Operations Agent,Management Analysts,Front Office and Operations Agent,0,Indiecampers,False,,,,False,Bachelor's degree,Bachelor's degree,"{'min': '', 'max': '', 'currency': '', 'period': '', 'summary': ''}",,,,Unknown,"Bozeman, Montana",Bozeman,Montana,,5241,,Management Analysts,"[""Career Development""]","[""Career Development""]",[],[],[]
160637,2026-06-05,,,https://momentumemployergroup.applicantpro.com/jobs/4110164,Fulfillment Manager,Management Analysts,Fulfillment Manager,0,Momentum Employer Group,False,Temporary,,,False,Postsecondary nondegree award,Bachelor's degree,"MonetaryAmount, USD, {'@type': 'QuantitativeValue', 'value': '', 'unitText': ''}",,,,Hybrid,"Taylorsville, Utah, United States",Utah,United States,,5241,,Management Analysts,"[""Amazon Marketplace"", ""Analytical Skills"", ""Automation"", ""Carrier Management""]","[""Amazon Marketplace"", ""Automation"", ""Carrier Management""]","[""Analytical Skills""]",[],[]
226030,2026-06-09,,,https://recruiting.paylocity.com/Recruiting/Jobs/Details/4236598,Full Time Cashier - Variable Shift at the Market at Preston,Management Analysts,Cashier - Variable Shift at the Market at Preston,0,Tiger Fuel Company,False,Full Time,,,False,Bachelor's degree,Bachelor's degree,USD 14 - 16.50 Hourly,14.0,16.5,hourly,Unknown,"Charlottesville, Virginia",Charlottesville,Virginia,,5241,,Management Analysts,,,,,
226039,2026-06-09,,,https://recruiting.paylocity.com/Recruiting/Jobs/Details/4236565,Full Time Early Morning Cook at the Market at Bellair,Management Analysts,Early Morning Cook at the Market at Bellair,0,Tiger Fuel Company,False,Full Time,,,False,Bachelor's degree,Bachelor's degree,USD 15 - 17.50 Hourly,15.0,17.5,hourly,Unknown,"Charlottesville, Virginia",Charlottesville,Virginia,,5241,,Management Analysts,,,,,
226043,2026-06-09,,,https://recruiting.paylocity.com/Recruiting/Jobs/Details/4236548,Full Time Evening Cashier at Scottsville,Management Analysts,Evening Cashier at Scottsville,0,Tiger Fuel Company,False,Full Time,,,False,Associate's degree,Associate's degree,USD 14 - 16.50 Hourly,14.0,16.5,hourly,Unknown,"Scottsville, Virginia",Scottsville,Virginia,,5241,,Management Analysts,,,,,
226035,2026-06-09,,,https://recruiting.paylocity.com/Recruiting/Jobs/Details/4236586,Full Time Evening Gas Station Cashier at Bellair,Management Analysts,Evening Gas Station Cashier at Bellair,0,Tiger Fuel Company,False,Full Time,,,False,Bachelor's degree,Bachelor's degree,USD 15 - 16.50 Hourly,15.0,16.5,hourly,Unknown,"Charlottesville, Virginia",Charlottesville,Virginia,,5241,,Management Analysts,,,,,
226040,2026-06-09,,,https://recruiting.paylocity.com/Recruiting/Jobs/Details/4236560,Full Time Market Associate - Scottsville,Management Analysts,Market Associate - Scottsville,0,Tiger Fuel Company,False,Full Time,,,False,Associate's degree,Associate's degree,USD 14 - 16.50 Hourly,14.0,16.5,hourly,Unknown,"Scottsville, Virginia",Scottsville,Virginia,,5241,,Management Analysts,,,,,
226050,2026-06-09,,,https://recruiting.paylocity.com/Recruiting/Jobs/Details/4236535,Full Time Market cashier at 5th Street,Management Analysts,Market cashier at 5th Street,0,Tiger Fuel Company,False,Full Time,,,False,Bachelor's degree,Bachelor's degree,USD 14 - 16.50 Hourly,14.0,16.5,hourly,Unknown,"Charlottesville, Virginia",Charlottesville,Virginia,,5241,,Management Analysts,,,,,
226034,2026-06-09,,,https://recruiting.paylocity.com/Recruiting/Jobs/Details/4236593,Full Time Morning Cook/Deli Associate at the Market at Bellair,Management Analysts,Morning Cook/Deli Associate at the Market at Bellair,0,Tiger Fuel Company,False,Full Time,,,False,Associate's degree,Associate's degree,USD 15 - 17.50 Hourly,15.0,17.5,hourly,Unknown,"Charlottesville, Virginia",Charlottesville,Virginia,,5241,,Management Analysts,,,,,
226049,2026-06-09,,,https://recruiting.paylocity.com/Recruiting/Jobs/Details/4236543,Full Time Morning Deli Associate at the Market at Scottsville,Management Analysts,Morning Deli Associate at the Market at Scottsville,0,Tiger Fuel Company,False,Full Time,,,False,Associate's degree,Associate's degree,USD 14 - 16.50 Hourly,14.0,16.5,hourly,Unknown,"Scottsville, Virginia",Scottsville,Virginia,,5241,,Management Analysts,,,,,
167103,2026-06-05,2026-07-31,56.0,https://www.paycomonline.net/v4/ats/web.php/portal/8807DAFFDFE91FCBD2C82C7A1540774D/jobs/196745,Full-Time Cashier,Management Analysts,Cashier,0,Miners Ace Hardware,False,Full Time,,,False,Bachelor's degree,Bachelor's degree,USD 17 - 21 per HOUR,17.0,21.0,hourly,Unknown,"Grover Beach, California, United States",California,United States,,5241,,Management Analysts,,,,,
167102,2026-06-05,2026-07-31,56.0,https://www.paycomonline.net/v4/ats/web.php/portal/8807DAFFDFE91FCBD2C82C7A1540774D/jobs/196740,Full-Time Paint Sales Associate,Management Analysts,Paint Sales Associate,0,Miners Ace Hardware,False,Full Time,,,False,Associate's degree,Associate's degree,USD 17 - 21 per HOUR,17.0,21.0,hourly,Unknown,"Nipomo, California, United States",California,United States,,5241,,Management Analysts,,,,,
368252,2026-06-12,,,https://apply.workable.com/j/32ADD2245A/apply,"Funeral Sales Representative (base, benefits and uncapped commission)",Management Analysts,Funeral Sales Representative,0,Precoa,False,Full Time,,,False,Associate's degree,Associate's degree,"{'min': '', 'max': '', 'currency': '', 'period': '', 'summary': ''}",,,,On-site,"Paragould, Arkansas",Paragould,Arkansas,,5241,,Management Analysts,,,,,
412411,2026-06-04,,,https://apply.workable.com/j/BA0F5ED2BD/apply,Funeral Sales Representative - Benton County Memorial Park Funeral Home,Management Analysts,Funeral Sales Representative - Benton County Memorial Park Funeral Home,0,Precoa,False,Full Time,,,False,Associate's degree,Associate's degree,"{'min': '', 'max': '', 'currency': '', 'period': '', 'summary': ''}",,,,Hybrid,"Rogers, Arkansas",Rogers,Arkansas,,5241,,Management Analysts,,,,,
375742,2026-06-11,,,https://apply.workable.com/j/87DFE0C363/apply,Funeral Sales Representative - Camino Del Sol Funeral Chapel & Cremation Center,Management Analysts,Funeral Sales Representative - Camino Del Sol Funeral Chapel & Cremation Center,0,Precoa,False,Full Time,,,False,Associate's degree,Associate's degree,"{'min': '', 'max': '', 'currency': '', 'period': '', 'summary': ''}",,,,Hybrid,"Sun City West, Arizona",Sun City West,Arizona,,5241,,Management Analysts,,,,,
406119,2026-06-05,,,https://apply.workable.com/j/AC8BBA22A4/apply,Funeral Sales Representative - Carnes Funeral Home,Management Analysts,Funeral Sales Representative - Carnes Funeral Home,0,Precoa,False,Full Time,,,False,Associate's degree,Associate's degree,"{'min': '', 'max': '', 'currency': '', 'period': '', 'summary': ''}",,,,Hybrid,"Texas City, Texas",Texas City,Texas,,5241,,Management Analysts,,,,,
368263,2026-06-12,,,https://apply.workable.com/j/3C64950470/apply,Funeral Sales Representative - Chapel Hill Mortuary,Management Analysts,Funeral Sales Representative - Chapel Hill Mortuary,0,Precoa,False,Full Time,,,False,Associate's degree,Associate's degree,"{'min': '', 'max': '', 'currency': '', 'period': '', 'summary': ''}",,,,Hybrid,"Kirkwood, Missouri",Kirkwood,Missouri,,5241,,Management Analysts,,,,,
360517,2026-06-13,,,https://apply.workable.com/j/6F6B3E3777/apply,Funeral Sales Representative - Falk Funeral Homes & Crematory,Management Analysts,Funeral Sales Representative - Falk Funeral Homes & Crematory,0,Precoa,False,Full Time,,,False,Associate's degree,Associate's degree,"{'min': '', 'max': '', 'currency': '', 'period': '', 'summary': ''}",,,,Hybrid,"Pennsburg, Pennsylvania",Pennsburg,Pennsylvania,,5241,,Management Analysts,,,,,
347129,2026-06-16,,,https://apply.workable.com/j/69D57F905F/apply,Funeral Sales Representative - Mothe Funeral Home,Management Analysts,Funeral Sales Representative - Mothe Funeral Home,0,Precoa,False,Full Time,,,False,Associate's degree,Associate's degree,"{'min': '', 'max': '', 'currency': '', 'period': '', 'summary': ''}",,,,Hybrid,"New Orleans, Louisiana",New Orleans,Louisiana,,5241,,Management Analysts,"[""Bilingual (Spanish/English)""]","[""Bilingual (Spanish/English)""]",[],[],[]
358026,2026-06-14,,,https://www.welcometothejungle.com/en/companies/FPBtUE/jobs/gtm-strategy-operations_us_mxsaayso,GTM Strategy & Operations,Management Analysts,GTM Strategy & Operations,0,Plaid,False,Full Time,,,False,Bachelor's degree,Bachelor's degree,"USD 162,200 - 202,800 Yearly",162200.0,202800.0,annual,Unknown,United States,,,,5241,,Management Analysts,"[""Banking"", ""Business Operations""]","[""Banking"", ""Business Operations""]",[],[],[]
120936,2026-06-05,,,https://jobs.dayforcehcm.com/en-US/baillielumberco/TheWagnerCompanies/jobs/2122,General Labor - Forklift Operator,Management Analysts,General Labor - Forklift Operator,0,Baillie Lumber,False,Full Time,,,False,High school diploma or equivalent,Associate's degree,USD 17 - 19 per HOUR,17.0,19.0,hourly,Unknown,"Owego, New York, United States",New York,United States,,5241,,Management Analysts,,,,,
120922,2026-06-05,,,https://jobs.dayforcehcm.com/en-US/baillielumberco/TBG/jobs/2119,General Labor - Lumber,Management Analysts,General Labor - Lumber,0,Baillie Lumber,False,Full Time,,,False,High school diploma or equivalent,Associate's degree,USD 15 - 18 per HOUR,15.0,18.0,hourly,Unknown,"Smyrna, New York, United States",New York,United States,,5241,,Management Analysts,,,,,
159328,2026-06-05,2027-06-05,365.0,https://careers-bosselman.icims.com/jobs/48002/maintenance-team-member---pump-%26-pantry/job,General Manager - Pump & Pantry,Management Analysts,General Manager - Pump & Pantry,0,Bosselman Enterprises,False,Full Time,,,False,Postsecondary nondegree award,Associate's degree,,,,,Unknown,"Lakeville, Minnesota, United States",Minnesota,United States,,5241,,Management Analysts,"[""Cash Control""]","[""Cash Control""]",[],[],[]
159341,2026-06-05,2027-06-05,365.0,https://careers-bosselman.icims.com/jobs/47998/general-manager---pump-%26-pantry/job,General Manager - Pump & Pantry,Management Analysts,General Manager - Pump & Pantry,0,Bosselman Enterprises,False,Full Time,,,False,Postsecondary nondegree award,Associate's degree,,,,,Unknown,"Davenport, Iowa, United States",Iowa,United States,,5241,,Management Analysts,"[""Cash Control""]","[""Cash Control""]",[],[],[]
327203,2026-06-17,,,https://chgcareers.recruitee.com/o/general-manager-charlotte/c/new,General Manager - The Iberian Pig Charlotte,Management Analysts,General Manager - The Iberian Pig Charlotte,0,Castellucci Hospitality Group,False,Full Time,,,False,Associate's degree,Associate's degree,"USD 75,000 - 90,000 Yearly",75000.0,90000.0,annual,Unknown,"Atlanta, Georgia",Atlanta,Georgia,,5241,,Management Analysts,"[""Accounting"", ""Accounting Systems""]","[""Accounting"", ""Accounting Systems""]",[],[],[]
80684,2026-06-04,,,https://iazbqy.fa.ocs.oraclecloud.com/hcmUI/CandidateExperience/en/sites/CX_1/job/2002738,General Production - Entry,Management Analysts,General Production - Entry,0,International Paper,False,"Full Time, Temporary",,,False,Associate's degree,Associate's degree,USD 30.41 per HOUR,30.41,30.41,hourly,Unknown,"Hillsboro, Oregon, United States",Oregon,United States,,5241,,Management Analysts,,,,,
377755,2026-06-10,,,https://teamviewer.teamtailor.com/jobs/7887783-global-deal-desk-manager-hybrid-midtown-tampa-fl-or-austin-tx,"Global Deal Desk Manager - ( - Midtown Tampa, FL or Austin, TX)",Management Analysts,Global Deal Desk Manager,0,TeamViewer Germany GmbH,True,,,,False,Associate's degree,Associate's degree,"{'min': '', 'max': '', 'currency': '', 'period': '', 'summary': ''}",,,,Hybrid,Austin,,Austin,,5241,,Management Analysts,"[""Accounting"", ""Acting""]","[""Accounting"", ""Acting""]",[],[],[]
326859,2026-06-17,,,https://indiecampers.com/discover/en-us/careers/8597654002?gh_jid=8597654002,Guest Service Representative,Management Analysts,Guest Service Representative,0,Indiecampers,False,,,,False,Bachelor's degree,Bachelor's degree,"{'min': '', 'max': '', 'currency': '', 'period': '', 'summary': ''}",,,,Unknown,"Bozeman, Montana",Bozeman,Montana,,5241,,Management Analysts,"[""Career Development""]","[""Career Development""]",[],[],[]
141733,2026-06-05,,,https://www.degreeheatingandcooling.com/about/employment/?gh_jid=5157783007,HVAC Service Manager,Management Analysts,HVAC Service Manager,0,Degree Heating And Cooling,False,Full Time,,,False,Associate's degree,Associate's degree,,,,,On-site,"Glastonbury, Connecticut, United States",Connecticut,United States,,5241,,Management Analysts,"[""Accounting"", ""Capacity Planning""]","[""Accounting"", ""Capacity Planning""]",[],[],[]
74647,2026-06-05,,,https://recruiting.paylocity.com/Recruiting/Jobs/Details/4228270,Head of Creative Operations,Management Analysts,Head of Creative Operations,0,Pop Promos,False,Full Time,,,False,Bachelor's degree,Bachelor's degree,,,,,Hybrid,"Philadelphia, Pennsylvania, United States",Pennsylvania,United States,,5241,,Management Analysts,"[""Accountability"", ""Adobe Illustrator"", ""Artwork"", ""Automation"", ""Business Operations""]","[""Adobe Illustrator"", ""Artwork"", ""Automation"", ""Business Operations""]","[""Accountability""]",[],[]
412466,2026-06-04,,,https://apply.workable.com/j/DA557E1926/apply,Head of Engineering,Management Analysts,Head of Engineering,0,Enrollhere,False,Full Time,,,False,Associate's degree,Associate's degree,"{'min': '', 'max': '', 'currency': '', 'period': '', 'summary': ''}",,,,Hybrid,"Raleigh, North Carolina",Raleigh,North Carolina,,5241,,Management Analysts,"[""Accountability"", ""AI Innovation"", ""Anomaly Detection"", ""Artificial Intelligence"", ""Automation"", ""Balance Sheet""]","[""AI Innovation"", ""Anomaly Detection"", ""Artificial Intelligence"", ""Automation"", ""Balance Sheet""]","[""Accountability""]",[],[]
326881,2026-06-17,,,https://jobs.ashbyhq.com/workwhilejobs/4b1aa70f-3293-4e7e-ad1c-d45067a48a32/application,Head of Field Operations,Management Analysts,Head of Field Operations,0,Workwhilejobs,False,Full Time,,,False,Associate's degree,Associate's degree,"{'min': '', 'max': '', 'currency': '', 'period': '', 'summary': ''}",,,,Hybrid,Remote (),,Remote (),,5241,,Management Analysts,"[""Account Management"", ""Accountability"", ""Acting"", ""Anomaly Detection"", ""Automation"", ""Billing""]","[""Account Management"", ""Acting"", ""Anomaly Detection"", ""Automation"", ""Billing""]","[""Accountability""]",[],[]
284253,2026-06-23,,,https://jobs.lever.co/jobgether/49933677-e1b3-4640-a120-29c8f7fe9556/apply,Head of Global Sales,Management Analysts,Head of Global Sales,0,Jobgether,False,Contract,,,False,Associate's degree,Associate's degree,"{'min': '', 'max': '', 'currency': '', 'period': '', 'summary': ''}",,,,Remote,US,,,,5241,,Management Analysts,"[""Accountability""]",[],"[""Accountability""]",[],[]
349650,2026-06-15,,,https://job-boards.eu.greenhouse.io/polyai/jobs/4881649101,Head of Growth,Management Analysts,Head of Growth,0,Polyai,False,,,,False,Associate's degree,Associate's degree,"{'min': '', 'max': '', 'currency': '', 'period': '', 'summary': ''}",,,,Remote,"New York, New York",New York,New York,"New York-Newark-Jersey City, NY-NJ",5241,,Management Analysts,"[""Accountability"", ""AI Agents"", ""Automation"", ""Business Priorities""]","[""AI Agents"", ""Automation"", ""Business Priorities""]","[""Accountability""]",[],[]
236975,2026-06-26,,,https://jobs.ashbyhq.com/relevanceai/3706dc6e-f7ff-4c26-bdcb-a99d8af96eab/application,Head of Implementation,Management Analysts,Head of Implementation,0,Relevanceai,False,Full Time,,,False,Associate's degree,Associate's degree,"{'min': '', 'max': '', 'currency': '', 'period': '', 'summary': ''}",,,,Hybrid,"San, Francisco",San,Francisco,,5241,,Management Analysts,"[""Agentic AI"", ""Agile Project Management"", ""AI Agents"", ""Analytics"", ""Autodesk"", ""Automation"", ""Business Analysis"", ""Capacity Planning""]","[""Agentic AI"", ""Agile Project Management"", ""AI Agents"", ""Analytics"", ""Autodesk"", ""Automation"", ""Business Analysis"", ""Capacity Planning""]",[],[],[]
431513,2026-06-01,,,https://apply.workable.com/j/E8A4367D94/apply,Head of Post Course Strategy,Management Analysts,Head of Post Course Strategy,0,Braven,False,Full Time,,,False,Associate's degree,Bachelor's degree,"{'min': '', 'max': '', 'currency': '', 'period': '', 'summary': ''}",,,,Hybrid,"Atlanta, Georgia",Atlanta,Georgia,,5241,,Management Analysts,"[""Accountability"", ""Benchmarking"", ""Career Development""]","[""Benchmarking"", ""Career Development""]","[""Accountability""]",[],[]
76775,2026-06-04,,,https://recruitingbypaycor.com/career/JobIntroduction.action?clientId=8a7883c683620a4f01837f4dbde30969&id=8a7883a89e6b0bf7019e947399a764b4&source=&lang=en,Host,Management Analysts,Host,0,The H.wood Group,False,Full Time,,,False,Associate's degree,Associate's degree,USD 23 - 25 per HOUR,23.0,25.0,hourly,Unknown,"West Hollywood, California, United States",California,United States,,5241,,Management Analysts,"[""Branding""]","[""Branding""]",[],[],[]
166696,2026-06-05,2027-06-05,365.0,https://careers-bridgewater.icims.com/jobs/21380/housekeeper/job,Housekeeper,Management Analysts,Housekeeper,0,Bridgewater Park Health And Rehabilitation,False,Full Time,,,False,High school diploma or equivalent,Associate's degree,,,,,Unknown,"Ocala, Florida, United States",Florida,United States,,5241,,Management Analysts,"[""Assisted Living""]","[""Assisted Living""]",[],[],[]
85347,2026-06-05,,,https://recruiting.paylocity.com/Recruiting/Jobs/Details/4230583,Housekeeper - Hotel,Management Analysts,Housekeeper - Hotel,0,Crowne Plaza Charleston Airport - Conv Ctr,False,"Full Time, Part Time",,,False,High school diploma or equivalent,High school diploma or equivalent,USD 16 per HOUR,16.0,16.0,hourly,Unknown,"Charleston, South Carolina, United States",South Carolina,United States,,5241,,Management Analysts,,,,,
154297,2026-06-05,,,https://residence-inn-1.careerplug.com/jobs/3282918/apps/new,Housekeeper Room Attendant,Management Analysts,Housekeeper Room Attendant,0,Marriott International,False,Full Time,,,False,Postsecondary nondegree award,Postsecondary nondegree award,USD 15 per HOUR,15.0,15.0,hourly,Unknown,"Provo, Utah, United States",Utah,United States,,5241,,Management Analysts,"[""Career Development""]","[""Career Development""]",[],[],[]
87893,2026-06-05,,,https://recruiting.paylocity.com/Recruiting/Jobs/Details/4229407,Housekeeping Supervisor,Management Analysts,Housekeeping Supervisor,0,Winvian,False,Full Time,,,False,Bachelor's degree,Bachelor's degree,USD 20 per HOUR,20.0,20.0,hourly,Unknown,"Morris, Connecticut, United States",Connecticut,United States,,5241,,Management Analysts,,,,,
402573,2026-06-05,,,https://www.welcometothejungle.com/en/companies/nOLat6/jobs/customer-asset-lifecycle-lead_us_5b5yflky,IT Asset Management Lead,Management Analysts,IT Asset Management Lead,0,Owner.com,False,Full Time,,,False,Associate's degree,Associate's degree,"USD 85,000 Yearly",85000.0,85000.0,annual,Hybrid,United States,,,,5241,,Management Analysts,"[""Asset Management""]","[""Asset Management""]",[],[],[]
435521,2026-05-29,,,https://www.welcometothejungle.com/en/companies/n2yk9u/jobs/implementation-and-support-specialist_austin_tmavg5p3,Implementation and Support Specialist,Management Analysts,Implementation and Support Specialist,0,ClosingLock,False,Full Time,,,False,Associate's degree,Associate's degree,"{'min': '', 'max': '', 'currency': '', 'period': 'YEAR', 'summary': ''}",,,annual,Unknown,Austin,,Austin,,5241,,Management Analysts,"[""Adobe Acrobat""]","[""Adobe Acrobat""]",[],[],[]
121220,2026-06-05,,,https://recruiting.paylocity.com/Recruiting/Jobs/Details/4145400,Independent Medicare Agent - Albuquerque,Management Analysts,Independent Medicare Agent - Albuquerque,0,Connie Health,False,Contract,,,False,Postsecondary nondegree award,Associate's degree,,,,,Unknown,"Albuquerque, New Mexico, United States",New Mexico,United States,,5241,,Management Analysts,"[""Asset Protection""]","[""Asset Protection""]",[],[],[]
121219,2026-06-05,,,https://recruiting.paylocity.com/Recruiting/Jobs/Details/4145378,Independent Medicare Agent - Boston,Management Analysts,Independent Medicare Agent - Boston,0,Connie Health,False,Contract,,,False,Postsecondary nondegree award,Associate's degree,,,,,Unknown,"Boston, Massachusetts, United States",Massachusetts,United States,,5241,,Management Analysts,"[""Asset Protection""]","[""Asset Protection""]",[],[],[]
119398,2026-06-05,,,https://recruiting.paylocity.com/Recruiting/Jobs/Details/4145369,Independent Medicare Agent - Buffalo,Management Analysts,Independent Medicare Agent - Buffalo,0,Connie Health,False,Contract,,,False,Postsecondary nondegree award,Associate's degree,,,,,Unknown,"Buffalo, New York, United States",New York,United States,,5241,,Management Analysts,"[""Asset Protection""]","[""Asset Protection""]",[],[],[]
121218,2026-06-05,,,https://recruiting.paylocity.com/Recruiting/Jobs/Details/4145391,Independent Medicare Agent - Columbus,Management Analysts,Independent Medicare Agent - Columbus,0,Connie Health,False,Contract,,,False,Postsecondary nondegree award,Associate's degree,,,,,Unknown,"Worthington, Ohio, United States",Ohio,United States,,5241,,Management Analysts,"[""Asset Protection""]","[""Asset Protection""]",[],[],[]
119401,2026-06-05,,,https://recruiting.paylocity.com/Recruiting/Jobs/Details/4145313,Independent Medicare Agent - Detroit,Management Analysts,Independent Medicare Agent - Detroit,0,Connie Health,False,Contract,,,False,Postsecondary nondegree award,Associate's degree,,,,,Unknown,"Detroit, Michigan, United States",Michigan,United States,,5241,,Management Analysts,"[""Asset Protection""]","[""Asset Protection""]",[],[],[]
119399,2026-06-05,,,https://recruiting.paylocity.com/Recruiting/Jobs/Details/4145422,Independent Medicare Agent - Kansas City,Management Analysts,Independent Medicare Agent - Kansas City,0,Connie Health,False,Contract,,,False,Postsecondary nondegree award,Associate's degree,,,,,Unknown,"Kansas City, Missouri, United States",Missouri,United States,,5241,,Management Analysts,"[""Asset Protection""]","[""Asset Protection""]",[],[],[]
119396,2026-06-05,,,https://recruiting.paylocity.com/Recruiting/Jobs/Details/4145201,Independent Medicare Agent - Las Vegas,Management Analysts,Independent Medicare Agent - Las Vegas,0,Connie Health,False,Contract,,,False,Postsecondary nondegree award,Associate's degree,,,,,Unknown,"Las Vegas, Nevada, United States",Nevada,United States,,5241,,Management Analysts,"[""Asset Protection""]","[""Asset Protection""]",[],[],[]
119397,2026-06-05,,,https://recruiting.paylocity.com/Recruiting/Jobs/Details/4145325,Independent Medicare Agent - Milwaukee,Management Analysts,Independent Medicare Agent - Milwaukee,0,Connie Health,False,Contract,,,False,Postsecondary nondegree award,Associate's degree,,,,,Unknown,"Milwaukee, Wisconsin, United States",Wisconsin,United States,,5241,,Management Analysts,"[""Asset Protection""]","[""Asset Protection""]",[],[],[]
121221,2026-06-05,,,https://recruiting.paylocity.com/Recruiting/Jobs/Details/4145335,Independent Medicare Agent - Minneapolis,Management Analysts,Independent Medicare Agent - Minneapolis,0,Connie Health,False,Contract,,,False,Postsecondary nondegree award,Associate's degree,,,,,Unknown,"Minneapolis, Minnesota, United States",Minnesota,United States,,5241,,Management Analysts,"[""Asset Protection""]","[""Asset Protection""]",[],[],[]
119395,2026-06-05,,,https://recruiting.paylocity.com/Recruiting/Jobs/Details/4207058,Independent Medicare Agent - New York,Management Analysts,Independent Medicare Agent - New York,0,Connie Health,False,Contract,,,False,Postsecondary nondegree award,Associate's degree,,,,,Unknown,"New York, New York, United States",New York,United States,,5241,,Management Analysts,"[""Asset Protection""]","[""Asset Protection""]",[],[],[]
119402,2026-06-05,,,https://recruiting.paylocity.com/Recruiting/Jobs/Details/4145351,Independent Medicare Agent - Newark,Management Analysts,Independent Medicare Agent - Newark,0,Connie Health,False,Contract,,,False,Postsecondary nondegree award,Associate's degree,,,,,Unknown,"Newark, New Jersey, United States",New Jersey,United States,,5241,,Management Analysts,"[""Asset Protection""]","[""Asset Protection""]",[],[],[]
119400,2026-06-05,,,https://recruiting.paylocity.com/Recruiting/Jobs/Details/4145409,Independent Medicare Agent - Oklahoma City,Management Analysts,Independent Medicare Agent - Oklahoma City,0,Connie Health,False,Contract,,,False,Postsecondary nondegree award,Associate's degree,,,,,Unknown,"Oklahoma City, Oklahoma, United States",Oklahoma,United States,,5241,,Management Analysts,"[""Asset Protection""]","[""Asset Protection""]",[],[],[]
121222,2026-06-05,,,https://recruiting.paylocity.com/Recruiting/Jobs/Details/4145344,Independent Medicare Agent - Philadelphia,Management Analysts,Independent Medicare Agent - Philadelphia,0,Connie Health,False,Contract,,,False,Postsecondary nondegree award,Associate's degree,,,,,Unknown,"Philadelphia, Pennsylvania, United States",Pennsylvania,United States,,5241,,Management Analysts,"[""Asset Protection""]","[""Asset Protection""]",[],[],[]
121217,2026-06-05,,,https://recruiting.paylocity.com/Recruiting/Jobs/Details/4149701,Independent Medicare Agent - Wilmington,Management Analysts,Independent Medicare Agent - Wilmington,0,Connie Health,False,Contract,,,False,Postsecondary nondegree award,Associate's degree,,,,,Unknown,"Wilmington, Delaware, United States",Delaware,United States,,5241,,Management Analysts,"[""Asset Protection""]","[""Asset Protection""]",[],[],[]
119421,2026-06-05,,,https://recruiting.paylocity.com/Recruiting/Jobs/Details/4142262,Independent Medicare Agent- Baltimore,Management Analysts,Independent Medicare Agent- Baltimore,0,Connie Health,False,Contract,,,False,Postsecondary nondegree award,Associate's degree,,,,,Unknown,"Baltimore, Maryland, United States",Maryland,United States,,5241,,Management Analysts,"[""Asset Protection""]","[""Asset Protection""]",[],[],[]
119409,2026-06-05,,,https://recruiting.paylocity.com/Recruiting/Jobs/Details/4142251,Independent Medicare Agent- Birmingham,Management Analysts,Independent Medicare Agent- Birmingham,0,Connie Health,False,Contract,,,False,Postsecondary nondegree award,Associate's degree,,,,,Unknown,"Irondale, Alabama, United States",Alabama,United States,,5241,,Management Analysts,"[""Asset Protection""]","[""Asset Protection""]",[],[],[]
119406,2026-06-05,,,https://recruiting.paylocity.com/Recruiting/Jobs/Details/4142257,Independent Medicare Agent- Charleston,Management Analysts,Independent Medicare Agent- Charleston,0,Connie Health,False,Contract,,,False,Postsecondary nondegree award,Associate's degree,,,,,Unknown,"Charleston, West Virginia, United States",West Virginia,United States,,5241,,Management Analysts,"[""Asset Protection""]","[""Asset Protection""]",[],[],[]
119404,2026-06-05,,,https://recruiting.paylocity.com/Recruiting/Jobs/Details/4142264,Independent Medicare Agent- Denver,Management Analysts,Independent Medicare Agent- Denver,0,Connie Health,False,Contract,,,False,Postsecondary nondegree award,Associate's degree,,,,,Unknown,"Denver, Colorado, United States",Colorado,United States,,5241,,Management Analysts,"[""Asset Protection""]","[""Asset Protection""]",[],[],[]
119418,2026-06-05,,,https://recruiting.paylocity.com/Recruiting/Jobs/Details/4142253,Independent Medicare Agent- Jackson,Management Analysts,Independent Medicare Agent- Jackson,0,Connie Health,False,Contract,,,False,Postsecondary nondegree award,Associate's degree,,,,,Unknown,"Jackson, Mississippi, United States",Mississippi,United States,,5241,,Management Analysts,"[""Asset Protection""]","[""Asset Protection""]",[],[],[]
119417,2026-06-05,,,https://recruiting.paylocity.com/Recruiting/Jobs/Details/4142252,Independent Medicare Agent- Little Rock,Management Analysts,Independent Medicare Agent- Little Rock,0,Connie Health,False,Contract,,,False,Postsecondary nondegree award,Associate's degree,,,,,Unknown,"Little Rock, Arkansas, United States",Arkansas,United States,,5241,,Management Analysts,"[""Asset Protection""]","[""Asset Protection""]",[],[],[]
119407,2026-06-05,,,https://recruiting.paylocity.com/Recruiting/Jobs/Details/4142256,Independent Medicare Agent- Louisville,Management Analysts,Independent Medicare Agent- Louisville,0,Connie Health,False,Contract,,,False,Postsecondary nondegree award,Associate's degree,,,,,Unknown,"Louisville, Kentucky, United States",Kentucky,United States,,5241,,Management Analysts,"[""Asset Protection""]","[""Asset Protection""]",[],[],[]
119419,2026-06-05,,,https://recruiting.paylocity.com/Recruiting/Jobs/Details/4142255,Independent Medicare Agent- Nashville,Management Analysts,Independent Medicare Agent- Nashville,0,Connie Health,False,Contract,,,False,Postsecondary nondegree award,Associate's degree,,,,,Unknown,"Nashville, Tennessee, United States",Tennessee,United States,,5241,,Management Analysts,"[""Asset Protection""]","[""Asset Protection""]",[],[],[]
119416,2026-06-05,,,https://recruiting.paylocity.com/Recruiting/Jobs/Details/4142266,Independent Medicare Agent- Portland,Management Analysts,Independent Medicare Agent- Portland,0,Connie Health,False,Contract,,,False,Postsecondary nondegree award,Associate's degree,,,,,Unknown,"Portland, Oregon, United States",Oregon,United States,,5241,,Management Analysts,"[""Asset Protection""]","[""Asset Protection""]",[],[],[]
119403,2026-06-05,,,https://recruiting.paylocity.com/Recruiting/Jobs/Details/4143371,Independent Medicare Agent- Salt Lake City,Management Analysts,Independent Medicare Agent- Salt Lake City,0,Connie Health,False,Contract,,,False,Postsecondary nondegree award,Associate's degree,,,,,Unknown,"Salt Lake City, Utah, United States",Utah,United States,,5241,,Management Analysts,"[""Asset Protection""]","[""Asset Protection""]",[],[],[]
119405,2026-06-05,,,https://recruiting.paylocity.com/Recruiting/Jobs/Details/4142265,Independent Medicare Agent- Seattle,Management Analysts,Independent Medicare Agent- Seattle,0,Connie Health,False,Contract,,,False,Postsecondary nondegree award,Associate's degree,,,,,Unknown,"Seattle, Washington, United States",Washington,United States,,5241,,Management Analysts,"[""Asset Protection""]","[""Asset Protection""]",[],[],[]
119420,2026-06-05,,,https://recruiting.paylocity.com/Recruiting/Jobs/Details/4142260,Independent Medicare Agent- Virginia Beach,Management Analysts,Independent Medicare Agent- Virginia Beach,0,Connie Health,False,Contract,,,False,Postsecondary nondegree award,Associate's degree,,,,,Unknown,"Virginia Beach, Virginia, United States",Virginia,United States,,5241,,Management Analysts,"[""Asset Protection""]","[""Asset Protection""]",[],[],[]
119408,2026-06-05,,,https://recruiting.paylocity.com/Recruiting/Jobs/Details/4142263,Independent Medicare Agent- Washington,Management Analysts,Independent Medicare Agent- Washington,0,Connie Health,False,Contract,,,False,Postsecondary nondegree award,Associate's degree,,,,,Unknown,"District of Columbia, United States",District of Columbia,United States,,5241,,Management Analysts,"[""Asset Protection""]","[""Asset Protection""]",[],[],[]
249631,2026-06-25,,,https://jobs.lever.co/jobgether/c212887a-d77c-4358-b85c-9c51a7c2524f/apply,Injection Engineering Manager,Management Analysts,Injection Engineering Manager,0,Jobgether,False,Full Time,,,False,Associate's degree,Bachelor's degree,"{'min': '', 'max': '', 'currency': '', 'period': '', 'summary': ''}",,,,Remote,US,,,,5241,,Management Analysts,"[""Automation""]","[""Automation""]",[],[],[]
462021,2026-06-09,,,https://account.amazon.jobs/jobs/10443792/apply,"Instock Manager, WWGS Inventory Management",Management Analysts,"Instock Manager, WWGS Inventory Management",0,Amazon,False,Full Time,,,False,Associate's degree,Associate's degree,"{'min': '', 'max': '', 'currency': '', 'period': '', 'summary': ''}",,,,Unknown,"Seattle, Washington",Seattle,Washington,,5241,,Management Analysts,"[""Analytical Thinking"", ""Automation"", ""Business Analysis""]","[""Automation"", ""Business Analysis""]","[""Analytical Thinking""]",[],[]
406260,2026-06-05,,,https://apply.workable.com/j/F963246901/apply,Insurance Defense Associate Attorney,Management Analysts,Insurance Defense Associate Attorney,0,Kubicki-Draper,True,Full Time,,,False,Associate's degree,Associate's degree,"{'min': '', 'max': '', 'currency': '', 'period': '', 'summary': ''}",,,,Hybrid,"South Florida, Florida",South Florida,Florida,,5241,,Management Analysts,,,,,
431311,2026-06-01,,,https://apply.workable.com/j/4B9F1C4226/apply,Insurance Defense Paralegal,Management Analysts,Insurance Defense Paralegal,0,Kubicki-Draper,False,Full Time,,,False,Associate's degree,Associate's degree,"{'min': '', 'max': '', 'currency': '', 'period': '', 'summary': ''}",,,,Hybrid,"Miami, Florida",Miami,Florida,,5241,,Management Analysts,,,,,
337635,2026-06-17,,,https://apply.workable.com/j/A53BD7A4D3/apply,Insurtech Product Specialist,Management Analysts,Insurtech Product Specialist,0,Silvur,False,Full Time,,,False,Associate's degree,Associate's degree,"{'min': '', 'max': '', 'currency': '', 'period': '', 'summary': ''}",,,,Remote,United States,,,,5241,,Management Analysts,"[""Account Management"", ""Asana"", ""Calculators""]","[""Account Management"", ""Asana""]","[""Calculators""]",[],[]
159401,2026-06-05,,,https://careers.astoncarter.com/us/en/job/JP-006073751/Inventory-Controller,Inventory Controller,Management Analysts,Inventory Controller,0,Aston Carter,True,"Full Time, Contract, Temporary",,,False,High school diploma or equivalent,Associate's degree,USD 16.3 per HOUR,16.3,16.3,hourly,On-site,"Knoxville, Tennessee, United States",Tennessee,United States,,5241,,Management Analysts,"[""Accounting"", ""Agility"", ""Artificial Intelligence"", ""Bloodborne Pathogens""]","[""Accounting"", ""Agility"", ""Artificial Intelligence"", ""Bloodborne Pathogens""]",[],[],[]
391417,2026-06-09,,,https://apply.workable.com/j/9AB82C4AE2/apply,Inventory Coordinator,Management Analysts,Inventory Coordinator,0,Blue-Nile,False,Full Time,,,False,Bachelor's degree,Bachelor's degree,"{'min': '', 'max': '', 'currency': '', 'period': '', 'summary': ''}",,,,Unknown,"New York, New York",New York,New York,"New York-Newark-Jersey City, NY-NJ",5241,,Management Analysts,"[""Analytical Skills""]",[],"[""Analytical Skills""]",[],[]
122788,2026-06-05,2026-06-17,12.0,https://jobs.canadalife.com/job/Kitchener-Ontario-Investment-Specialist-18-Month-Contract-ON-N2P-2G5/1391347733/,Investment Specialist - 18 Month Contract,Management Analysts,Investment Specialist - 18 Month,0,The Canada Life Assurance Company,False,"Full Time, Part Time, Contract, Temporary",,,False,High school diploma or equivalent,Associate's degree,CAD 43400 - 65100 per YEAR,43400.0,65100.0,annual,Hybrid,"Kitchener, Ontario, Canada, London, Ontario, Canada, Rancho Cucamonga, California, United States",California,United States,,5241,,Management Analysts,"[""Career Development""]","[""Career Development""]",[],[],[]
150759,2026-06-05,,,https://recruiting.paylocity.com/Recruiting/Jobs/Details/3841998,Irrigation Technician Belmont/Wolfeboro,Management Analysts,Irrigation Technician Belmont/Wolfeboro,0,Piscataqua Landscaping & Tree Service,True,"Full Time, Temporary",,,False,Associate's degree,Associate's degree,,,,,On-site,"Belmont, New Hampshire, United States",New Hampshire,United States,,5241,,Management Analysts,,,,,
285347,2026-06-23,,,https://capabilities.bamboohr.com/careers/247,Job Developer,Management Analysts,Job Developer,0,Capabilities,False,Full Time,,,False,High school diploma or equivalent,Associate's degree,USD 20 Hourly,20.0,20.0,hourly,Unknown,"Dayton, Ohio",Dayton,Ohio,,5241,,Management Analysts,,,,,
155572,2026-06-05,,,https://elchxmprod.jobs.hr.cloud.sap/job/Seattle-Key-Holder-Aveda-Full-Time-University-Village-Seattle-WA-WA-98105/1397334100/,Key Holder - Aveda - Full Time - University Village - Seattle WA,Management Analysts,Key Holder - Aveda - - University Village - Seattle WA,0,The EstéE Lauder Companies Inc.,False,Full Time,,,False,Associate's degree,Associate's degree,USD 18.98 - 31.63 per HOUR,18.98,31.63,hourly,Unknown,"Seattle, Washington, United States",Washington,United States,,5241,,Management Analysts,"[""Artificial Intelligence"", ""Cash Handling"", ""Cash Reconciliation""]","[""Artificial Intelligence"", ""Cash Handling"", ""Cash Reconciliation""]",[],[],[]
89053,2026-06-05,,,https://workforcenow.adp.com/mascsr/default/mdf/recruitment/recruitment.html?cid=4d158bc3-de20-482c-a703-c1941bd5005e&jobId=549553,Kitchen Hood Technician,Management Analysts,Kitchen Hood Technician,0,Koorsen Fire And Security,False,Full Time,,,False,Associate's degree,Associate's degree,USD 19 - 25 per HOUR,19.0,25.0,hourly,Unknown,"Brecksville, Ohio, United States",Ohio,United States,,5241,,Management Analysts,,,,,
225836,2026-06-08,,,https://recruiting.paylocity.com/Recruiting/Jobs/Details/4233396,Kitchen Manager/ Chef,Management Analysts,Kitchen Manager/ Chef,0,Perdida,False,Full Time,,,False,Bachelor's degree,Bachelor's degree,{},,,,Unknown,"Denver, Colorado",Denver,Colorado,,5241,,Management Analysts,"[""Career Development""]","[""Career Development""]",[],[],[]
125827,2026-06-05,,,https://recruiting.paylocity.com/Recruiting/Jobs/Details/4223837,Learning & Development Officer,Management Analysts,Learning & Development Officer,0,"Iowa State Bank (Des Moines, IA)",False,Full Time,,,False,Associate's degree,Associate's degree,,,,,Unknown,"Orange City, Iowa, United States",Iowa,United States,,5241,,Management Analysts,,,,,
378978,2026-06-10,,,https://www.welcometothejungle.com/en/companies/5icahK/jobs/legal-counsel_madrid_j7w5yodn,Legal Counsel,Management Analysts,Legal Counsel,0,Tricentis,False,Contract,,,False,Associate's degree,Doctoral or professional degree,"{'min': '', 'max': '', 'currency': '', 'period': 'YEAR', 'summary': ''}",,,annual,Unknown,Austin,,Austin,,5241,,Management Analysts,"[""Ability To Meet Deadlines""]",[],"[""Ability To Meet Deadlines""]",[],[]
304281,2026-06-21,,,https://jobs.smartrecruiters.com/Dominos/744000133205994-level-1-assistant-manager-06490-1408-s-harvard-ave-?oga=true,Level 1 Assistant Manager(06490) - 1408 S Harvard Ave,Management Analysts,Level 1 Assistant Manager - 1408 S Harvard Ave,0,Dominos,False,Full Time,,,False,Bachelor's degree,Bachelor's degree,"{'min': '', 'max': '', 'currency': '', 'period': '', 'summary': ''}",,,,Unknown,"Tulsa, Oklahoma",Tulsa,Oklahoma,,5241,,Management Analysts,,,,,
78181,2026-06-04,,,https://recruiting.paylocity.com/Recruiting/Jobs/Details/4226747,Library Reshelving/Scanning Worker - PT,Management Analysts,Library Reshelving/Scanning Worker - PT,0,Westminster Seminary Press,False,Part Time,,,False,Associate's degree,Associate's degree,,,,,Unknown,"Glenside, Pennsylvania, United States",Pennsylvania,United States,,5241,,Management Analysts,,,,,
166998,2026-06-05,2026-06-30,25.0,https://www.paycomonline.net/v4/ats/web.php/portal/8FCC0518A8F986F6231345414141803C/jobs/495901,Line Cook,Management Analysts,Line Cook,0,Horseshoe Bend Country Club,False,Full Time,,,False,High school diploma or equivalent,Associate's degree,,,,,Unknown,"Alpharetta, Georgia, United States",Georgia,United States,,5241,,Management Analysts,,,,,
387494,2026-06-09,,,https://frothymonkey.applytojob.com/apply/jobs/details/ETpENO91ec,Line Cook - Downtown Nashville ( and ),Management Analysts,Line Cook - Downtown Nashville,0,Frothymonkey,False,"Full Time, Part Time",,,False,Associate's degree,Associate's degree,"{'min': '', 'max': '', 'currency': '', 'period': '', 'summary': ''}",,,,Unknown,United States,,,,5241,,Management Analysts,,,,,
351841,2026-06-15,,,https://frothymonkey.applytojob.com/apply/jobs/details/5Xek5pSqOi,Line Cook - Homewood,Management Analysts,Line Cook - Homewood,0,Frothymonkey,False,"Full Time, Part Time",,,False,Associate's degree,Associate's degree,"{'min': '', 'max': '', 'currency': '', 'period': '', 'summary': ''}",,,,Unknown,United States,,,,5241,,Management Analysts,,,,,
347367,2026-06-16,,,https://apply.workable.com/j/E3B898FBEB/apply,Litigation Attorney (Bodily Injury),Management Analysts,Litigation Attorney,0,Kubicki-Draper,True,Full Time,,,False,Associate's degree,Associate's degree,"{'min': '', 'max': '', 'currency': '', 'period': '', 'summary': ''}",,,,Hybrid,"Orlando, Florida",Orlando,Florida,,5241,,Management Analysts,,,,,
337557,2026-06-17,,,https://apply.workable.com/j/818446160D/apply,Litigation Paralegal,Management Analysts,Litigation Paralegal,0,Kubicki-Draper,True,Full Time,,,False,Associate's degree,Associate's degree,"{'min': '', 'max': '', 'currency': '', 'period': '', 'summary': ''}",,,,Hybrid,"Orlando, Florida",Orlando,Florida,,5241,,Management Analysts,,,,,
337751,2026-06-17,,,https://apply.workable.com/j/D5C1CB7EB8/apply,Litigation Paralegal,Management Analysts,Litigation Paralegal,0,Kubicki-Draper,False,Full Time,,,False,Associate's degree,Associate's degree,"{'min': '', 'max': '', 'currency': '', 'period': '', 'summary': ''}",,,,Hybrid,"West Palm Beach, Florida",West Palm Beach,Florida,,5241,,Management Analysts,,,,,
431424,2026-06-01,,,https://apply.workable.com/j/A308FFE254/apply,Litigation Paralegal (BI),Management Analysts,Litigation Paralegal,0,Kubicki-Draper,False,Full Time,,,False,Associate's degree,Associate's degree,"{'min': '', 'max': '', 'currency': '', 'period': '', 'summary': ''}",,,,Hybrid,"Miami, Florida",Miami,Florida,,5241,,Management Analysts,,,,,
96016,2026-06-05,,,https://careers.hireology.com/griswoldhomecare-anokacounty/2780705/description,Live in Caregiver,Management Analysts,Live in Caregiver,0,Griswold Care For The Greater Twin Cities,False,Part Time,,,False,Associate's degree,Associate's degree,USD 350 per DAY,350.0,,,Unknown,"Ramsey, Minnesota, United States",Minnesota,United States,,5241,,Management Analysts,,,,,
94130,2026-06-05,,,https://careers.hireology.com/griswoldhomecareforsaintlouispark/2780770/description,Live in Caregiver,Management Analysts,Live in Caregiver,0,Griswold,False,Part Time,,,False,Associate's degree,Associate's degree,USD 350 per DAY,350.0,,,Unknown,"Brooklyn Center, Minnesota, United States",Minnesota,United States,,5241,,Management Analysts,,,,,
418528,2026-06-03,,,https://apply.workable.com/j/A34D7237D8/apply,Local CDL-B Company Driver,Management Analysts,Local CDL-B Company Driver,0,Al-Warren-Oil-Company-Inc,False,Full Time,,,False,Associate's degree,Associate's degree,"{'min': '', 'max': '', 'currency': '', 'period': '', 'summary': ''}",,,,Unknown,"Indianapolis, Indiana",Indianapolis,Indiana,,5241,,Management Analysts,,,,,
418394,2026-06-03,,,https://apply.workable.com/j/7405AB7A87/apply,Local Company Driver - CDL A,Management Analysts,Local Company Driver - CDL A,0,Al-Warren-Oil-Company-Inc,False,Full Time,,,False,Associate's degree,Associate's degree,"{'min': '', 'max': '', 'currency': '', 'period': '', 'summary': ''}",,,,Unknown,"Indianapolis, Indiana",Indianapolis,Indiana,,5241,,Management Analysts,,,,,
418512,2026-06-03,,,https://apply.workable.com/j/9E5280C5A5/apply,Local Company Driver - CDL A,Management Analysts,Local Company Driver - CDL A,0,Al-Warren-Oil-Company-Inc,False,Full Time,,,False,Associate's degree,Associate's degree,"{'min': '', 'max': '', 'currency': '', 'period': '', 'summary': ''}",,,,Unknown,"Chicago, Illinois",Chicago,Illinois,,5241,,Management Analysts,,,,,
418118,2026-06-03,,,https://apply.workable.com/j/1332D6A087/apply,Local Company Driver CDL-B,Management Analysts,Local Company Driver CDL-B,0,Al-Warren-Oil-Company-Inc,False,Full Time,,,False,Associate's degree,Associate's degree,"{'min': '', 'max': '', 'currency': '', 'period': '', 'summary': ''}",,,,Unknown,"Chicago, Illinois",Chicago,Illinois,,5241,,Management Analysts,,,,,
424915,2026-06-02,,,https://apply.workable.com/j/1168F1F897/apply,Locum Tenens - Anesthesiology CRNA,Management Analysts,Locum Tenens - Anesthesiology CRNA,0,Vitaly-Health,False,,,,False,Postsecondary nondegree award,Postsecondary nondegree award,"{'min': '', 'max': '', 'currency': '', 'period': '', 'summary': ''}",,,,Unknown,"Kokomo, Indiana",Kokomo,Indiana,,5241,,Management Analysts,"[""Anesthesiology""]","[""Anesthesiology""]",[],[],[]
368403,2026-06-12,,,https://apply.workable.com/j/8EFEED2669/apply,Locum Tenens - Cardiology Physician,Management Analysts,Locum Tenens - Cardiology Physician,0,Vitaly-Health,False,,,,False,Doctoral or professional degree,Doctoral or professional degree,"{'min': '', 'max': '', 'currency': '', 'period': '', 'summary': ''}",,,,Unknown,"Washington, District of Columbia",Washington,District of Columbia,"Washington-Arlington-Alexandria, DC-VA-MD-WV",5241,,Management Analysts,"[""Cardiology""]","[""Cardiology""]",[],[],[]
316104,2026-06-19,,,https://apply.workable.com/j/EA877AB40E/apply,Locum Tenens - Child and Adolescent Psychiatry Physician,Management Analysts,Locum Tenens - Child and Adolescent Psychiatry Physician,0,Vitaly-Health,False,,,,False,Postsecondary nondegree award,Doctoral or professional degree,"{'min': '', 'max': '', 'currency': '', 'period': '', 'summary': ''}",,,,Unknown,"Kalispell, Montana",Kalispell,Montana,,5241,,Management Analysts,,,,,
405925,2026-06-05,,,https://apply.workable.com/j/319F32E2BF/apply,Locum Tenens - Emergency Medicine Physician,Management Analysts,Locum Tenens - Emergency Medicine Physician,0,Vitaly-Health,False,,,,False,Postsecondary nondegree award,Doctoral or professional degree,"{'min': '', 'max': '', 'currency': '', 'period': '', 'summary': ''}",,,,Unknown,"Clinton, North Carolina",Clinton,North Carolina,,5241,,Management Analysts,,,,,
368446,2026-06-12,,,https://apply.workable.com/j/A6077B9050/apply,Locum Tenens - Emergency Medicine Physician,Management Analysts,Locum Tenens - Emergency Medicine Physician,0,Vitaly-Health,False,,,,False,Doctoral or professional degree,Doctoral or professional degree,"{'min': '', 'max': '', 'currency': '', 'period': '', 'summary': ''}",,,,Unknown,"Valdez, Alaska",Valdez,Alaska,,5241,,Management Analysts,,,,,
326338,2026-06-18,,,https://apply.workable.com/j/F6E4692BF7/apply,Locum Tenens - Family Medicine NP/PA,Management Analysts,Locum Tenens - Family Medicine NP/PA,0,Vitaly-Health,False,,,,False,Bachelor's degree,Bachelor's degree,"{'min': '', 'max': '', 'currency': '', 'period': '', 'summary': ''}",,,,Unknown,"Washington, District of Columbia",Washington,District of Columbia,"Washington-Arlington-Alexandria, DC-VA-MD-WV",5241,,Management Analysts,,,,,
368386,2026-06-12,,,https://apply.workable.com/j/8211563455/apply,Locum Tenens - Gastroenterology Physician,Management Analysts,Locum Tenens - Gastroenterology Physician,0,Vitaly-Health,False,,,,False,Postsecondary nondegree award,Doctoral or professional degree,"{'min': '', 'max': '', 'currency': '', 'period': '', 'summary': ''}",,,,Unknown,"Washington, District of Columbia",Washington,District of Columbia,"Washington-Arlington-Alexandria, DC-VA-MD-WV",5241,,Management Analysts,,,,,
356874,2026-06-15,,,https://apply.workable.com/j/A5A0860DFE/apply,Locum Tenens - General Dentistry,Management Analysts,Locum Tenens - General Dentistry,0,Vitaly-Health,False,,,,False,Postsecondary nondegree award,Doctoral or professional degree,"{'min': '', 'max': '', 'currency': '', 'period': '', 'summary': ''}",,,,Unknown,"Eureka, California",Eureka,California,,5241,,Management Analysts,,,,,
368582,2026-06-12,,,https://apply.workable.com/j/F55C4F0BE9/apply,Locum Tenens - General Surgery NP/PA,Management Analysts,Locum Tenens - General Surgery NP/PA,0,Vitaly-Health,False,,,,False,Postsecondary nondegree award,Doctoral or professional degree,"{'min': '', 'max': '', 'currency': '', 'period': '', 'summary': ''}",,,,Unknown,"Washington, District of Columbia",Washington,District of Columbia,"Washington-Arlington-Alexandria, DC-VA-MD-WV",5241,,Management Analysts,,,,,
337294,2026-06-17,,,https://apply.workable.com/j/165A29A847/apply,Locum Tenens - General Surgery Physician,Management Analysts,Locum Tenens - General Surgery Physician,0,Vitaly-Health,False,,,,False,Postsecondary nondegree award,Doctoral or professional degree,"{'min': '', 'max': '', 'currency': '', 'period': '', 'summary': ''}",,,,Unknown,"Paris, Texas",Paris,Texas,,5241,,Management Analysts,,,,,
326301,2026-06-18,,,https://apply.workable.com/j/E844C46E27/apply,Locum Tenens - Hospitalist NP/PA,Management Analysts,Locum Tenens - Hospitalist NP/PA,0,Vitaly-Health,False,,,,False,Postsecondary nondegree award,Postsecondary nondegree award,"{'min': '', 'max': '', 'currency': '', 'period': '', 'summary': ''}",,,,Unknown,"Chippewa Falls, Wisconsin",Chippewa Falls,Wisconsin,,5241,,Management Analysts,,,,,
368198,2026-06-12,,,https://apply.workable.com/j/0FBC34AF97/apply,Locum Tenens - Infectious Disease Physician,Management Analysts,Locum Tenens - Infectious Disease Physician,0,Vitaly-Health,False,,,,False,Postsecondary nondegree award,Doctoral or professional degree,"{'min': '', 'max': '', 'currency': '', 'period': '', 'summary': ''}",,,,Unknown,"Fredericksburg, Virginia",Fredericksburg,Virginia,,5241,,Management Analysts,,,,,
412166,2026-06-04,,,https://apply.workable.com/j/0B8212AE46/apply,Locum Tenens - Interventional Cardiologist Physician,Management Analysts,Locum Tenens - Interventional Cardiologist Physician,0,Vitaly-Health,False,,,,False,Postsecondary nondegree award,Doctoral or professional degree,"{'min': '', 'max': '', 'currency': '', 'period': '', 'summary': ''}",,,,Unknown,"Washington, District of Columbia",Washington,District of Columbia,"Washington-Arlington-Alexandria, DC-VA-MD-WV",5241,,Management Analysts,,,,,
412207,2026-06-04,,,https://apply.workable.com/j/252C76390B/apply,Locum Tenens - Interventional Cardiologist Physician,Management Analysts,Locum Tenens - Interventional Cardiologist Physician,0,Vitaly-Health,False,,,,False,Postsecondary nondegree award,Doctoral or professional degree,"{'min': '', 'max': '', 'currency': '', 'period': '', 'summary': ''}",,,,Unknown,"Medford, Oregon",Medford,Oregon,,5241,,Management Analysts,,,,,
368555,2026-06-12,,,https://apply.workable.com/j/E49C7ED633/apply,Locum Tenens - Maternal-fetal Medicine Physician,Management Analysts,Locum Tenens - Maternal-fetal Medicine Physician,0,Vitaly-Health,False,,,,False,Postsecondary nondegree award,Doctoral or professional degree,"{'min': '', 'max': '', 'currency': '', 'period': '', 'summary': ''}",,,,Unknown,"Wausau, Wisconsin",Wausau,Wisconsin,,5241,,Management Analysts,,,,,
406070,2026-06-05,,,https://apply.workable.com/j/90D954B29D/apply,Locum Tenens - Neonatology NP,Management Analysts,Locum Tenens - Neonatology NP,0,Vitaly-Health,False,,,,False,Postsecondary nondegree award,Postsecondary nondegree award,"{'min': '', 'max': '', 'currency': '', 'period': '', 'summary': ''}",,,,Unknown,"Oregon City, Oregon",Oregon City,Oregon,,5241,,Management Analysts,,,,,
412289,2026-06-04,,,https://apply.workable.com/j/5E5EC66D26/apply,Locum Tenens - Nephrology Physician,Management Analysts,Locum Tenens - Nephrology Physician,0,Vitaly-Health,False,,,,False,Doctoral or professional degree,Doctoral or professional degree,"{'min': '', 'max': '', 'currency': '', 'period': '', 'summary': ''}",,,,Unknown,"Missoula, Montana",Missoula,Montana,,5241,,Management Analysts,,,,,
346913,2026-06-16,,,https://apply.workable.com/j/02F2360F1B/apply,Locum Tenens - Nephrology Physician,Management Analysts,Locum Tenens - Nephrology Physician,0,Vitaly-Health,False,,,,False,Postsecondary nondegree award,Doctoral or professional degree,"{'min': '', 'max': '', 'currency': '', 'period': '', 'summary': ''}",,,,Unknown,"Jonesboro, Georgia",Jonesboro,Georgia,,5241,,Management Analysts,,,,,
368225,2026-06-12,,,https://apply.workable.com/j/235FCA9DB1/apply,Locum Tenens - Neurology NP/PA,Management Analysts,Locum Tenens - Neurology NP/PA,0,Vitaly-Health,False,,,,False,Postsecondary nondegree award,Postsecondary nondegree award,"{'min': '', 'max': '', 'currency': '', 'period': '', 'summary': ''}",,,,Unknown,"Wilmington, North Carolina",Wilmington,North Carolina,,5241,,Management Analysts,,,,,
368180,2026-06-12,,,https://apply.workable.com/j/08A1E8B724/apply,Locum Tenens - Neuroradiology Physician,Management Analysts,Locum Tenens - Neuroradiology Physician,0,Vitaly-Health,False,,,,False,Postsecondary nondegree award,Doctoral or professional degree,"{'min': '', 'max': '', 'currency': '', 'period': '', 'summary': ''}",,,,Unknown,"Billings, Montana",Billings,Montana,,5241,,Management Analysts,,,,,
412386,2026-06-04,,,https://apply.workable.com/j/A47B4190F2/apply,Locum Tenens - Neurosurgery PA,Management Analysts,Locum Tenens - Neurosurgery PA,0,Vitaly-Health,False,,,,False,Postsecondary nondegree award,Postsecondary nondegree award,"{'min': '', 'max': '', 'currency': '', 'period': '', 'summary': ''}",,,,Unknown,"Modesto, California",Modesto,California,,5241,,Management Analysts,,,,,
431517,2026-06-01,,,https://apply.workable.com/j/EB3D0DC698/apply,Locum Tenens - OB/GYN Physician,Management Analysts,Locum Tenens - OB/GYN Physician,0,Vitaly-Health,False,,,,False,Postsecondary nondegree award,Doctoral or professional degree,"{'min': '', 'max': '', 'currency': '', 'period': '', 'summary': ''}",,,,Unknown,"Tucson, Arizona",Tucson,Arizona,,5241,,Management Analysts,,,,,
368224,2026-06-12,,,https://apply.workable.com/j/22C39BCFBE/apply,Locum Tenens - OB/GYN Physician,Management Analysts,Locum Tenens - OB/GYN Physician,0,Vitaly-Health,False,,,,False,Postsecondary nondegree award,Doctoral or professional degree,"{'min': '', 'max': '', 'currency': '', 'period': '', 'summary': ''}",,,,Unknown,"Ada, Oklahoma",Ada,Oklahoma,,5241,,Management Analysts,,,,,
368247,2026-06-12,,,https://apply.workable.com/j/2F551EE74D/apply,Locum Tenens - OB/GYN Physician,Management Analysts,Locum Tenens - OB/GYN Physician,0,Vitaly-Health,False,,,,False,Postsecondary nondegree award,Doctoral or professional degree,"{'min': '', 'max': '', 'currency': '', 'period': '', 'summary': ''}",,,,Unknown,"Washington, District of Columbia",Washington,District of Columbia,"Washington-Arlington-Alexandria, DC-VA-MD-WV",5241,,Management Analysts,,,,,
368417,2026-06-12,,,https://apply.workable.com/j/9875B0CA1E/apply,Locum Tenens - OB/GYN Physician,Management Analysts,Locum Tenens - OB/GYN Physician,0,Vitaly-Health,False,,,,False,Postsecondary nondegree award,Doctoral or professional degree,"{'min': '', 'max': '', 'currency': '', 'period': '', 'summary': ''}",,,,Unknown,"Fredericksburg, Virginia",Fredericksburg,Virginia,,5241,,Management Analysts,,,,,
425190,2026-06-02,,,https://apply.workable.com/j/C089E68983/apply,Locum Tenens - Orthopedic Surgery Physician,Management Analysts,Locum Tenens - Orthopedic Surgery Physician,0,Vitaly-Health,False,,,,False,Postsecondary nondegree award,Doctoral or professional degree,"{'min': '', 'max': '', 'currency': '', 'period': '', 'summary': ''}",,,,Unknown,"Clinton, North Carolina",Clinton,North Carolina,,5241,,Management Analysts,,,,,
368505,2026-06-12,,,https://apply.workable.com/j/CA657D5889/apply,Locum Tenens - Orthopedic Surgery Physician,Management Analysts,Locum Tenens - Orthopedic Surgery Physician,0,Vitaly-Health,False,,,,False,Postsecondary nondegree award,Doctoral or professional degree,"{'min': '', 'max': '', 'currency': '', 'period': '', 'summary': ''}",,,,Unknown,"Joplin, Missouri",Joplin,Missouri,,5241,,Management Analysts,,,,,
326008,2026-06-18,,,https://apply.workable.com/j/6FE4CC7623/apply,Locum Tenens - Otolaryngology Physician,Management Analysts,Locum Tenens - Otolaryngology Physician,0,Vitaly-Health,False,,,,False,Postsecondary nondegree award,Doctoral or professional degree,"{'min': '', 'max': '', 'currency': '', 'period': '', 'summary': ''}",,,,Unknown,"Turlock, California",Turlock,California,,5241,,Management Analysts,,,,,
356499,2026-06-15,,,https://apply.workable.com/j/070794F599/apply,Locum Tenens - Otolaryngology Physician,Management Analysts,Locum Tenens - Otolaryngology Physician,0,Vitaly-Health,False,,,,False,Postsecondary nondegree award,Doctoral or professional degree,"{'min': '', 'max': '', 'currency': '', 'period': '', 'summary': ''}",,,,Unknown,"Billings, Montana",Billings,Montana,,5241,,Management Analysts,,,,,
326264,2026-06-18,,,https://apply.workable.com/j/DB79A9178D/apply,Locum Tenens - Psychiatry Nurse Practitioner,Management Analysts,Locum Tenens - Psychiatry Nurse Practitioner,0,Vitaly-Health,False,,,,False,Bachelor's degree,Bachelor's degree,"{'min': '', 'max': '', 'currency': '', 'period': '', 'summary': ''}",,,,Unknown,"Natick, Massachusetts",Natick,Massachusetts,,5241,,Management Analysts,,,,,
368181,2026-06-12,,,https://apply.workable.com/j/095EE08F54/apply,Locum Tenens - Psychiatry Physician,Management Analysts,Locum Tenens - Psychiatry Physician,0,Vitaly-Health,False,,,,False,Postsecondary nondegree award,Doctoral or professional degree,"{'min': '', 'max': '', 'currency': '', 'period': '', 'summary': ''}",,,,Unknown,"St. Louis, Missouri",St. Louis,Missouri,,5241,,Management Analysts,,,,,
356763,2026-06-15,,,https://apply.workable.com/j/77F0573C82/apply,Locum Tenens - Wound Care Physician,Management Analysts,Locum Tenens - Wound Care Physician,0,Vitaly-Health,False,,,,False,Postsecondary nondegree award,Doctoral or professional degree,"{'min': '', 'max': '', 'currency': '', 'period': '', 'summary': ''}",,,,Unknown,"Springfield, Illinois",Springfield,Illinois,,5241,,Management Analysts,,,,,
268898,2026-06-24,,,https://job-boards.greenhouse.io/uberfreight/jobs/5278004008,Logistics Account Coorindator,Management Analysts,Logistics Account Coorindator,0,Uberfreight,False,Full Time,,,False,High school diploma or equivalent,Associate's degree,"{'min': '', 'max': '', 'currency': '', 'period': '', 'summary': ''}",,,,Hybrid,"Stuttgart, Ar 72160",Stuttgart,Ar 72160,,5241,,Management Analysts,,,,,
117912,2026-06-05,,,https://jobs.dayforcehcm.com/en-US/psc/CANDIDATEPORTAL/jobs/2870,Logistics Clerk,Management Analysts,Logistics Clerk,0,PSC Group,False,Full Time,,,False,Postsecondary nondegree award,Associate's degree,,,,,On-site,"Plaquemine, Louisiana, United States",Louisiana,United States,,5241,,Management Analysts,,,,,
120942,2026-06-05,,,https://jobs.dayforcehcm.com/en-US/baillielumberco/TBG/jobs/2118,Lumber Stacker,Management Analysts,Lumber Stacker,0,Baillie Lumber,False,"Full Time, Part Time",,,False,High school diploma or equivalent,Associate's degree,USD 17 per HOUR,17.0,17.0,hourly,Unknown,"Davenport, New York, United States",New York,United States,,5241,,Management Analysts,,,,,
120938,2026-06-05,,,https://jobs.dayforcehcm.com/en-US/baillielumberco/TBG/jobs/2124,Lumber Stacker - General Labor,Management Analysts,Lumber Stacker - General Labor,0,Baillie Lumber,False,Full Time,,,False,High school diploma or equivalent,Associate's degree,,,,,Unknown,"Charter Township of Clinton, Michigan, United States",Michigan,United States,,5241,,Management Analysts,,,,,
120940,2026-06-05,,,https://jobs.dayforcehcm.com/en-US/baillielumberco/TBG/jobs/2129,Lumber Stacker - General Labor,Management Analysts,Lumber Stacker - General Labor,0,Baillie Lumber,False,Full Time,,,False,High school diploma or equivalent,Associate's degree,,,,,Unknown,"Leitchfield, Kentucky, United States",Kentucky,United States,,5241,,Management Analysts,,,,,
120941,2026-06-05,,,https://jobs.dayforcehcm.com/en-US/baillielumberco/TBG/jobs/2132,Lumber Stacker - General Labor,Management Analysts,Lumber Stacker - General Labor,0,Baillie Lumber,False,"Full Time, Part Time",,,False,High school diploma or equivalent,Associate's degree,,,,,Unknown,"Donalds, South Carolina, United States",South Carolina,United States,,5241,,Management Analysts,,,,,
115453,2026-06-05,2026-07-11,36.0,https://recruitment.tenaris.com/job/Blytheville-Machine-Operator-Arka/1349432400/,Machine Operator,Management Analysts,Machine Operator,0,Tenaris,False,Full Time,,,False,Bachelor's degree,Bachelor's degree,,,,,Unknown,"Blytheville, Arkansas, United States",Arkansas,United States,,5241,,Management Analysts,,,,,
170477,2026-06-05,2027-06-05,365.0,https://us-erac.icims.com/jobs/553078/management-trainee---central-columbus/job,Management Trainee - Central Columbus,Management Analysts,Management Trainee - Central Columbus,0,Enterprise Mobility,False,Full Time,,,False,Associate's degree,Master's degree,USD 51010 - 54552 per YEAR,51010.0,54552.0,annual,Unknown,"Columbus, Ohio, United States",Ohio,United States,,5241,,Management Analysts,"[""Business Development""]","[""Business Development""]",[],[],[]
256357,2026-06-25,,,https://ascendstaffing.bamboohr.com/careers/1437,Manager,Management Analysts,Manager,0,Ascendstaffing,False,Full Time,,,False,Associate's degree,Associate's degree,"USD 42,000 - 45,000 Yearly",42000.0,45000.0,annual,On-site,"Davenport, Iowa",Davenport,Iowa,,5241,,Management Analysts,"[""Administrative Support""]","[""Administrative Support""]",[],[],[]
81729,2026-06-04,,,https://job-boards.greenhouse.io/texascartitleandpaydayloanservicesinc/jobs/7983665,Manager In Training/Sales Representative (bilingual),Management Analysts,Manager In Training/Sales Representative,0,"Texas Car Title & Payday Loan Services, Inc.",False,Full Time,,,False,High school diploma or equivalent,High school diploma or equivalent,USD 13.35 - 15.24 per HOUR,13.35,15.24,hourly,On-site,"Houston, Texas, United States",Texas,United States,,5241,,Management Analysts,,,,,
429337,2026-06-01,,,https://evac.fa.us2.oraclecloud.com/?keyword=&mode=jobs&lang=en&site_number=CX_1#428479,Manager Infection Prevention,Management Analysts,Manager Infection Prevention,0,Evac.fa.us2.oraclecloud.com,False,,,,False,Bachelor's degree,Bachelor's degree,"{'min': '', 'max': '', 'currency': '', 'period': '', 'summary': ''}",,,,Unknown,"Centralia, Washington",Centralia,Washington,,5241,,Management Analysts,,,,,
229141,2026-06-27,,,https://www.welcometothejungle.com/en/companies/YPYjLH/jobs/manager-of-it-audit_new-york_cqvimrcz,Manager of IT Audit,Management Analysts,Manager of IT Audit,0,Warby Parker,False,Full Time,,,False,Postsecondary nondegree award,Bachelor's degree,"{'min': '', 'max': '', 'currency': '', 'period': 'YEAR', 'summary': ''}",,,annual,Unknown,"New York, New York",New York,New York,"New York-Newark-Jersey City, NY-NJ",5241,,Management Analysts,"[""Accounting"", ""Auditing"", ""Business Ethics"", ""Business Process""]","[""Accounting"", ""Auditing"", ""Business Process""]","[""Business Ethics""]",[],[]
328188,2026-06-17,,,https://job-boards.greenhouse.io/huntress/jobs/7775269003,"Manager, Partner Success",Management Analysts,"Manager, Partner Success",0,Huntress,False,Full Time,,,False,Associate's degree,Associate's degree,"{'min': '', 'max': '', 'currency': '', 'period': '', 'summary': ''}",,,,Remote,United States of America,,,,5241,,Management Analysts,"[""Account Management"", ""Acting"", ""Artificial Intelligence""]","[""Account Management"", ""Acting"", ""Artificial Intelligence""]",[],[],[]
400216,2026-06-05,,,https://ats.rippling.com/careers-neuronetics/jobs/9aa10f99-7703-47ba-abd6-803f18f5c1e1,"Manager, Regional Account Manager Team (Greenbrook)",Management Analysts,"Manager, Regional Account Manager Team",0,Careers-Neuronetics,False,Full Time,,,False,Associate's degree,Associate's degree,"{'min': '', 'max': '', 'currency': '', 'period': '', 'summary': ''}",,,,Remote,Remote (),,Remote (),,5241,,Management Analysts,"[""Accountability"", ""Business Development""]","[""Business Development""]","[""Accountability""]",[],[]
424150,2026-06-02,,,https://jobs.virginia.edu/job/R0083903,Managing Director of the National Marriage Project (NMP),Management Analysts,Managing Director of the National Marriage Project,0,Jobs.virginia.edu,False,,,,False,Bachelor's degree,Bachelor's degree,"{'min': '', 'max': '', 'currency': '', 'period': '', 'summary': ''}",,,,Unknown,"Charlottesville, Virginia",Charlottesville,Virginia,,5241,,Management Analysts,,,,,
391121,2026-06-09,,,https://apply.workable.com/j/0BCC78E616/apply,Market Team Member,Management Analysts,Market Team Member,0,East-Bank-Club,False,Full Time,,,False,Associate's degree,Associate's degree,"{'min': '', 'max': '', 'currency': '', 'period': '', 'summary': ''}",,,,Unknown,"Chicago, Illinois",Chicago,Illinois,,5241,,Management Analysts,,,,,
343627,2026-06-16,,,https://ejql.fa.us6.oraclecloud.com/?keyword=&mode=jobs&lang=en&site_number=CX_1#215862,Marketing Operations Director,Management Analysts,Marketing Operations Director,0,Ejql.fa.us6.oraclecloud.com,False,"Full Time, Part Time",,,False,Associate's degree,Master's degree,"{'min': '', 'max': '', 'currency': '', 'period': '', 'summary': ''}",,,,Unknown,United States,,,,5241,,Management Analysts,"[""Accountability"", ""Adaptability"", ""Asana"", ""Automation"", ""Business Acumen"", ""Business Case"", ""Business Objectives""]","[""Asana"", ""Automation"", ""Business Case""]","[""Accountability"", ""Adaptability"", ""Business Acumen"", ""Business Objectives""]",[],[]
199246,2026-06-05,,,https://jobs.ashbyhq.com/meadowmemorials/bdaa7a60-027e-4974-98da-8621aa96ba3a?utm_source=rNOzEzAY92,Marketing Operations Manager,Management Analysts,Marketing Operations Manager,0,Meadow Memorials,False,Full Time,,,False,Associate's degree,Associate's degree,"$109,650 - $143,350 a year",109650.0,143350.0,annual,Unknown,United States,,,,5241,,Management Analysts,"[""A/B Testing"", ""Automation""]","[""A/B Testing"", ""Automation""]",[],[],[]
81915,2026-06-04,,,https://jobs.smartrecruiters.com/VeoliaEnvironnementSA/744000130291544-material-handler-i,Material Handler I,Management Analysts,Material Handler I,0,Veolia France,False,Contract,,,False,High school diploma or equivalent,Associate's degree,,,,,Unknown,"Corsicana, Texas, United States",Texas,United States,,5241,,Management Analysts,,,,,
300422,2026-06-22,,,https://fa-ewlq-saasfaprod1.fa.ocs.oraclecloud.com/?keyword=&mode=jobs&lang=en&site_number=CX_1#8651,Medical Administrative Assistant 1-OB/GYN Center (Knoxville),Management Analysts,Medical Administrative Assistant 1-OB/GYN Center,0,Fa-Ewlq-Saasfaprod1.fa.ocs.oraclecloud.com,False,,,,False,Bachelor's degree,Bachelor's degree,"{'min': '', 'max': '', 'currency': '', 'period': '', 'summary': ''}",,,,Unknown,"Knoxville, Tennessee",Knoxville,Tennessee,,5241,,Management Analysts,,,,,
139198,2026-06-05,,,https://ernh.fa.us2.oraclecloud.com/hcmUI/CandidateExperience/en/sites/CX_1/job/20063014,"Medical Biller- Business Office, Full-Time, Glassboro/Bridgeton",Management Analysts,"Medical Biller- Business Office, , Glassboro/Bridgeton",0,Inspira Health,False,Full Time,,,False,High school diploma or equivalent,Postsecondary nondegree award,USD 20.04 - 26.43 per HOUR,20.04,26.43,hourly,Unknown,"Glassboro, New Jersey, United States",New Jersey,United States,,5241,,Management Analysts,"[""Accounting"", ""Billing""]","[""Accounting"", ""Billing""]",[],[],[]
239432,2026-06-26,,,https://emcm.fa.us2.oraclecloud.com/?keyword=&mode=jobs&lang=en&site_number=CX_1#2348969,Medical Waste Plant Associate,Management Analysts,Medical Waste Plant Associate,0,Emcm.fa.us2.oraclecloud.com,False,,,,False,Associate's degree,Associate's degree,"{'min': '', 'max': '', 'currency': '', 'period': '', 'summary': ''}",,,,Unknown,"Keasbey, New Jersey",Keasbey,New Jersey,,5241,,Management Analysts,,,,,
391402,2026-06-09,,,https://apply.workable.com/j/9507938D9F/apply,Member Service Representative,Management Analysts,Member Service Representative,0,East-Bank-Club,False,Part Time,,,False,Associate's degree,Associate's degree,"{'min': '', 'max': '', 'currency': '', 'period': '', 'summary': ''}",,,,Unknown,"Chicago, Illinois",Chicago,Illinois,,5241,,Management Analysts,"[""Active Listening"", ""Adaptability""]",[],"[""Active Listening"", ""Adaptability""]",[],[]
424896,2026-06-02,,,https://apply.workable.com/j/083A9CA203/apply,Nail Artist,Management Analysts,Nail Artist,0,East-Bank-Club,False,Part Time,,,False,Associate's degree,Associate's degree,"{'min': '', 'max': '', 'currency': '', 'period': '', 'summary': ''}",,,,Unknown,"Chicago, Illinois",Chicago,Illinois,,5241,,Management Analysts,,,,,
308630,2026-06-19,,,https://careers-salemsurround.icims.com/jobs/3788/national-account-executive-podcast/job?in_iframe=1,National Account Executive Podcast,Management Analysts,National Account Executive Podcast,0,Salemsurround,False,Full Time,,,False,Associate's degree,Associate's degree,"{'min': '', 'max': '', 'currency': '', 'period': '', 'summary': ''}",,,,Unknown,"Houston, Texas",Houston,Texas,,5241,,Management Analysts,,,,,
382801,2026-06-10,,,https://apply.workable.com/j/4F3E420892/apply,New Home Sales Consultant,Management Analysts,New Home Sales Consultant,0,Lgihomes,False,"Full Time, Contract",,,False,Associate's degree,Associate's degree,"{'min': '', 'max': '', 'currency': '', 'period': '', 'summary': ''}",,,,Unknown,"Riverbank, California",Riverbank,California,,5241,,Management Analysts,,,,,
418399,2026-06-03,,,https://apply.workable.com/j/74C08D2E56/apply,OTR Company Driver,Management Analysts,OTR Company Driver,0,Altom-Transport,False,"Full Time, Contract",,,False,Associate's degree,Associate's degree,"{'min': '', 'max': '', 'currency': '', 'period': '', 'summary': ''}",,,,On-site,"Hammond, Indiana",Hammond,Indiana,,5241,,Management Analysts,"[""Aluminum"", ""CDL Class A License""]","[""Aluminum""]",[],[],"[""CDL Class A License""]"
418090,2026-06-03,,,https://apply.workable.com/j/07424991AB/apply,OTR Company Driver - CDL A - Tanker Driver,Management Analysts,OTR Company Driver - CDL A - Tanker Driver,0,Altom-Transport,False,"Full Time, Contract",,,False,Associate's degree,Associate's degree,"{'min': '', 'max': '', 'currency': '', 'period': '', 'summary': ''}",,,,On-site,"Houston, Texas",Houston,Texas,,5241,,Management Analysts,"[""Aluminum"", ""CDL Class A License""]","[""Aluminum""]",[],[],"[""CDL Class A License""]"
418103,2026-06-03,,,https://apply.workable.com/j/0CD845D07E/apply,OTR Company Driver - CDL A - Tanker Driver,Management Analysts,OTR Company Driver - CDL A - Tanker Driver,0,Altom-Transport,False,"Full Time, Contract",,,False,Associate's degree,Associate's degree,"{'min': '', 'max': '', 'currency': '', 'period': '', 'summary': ''}",,,,On-site,"Lake Charles, Louisiana",Lake Charles,Louisiana,,5241,,Management Analysts,"[""Aluminum"", ""CDL Class A License""]","[""Aluminum""]",[],[],"[""CDL Class A License""]"
418156,2026-06-03,,,https://apply.workable.com/j/1F72F2E0FD/apply,OTR Company Driver - CDL A - Tanker Driver,Management Analysts,OTR Company Driver - CDL A - Tanker Driver,0,Altom-Transport,False,"Full Time, Contract",,,False,Associate's degree,Associate's degree,"{'min': '', 'max': '', 'currency': '', 'period': '', 'summary': ''}",,,,On-site,"Ann Arbor, Michigan",Ann Arbor,Michigan,,5241,,Management Analysts,"[""Aluminum"", ""CDL Class A License""]","[""Aluminum""]",[],[],"[""CDL Class A License""]"
418181,2026-06-03,,,https://apply.workable.com/j/2958E88256/apply,OTR Company Driver - CDL A - Tanker Driver,Management Analysts,OTR Company Driver - CDL A - Tanker Driver,0,Altom-Transport,False,"Full Time, Contract",,,False,Associate's degree,Associate's degree,"{'min': '', 'max': '', 'currency': '', 'period': '', 'summary': ''}",,,,On-site,"Shreveport, Louisiana",Shreveport,Louisiana,,5241,,Management Analysts,"[""Aluminum"", ""CDL Class A License""]","[""Aluminum""]",[],[],"[""CDL Class A License""]"
418182,2026-06-03,,,https://apply.workable.com/j/29784A761C/apply,OTR Company Driver - CDL A - Tanker Driver,Management Analysts,OTR Company Driver - CDL A - Tanker Driver,0,Altom-Transport,False,"Full Time, Contract",,,False,Associate's degree,Associate's degree,"{'min': '', 'max': '', 'currency': '', 'period': '', 'summary': ''}",,,,On-site,"Warren, Michigan",Warren,Michigan,,5241,,Management Analysts,"[""Aluminum"", ""CDL Class A License""]","[""Aluminum""]",[],[],"[""CDL Class A License""]"
418184,2026-06-03,,,https://apply.workable.com/j/2A5D0B2640/apply,OTR Company Driver - CDL A - Tanker Driver,Management Analysts,OTR Company Driver - CDL A - Tanker Driver,0,Altom-Transport,False,"Full Time, Contract",,,False,Associate's degree,Associate's degree,"{'min': '', 'max': '', 'currency': '', 'period': '', 'summary': ''}",,,,On-site,"Atlanta, Georgia",Atlanta,Georgia,,5241,,Management Analysts,"[""Aluminum"", ""CDL Class A License""]","[""Aluminum""]",[],[],"[""CDL Class A License""]"
418188,2026-06-03,,,https://apply.workable.com/j/2C0004902C/apply,OTR Company Driver - CDL A - Tanker Driver,Management Analysts,OTR Company Driver - CDL A - Tanker Driver,0,Altom-Transport,False,"Full Time, Contract",,,False,Associate's degree,Associate's degree,"{'min': '', 'max': '', 'currency': '', 'period': '', 'summary': ''}",,,,On-site,"Columbus, Ohio",Columbus,Ohio,,5241,,Management Analysts,"[""Aluminum"", ""CDL Class A License""]","[""Aluminum""]",[],[],"[""CDL Class A License""]"
418230,2026-06-03,,,https://apply.workable.com/j/371A2B661D/apply,OTR Company Driver - CDL A - Tanker Driver,Management Analysts,OTR Company Driver - CDL A - Tanker Driver,0,Altom-Transport,False,"Full Time, Contract",,,False,Associate's degree,Associate's degree,"{'min': '', 'max': '', 'currency': '', 'period': '', 'summary': ''}",,,,On-site,"Lufkin, Texas",Lufkin,Texas,,5241,,Management Analysts,"[""Aluminum"", ""CDL Class A License""]","[""Aluminum""]",[],[],"[""CDL Class A License""]"
418240,2026-06-03,,,https://apply.workable.com/j/3A187F360E/apply,OTR Company Driver - CDL A - Tanker Driver,Management Analysts,OTR Company Driver - CDL A - Tanker Driver,0,Altom-Transport,False,"Full Time, Contract",,,False,Associate's degree,Associate's degree,"{'min': '', 'max': '', 'currency': '', 'period': '', 'summary': ''}",,,,On-site,"Lexington, Kentucky",Lexington,Kentucky,,5241,,Management Analysts,"[""Aluminum"", ""CDL Class A License""]","[""Aluminum""]",[],[],"[""CDL Class A License""]"
418241,2026-06-03,,,https://apply.workable.com/j/3A2E6D1E78/apply,OTR Company Driver - CDL A - Tanker Driver,Management Analysts,OTR Company Driver - CDL A - Tanker Driver,0,Altom-Transport,False,"Full Time, Contract",,,False,Associate's degree,Associate's degree,"{'min': '', 'max': '', 'currency': '', 'period': '', 'summary': ''}",,,,On-site,"South Bend, Indiana",South Bend,Indiana,,5241,,Management Analysts,"[""Aluminum"", ""CDL Class A License""]","[""Aluminum""]",[],[],"[""CDL Class A License""]"
418281,2026-06-03,,,https://apply.workable.com/j/450332E25A/apply,OTR Company Driver - CDL A - Tanker Driver,Management Analysts,OTR Company Driver - CDL A - Tanker Driver,0,Altom-Transport,False,"Full Time, Contract",,,False,Associate's degree,Associate's degree,"{'min': '', 'max': '', 'currency': '', 'period': '', 'summary': ''}",,,,On-site,"St. Louis, Missouri",St. Louis,Missouri,,5241,,Management Analysts,"[""Aluminum"", ""CDL Class A License""]","[""Aluminum""]",[],[],"[""CDL Class A License""]"
418297,2026-06-03,,,https://apply.workable.com/j/4B4DD3E0D7/apply,OTR Company Driver - CDL A - Tanker Driver,Management Analysts,OTR Company Driver - CDL A - Tanker Driver,0,Altom-Transport,False,"Full Time, Contract",,,False,Associate's degree,Associate's degree,"{'min': '', 'max': '', 'currency': '', 'period': '', 'summary': ''}",,,,On-site,"Naperville, Illinois",Naperville,Illinois,,5241,,Management Analysts,"[""Aluminum"", ""CDL Class A License""]","[""Aluminum""]",[],[],"[""CDL Class A License""]"
418299,2026-06-03,,,https://apply.workable.com/j/4BDE0230EB/apply,OTR Company Driver - CDL A - Tanker Driver,Management Analysts,OTR Company Driver - CDL A - Tanker Driver,0,Altom-Transport,False,"Full Time, Contract",,,False,Associate's degree,Associate's degree,"{'min': '', 'max': '', 'currency': '', 'period': '', 'summary': ''}",,,,On-site,"Chicago, Illinois",Chicago,Illinois,,5241,,Management Analysts,"[""Aluminum"", ""CDL Class A License""]","[""Aluminum""]",[],[],"[""CDL Class A License""]"
418316,2026-06-03,,,https://apply.workable.com/j/552C7B7E66/apply,OTR Company Driver - CDL A - Tanker Driver,Management Analysts,OTR Company Driver - CDL A - Tanker Driver,0,Altom-Transport,False,"Full Time, Contract",,,False,Associate's degree,Associate's degree,"{'min': '', 'max': '', 'currency': '', 'period': '', 'summary': ''}",,,,On-site,"Indianapolis, Indiana",Indianapolis,Indiana,,5241,,Management Analysts,"[""Aluminum"", ""CDL Class A License""]","[""Aluminum""]",[],[],"[""CDL Class A License""]"
418337,2026-06-03,,,https://apply.workable.com/j/5EE32588DF/apply,OTR Company Driver - CDL A - Tanker Driver,Management Analysts,OTR Company Driver - CDL A - Tanker Driver,0,Altom-Transport,False,"Full Time, Contract",,,False,Associate's degree,Associate's degree,"{'min': '', 'max': '', 'currency': '', 'period': '', 'summary': ''}",,,,On-site,"Dayton, Ohio",Dayton,Ohio,,5241,,Management Analysts,"[""Aluminum"", ""CDL Class A License""]","[""Aluminum""]",[],[],"[""CDL Class A License""]"
418352,2026-06-03,,,https://apply.workable.com/j/65B0DEDA9A/apply,OTR Company Driver - CDL A - Tanker Driver,Management Analysts,OTR Company Driver - CDL A - Tanker Driver,0,Altom-Transport,False,"Full Time, Contract",,,False,Associate's degree,Associate's degree,"{'min': '', 'max': '', 'currency': '', 'period': '', 'summary': ''}",,,,On-site,"Saint Gabriel, Louisiana",Saint Gabriel,Louisiana,,5241,,Management Analysts,"[""Aluminum"", ""CDL Class A License""]","[""Aluminum""]",[],[],"[""CDL Class A License""]"
418376,2026-06-03,,,https://apply.workable.com/j/6F40AB561F/apply,OTR Company Driver - CDL A - Tanker Driver,Management Analysts,OTR Company Driver - CDL A - Tanker Driver,0,Altom-Transport,False,"Full Time, Contract",,,False,Associate's degree,Associate's degree,"{'min': '', 'max': '', 'currency': '', 'period': '', 'summary': ''}",,,,On-site,"Detroit, Michigan",Detroit,Michigan,,5241,,Management Analysts,"[""Aluminum"", ""CDL Class A License""]","[""Aluminum""]",[],[],"[""CDL Class A License""]"
418401,2026-06-03,,,https://apply.workable.com/j/751312AD85/apply,OTR Company Driver - CDL A - Tanker Driver,Management Analysts,OTR Company Driver - CDL A - Tanker Driver,0,Altom-Transport,False,"Full Time, Contract",,,False,Associate's degree,Associate's degree,"{'min': '', 'max': '', 'currency': '', 'period': '', 'summary': ''}",,,,On-site,"Pittsburgh, Pennsylvania",Pittsburgh,Pennsylvania,,5241,,Management Analysts,"[""Aluminum"", ""CDL Class A License""]","[""Aluminum""]",[],[],"[""CDL Class A License""]"
418416,2026-06-03,,,https://apply.workable.com/j/7A9B625627/apply,OTR Company Driver - CDL A - Tanker Driver,Management Analysts,OTR Company Driver - CDL A - Tanker Driver,0,Altom-Transport,False,"Full Time, Contract",,,False,Associate's degree,Associate's degree,"{'min': '', 'max': '', 'currency': '', 'period': '', 'summary': ''}",,,,On-site,"Beaumont, Texas",Beaumont,Texas,,5241,,Management Analysts,"[""Aluminum"", ""CDL Class A License""]","[""Aluminum""]",[],[],"[""CDL Class A License""]"
418438,2026-06-03,,,https://apply.workable.com/j/825C032E9F/apply,OTR Company Driver - CDL A - Tanker Driver,Management Analysts,OTR Company Driver - CDL A - Tanker Driver,0,Altom-Transport,False,"Full Time, Contract",,,False,Associate's degree,Associate's degree,"{'min': '', 'max': '', 'currency': '', 'period': '', 'summary': ''}",,,,On-site,"New York, New York",New York,New York,"New York-Newark-Jersey City, NY-NJ",5241,,Management Analysts,"[""Aluminum"", ""CDL Class A License""]","[""Aluminum""]",[],[],"[""CDL Class A License""]"
418473,2026-06-03,,,https://apply.workable.com/j/8D28391194/apply,OTR Company Driver - CDL A - Tanker Driver,Management Analysts,OTR Company Driver - CDL A - Tanker Driver,0,Altom-Transport,False,"Full Time, Contract",,,False,Associate's degree,Associate's degree,"{'min': '', 'max': '', 'currency': '', 'period': '', 'summary': ''}",,,,On-site,"Baton Rouge, Louisiana",Baton Rouge,Louisiana,,5241,,Management Analysts,"[""Aluminum"", ""CDL Class A License""]","[""Aluminum""]",[],[],"[""CDL Class A License""]"
418540,2026-06-03,,,https://apply.workable.com/j/A60C24BFE0/apply,OTR Company Driver - CDL A - Tanker Driver,Management Analysts,OTR Company Driver - CDL A - Tanker Driver,0,Altom-Transport,False,"Full Time, Contract",,,False,Associate's degree,Associate's degree,"{'min': '', 'max': '', 'currency': '', 'period': '', 'summary': ''}",,,,On-site,"Tyler, Texas",Tyler,Texas,,5241,,Management Analysts,"[""Aluminum"", ""CDL Class A License""]","[""Aluminum""]",[],[],"[""CDL Class A License""]"
418579,2026-06-03,,,https://apply.workable.com/j/B5696A6191/apply,OTR Company Driver - CDL A - Tanker Driver,Management Analysts,OTR Company Driver - CDL A - Tanker Driver,0,Altom-Transport,False,"Full Time, Contract",,,False,Associate's degree,Associate's degree,"{'min': '', 'max': '', 'currency': '', 'period': '', 'summary': ''}",,,,On-site,"Toledo, Ohio",Toledo,Ohio,,5241,,Management Analysts,"[""Aluminum"", ""CDL Class A License""]","[""Aluminum""]",[],[],"[""CDL Class A License""]"
418592,2026-06-03,,,https://apply.workable.com/j/B88B59ED19/apply,OTR Company Driver - CDL A - Tanker Driver,Management Analysts,OTR Company Driver - CDL A - Tanker Driver,0,Altom-Transport,False,"Full Time, Contract",,,False,Associate's degree,Associate's degree,"{'min': '', 'max': '', 'currency': '', 'period': '', 'summary': ''}",,,,On-site,"College Station, Texas",College Station,Texas,,5241,,Management Analysts,"[""Aluminum"", ""CDL Class A License""]","[""Aluminum""]",[],[],"[""CDL Class A License""]"
418644,2026-06-03,,,https://apply.workable.com/j/C81D655253/apply,OTR Company Driver - CDL A - Tanker Driver,Management Analysts,OTR Company Driver - CDL A - Tanker Driver,0,Altom-Transport,False,"Full Time, Contract",,,False,Associate's degree,Associate's degree,"{'min': '', 'max': '', 'currency': '', 'period': '', 'summary': ''}",,,,On-site,"Cincinnati, Ohio",Cincinnati,Ohio,,5241,,Management Analysts,"[""Aluminum"", ""CDL Class A License""]","[""Aluminum""]",[],[],"[""CDL Class A License""]"
418651,2026-06-03,,,https://apply.workable.com/j/CAE7B7CF5B/apply,OTR Company Driver - CDL A - Tanker Driver,Management Analysts,OTR Company Driver - CDL A - Tanker Driver,0,Altom-Transport,False,"Full Time, Contract",,,False,Associate's degree,Associate's degree,"{'min': '', 'max': '', 'currency': '', 'period': '', 'summary': ''}",,,,On-site,"Rockford, Illinois",Rockford,Illinois,,5241,,Management Analysts,"[""Aluminum"", ""CDL Class A License""]","[""Aluminum""]",[],[],"[""CDL Class A License""]"
418657,2026-06-03,,,https://apply.workable.com/j/CC02F96ECD/apply,OTR Company Driver - CDL A - Tanker Driver,Management Analysts,OTR Company Driver - CDL A - Tanker Driver,0,Altom-Transport,False,"Full Time, Contract",,,False,Associate's degree,Associate's degree,"{'min': '', 'max': '', 'currency': '', 'period': '', 'summary': ''}",,,,On-site,"Nashville, Tennessee",Nashville,Tennessee,,5241,,Management Analysts,"[""Aluminum"", ""CDL Class A License""]","[""Aluminum""]",[],[],"[""CDL Class A License""]"
418660,2026-06-03,,,https://apply.workable.com/j/CD2AEC7A89/apply,OTR Company Driver - CDL A - Tanker Driver,Management Analysts,OTR Company Driver - CDL A - Tanker Driver,0,Altom-Transport,False,"Full Time, Contract",,,False,Associate's degree,Associate's degree,"{'min': '', 'max': '', 'currency': '', 'period': '', 'summary': ''}",,,,On-site,"Cleveland, Ohio",Cleveland,Ohio,,5241,,Management Analysts,"[""Aluminum"", ""CDL Class A License""]","[""Aluminum""]",[],[],"[""CDL Class A License""]"
418696,2026-06-03,,,https://apply.workable.com/j/D7D2FC4779/apply,OTR Company Driver - CDL A - Tanker Driver,Management Analysts,OTR Company Driver - CDL A - Tanker Driver,0,Altom-Transport,False,"Full Time, Contract",,,False,Associate's degree,Associate's degree,"{'min': '', 'max': '', 'currency': '', 'period': '', 'summary': ''}",,,,On-site,"Mobile, Alabama",Mobile,Alabama,,5241,,Management Analysts,"[""Aluminum"", ""CDL Class A License""]","[""Aluminum""]",[],[],"[""CDL Class A License""]"
418698,2026-06-03,,,https://apply.workable.com/j/D931E9D07C/apply,OTR Company Driver - CDL A - Tanker Driver,Management Analysts,OTR Company Driver - CDL A - Tanker Driver,0,Altom-Transport,False,"Full Time, Contract",,,False,Associate's degree,Associate's degree,"{'min': '', 'max': '', 'currency': '', 'period': '', 'summary': ''}",,,,On-site,"Hammond, Indiana",Hammond,Indiana,,5241,,Management Analysts,"[""Aluminum"", ""CDL Class A License""]","[""Aluminum""]",[],[],"[""CDL Class A License""]"
418730,2026-06-03,,,https://apply.workable.com/j/E1C2D2D817/apply,OTR Company Driver - CDL A - Tanker Driver,Management Analysts,OTR Company Driver - CDL A - Tanker Driver,0,Altom-Transport,False,"Full Time, Contract",,,False,Associate's degree,Associate's degree,"{'min': '', 'max': '', 'currency': '', 'period': '', 'summary': ''}",,,,On-site,"Fort Wayne, Indiana",Fort Wayne,Indiana,,5241,,Management Analysts,"[""Aluminum"", ""CDL Class A License""]","[""Aluminum""]",[],[],"[""CDL Class A License""]"
418746,2026-06-03,,,https://apply.workable.com/j/E93C738E96/apply,OTR Company Driver - CDL A - Tanker Driver,Management Analysts,OTR Company Driver - CDL A - Tanker Driver,0,Altom-Transport,False,"Full Time, Contract",,,False,Associate's degree,Associate's degree,"{'min': '', 'max': '', 'currency': '', 'period': '', 'summary': ''}",,,,On-site,"Joliet, Illinois",Joliet,Illinois,,5241,,Management Analysts,"[""Aluminum"", ""CDL Class A License""]","[""Aluminum""]",[],[],"[""CDL Class A License""]"
418763,2026-06-03,,,https://apply.workable.com/j/F079EEEB33/apply,OTR Company Driver - CDL A - Tanker Driver,Management Analysts,OTR Company Driver - CDL A - Tanker Driver,0,Altom-Transport,False,"Full Time, Contract",,,False,Associate's degree,Associate's degree,"{'min': '', 'max': '', 'currency': '', 'period': '', 'summary': ''}",,,,On-site,"Pasadena, Texas",Pasadena,Texas,,5241,,Management Analysts,"[""Aluminum"", ""CDL Class A License""]","[""Aluminum""]",[],[],"[""CDL Class A License""]"
418798,2026-06-03,,,https://apply.workable.com/j/FD1B5AD6EF/apply,OTR Company Driver - CDL A - Tanker Driver,Management Analysts,OTR Company Driver - CDL A - Tanker Driver,0,Altom-Transport,False,"Full Time, Contract",,,False,Associate's degree,Associate's degree,"{'min': '', 'max': '', 'currency': '', 'period': '', 'summary': ''}",,,,On-site,"Louisville, Kentucky",Louisville,Kentucky,,5241,,Management Analysts,"[""Aluminum"", ""CDL Class A License""]","[""Aluminum""]",[],[],"[""CDL Class A License""]"
159953,2026-06-05,,,https://nutrigreentulsa.bamboohr.com/careers/45,Office & Customer Experience Manager - Lawn and Pest Control Industry,Management Analysts,Office & Customer Experience Manager - Lawn and Pest Control Industry,0,Nutri Green Lawn Treatment & Weed Control,False,Full Time,,,False,Associate's degree,Associate's degree,USD 60000 per YEAR,60000.0,60000.0,annual,On-site,"Kiefer, Oklahoma, United States",Oklahoma,United States,,5241,,Management Analysts,"[""Accountability""]",[],"[""Accountability""]",[],[]
164544,2026-06-05,,,https://sci.wd5.myworkdayjobs.com/SCI/job/CA---Santa-Rosa/Office-Coordinator_Req163427,Office Coordinator,Management Analysts,Office Coordinator,0,Service Corporation International,False,Full Time,,,False,High school diploma or equivalent,Associate's degree,USD 24 - 26 per HOUR,24.0,26.0,hourly,Unknown,"Santa Rosa, California, United States",California,United States,,5241,,Management Analysts,"[""Accountability"", ""Accounts Payable""]","[""Accounts Payable""]","[""Accountability""]",[],[]
163536,2026-06-05,,,https://www.paycomonline.net/v4/ats/web.php/portal/902B461213211E2E52703B6504151F89/jobs/853860,Office Coordinator (79381),Management Analysts,Office Coordinator,0,Centurion Health,False,Full Time,,,False,High school diploma or equivalent,Bachelor's degree,USD 22 per HOUR,22.0,22.0,hourly,Unknown,"Taylorville, Illinois, United States",Illinois,United States,,5241,,Management Analysts,"[""Administrative Support""]","[""Administrative Support""]",[],[],[]
326133,2026-06-18,,,https://apply.workable.com/j/9F11F8EAB0/apply,Office Manager,Management Analysts,Office Manager,0,Ohagan-Meyer,False,Full Time,,,False,Associate's degree,Associate's degree,"{'min': '', 'max': '', 'currency': '', 'period': '', 'summary': ''}",,,,On-site,"Chicago, Illinois",Chicago,Illinois,,5241,,Management Analysts,"[""Accounting"", ""Building Management"", ""Business Operations""]","[""Accounting"", ""Building Management"", ""Business Operations""]",[],[],[]
247573,2026-06-25,,,https://jobs.ascension.org/job/453796,Office Operations Assistant,Management Analysts,Office Operations Assistant,0,Jobs.ascension.org,False,,,,False,Associate's degree,Associate's degree,"{'min': '', 'max': '', 'currency': '', 'period': '', 'summary': ''}",,,,Unknown,"Milwaukee, Wisconsin",Milwaukee,Wisconsin,,5241,,Management Analysts,,,,,
366407,2026-06-12,,,https://careers.marsh.com/job/R_355246,Oliver Wyman - Finance Coordinator,Management Analysts,Oliver Wyman - Finance Coordinator,0,Careers.marsh.com,False,,,,False,Bachelor's degree,Bachelor's degree,"{'min': '', 'max': '', 'currency': '', 'period': '', 'summary': ''}",,,,Unknown,"New York, New York",New York,New York,"New York-Newark-Jersey City, NY-NJ",5241,,Management Analysts,,,,,
226056,2026-06-09,,,https://recruiting.paylocity.com/Recruiting/Jobs/Details/4236523,Opening Cashier 4am to Noon at the Market at Mill Creek,Management Analysts,Opening Cashier 4am to Noon at the Market at Mill Creek,0,Tiger Fuel Company,False,Full Time,,,False,Bachelor's degree,Bachelor's degree,USD 14 - 16.50 Hourly,14.0,16.5,hourly,Unknown,"Charlottesville, Virginia",Charlottesville,Virginia,,5241,,Management Analysts,,,,,
328364,2026-06-17,,,https://contrarian-thinking.breezy.hr/p/73e8b7bfed27-operational-accountant,Operational Accountant,Management Analysts,Operational Accountant,0,Contrarian Thinking,False,"Full Time, Contract",,,False,Associate's degree,Associate's degree,"{'min': '', 'max': '', 'currency': '', 'period': '', 'summary': ''}",,,,Unknown,Austin,,Austin,,5241,,Management Analysts,"[""Accounting"", ""Accounting Operations"", ""Accounts Payable"", ""Accounts Receivable"", ""Accruals"", ""Bookkeeping"", ""Calculations""]","[""Accounting"", ""Accounting Operations"", ""Accounts Payable"", ""Accounts Receivable"", ""Accruals"", ""Bookkeeping"", ""Calculations""]",[],[],[]
248118,2026-06-25,,,https://job-boards.greenhouse.io/ethoslife/jobs/8605046002,Operations Account Manager,Management Analysts,Operations Account Manager,0,Ethoslife,False,Full Time,,,False,Associate's degree,Associate's degree,"{'min': '', 'max': '', 'currency': '', 'period': '', 'summary': ''}",,,,Remote,Remote,,Remote,,5241,,Management Analysts,"[""Account Management"", ""Banking""]","[""Account Management"", ""Banking""]",[],[],[]
391412,2026-06-09,,,https://apply.workable.com/j/98AE636100/apply,Operations Analyst,Management Analysts,Operations Analyst,0,Vitesse-Psp,False,,,,False,Associate's degree,Associate's degree,"{'min': '', 'max': '', 'currency': '', 'period': '', 'summary': ''}",,,,Hybrid,"New York, New York",New York,New York,"New York-Newark-Jersey City, NY-NJ",5241,,Management Analysts,"[""Acting"", ""Analytical Skills"", ""Banking""]","[""Acting"", ""Banking""]","[""Analytical Skills""]",[],[]
249654,2026-06-25,,,https://jobs.lever.co/jobgether/e0f6db7a-b267-47b3-b1d8-8fc64b7fa867/apply,Operations Analyst,Management Analysts,Operations Analyst,0,Jobgether,False,Full Time,,,False,Postsecondary nondegree award,Bachelor's degree,"{'min': '', 'max': '', 'currency': '', 'period': '', 'summary': ''}",,,,Remote,US,,,,5241,,Management Analysts,"[""Analytical Techniques"", ""Analytical Thinking"", ""Analytics"", ""Business Analytics"", ""Business Decisions"", ""Business Intelligence"", ""Business Intelligence Tools"", ""Business Objectives"", ""Business Requirements""]","[""Analytical Techniques"", ""Analytics"", ""Business Analytics"", ""Business Decisions"", ""Business Intelligence"", ""Business Intelligence Tools"", ""Business Requirements""]","[""Analytical Thinking"", ""Business Objectives""]",[],[]
347931,2026-06-15,,,https://jobs.ashbyhq.com/solace/bf74bb58-625a-469e-80ce-6a66d96f2509/application,Operations Associate,Management Analysts,Operations Associate,0,Solace,False,Full Time,,,False,Associate's degree,Associate's degree,"{'min': '', 'max': '', 'currency': '', 'period': '', 'summary': ''}",,,,Unknown,United States,,,,5241,,Management Analysts,"[""Advocacy"", ""Banking"", ""Billing""]","[""Banking"", ""Billing""]","[""Advocacy""]",[],[]
349934,2026-06-15,,,https://careers-wcgclinical.icims.com/jobs/1078/operations-coordinator/job?in_iframe=1,Operations Coordinator,Management Analysts,Operations Coordinator,0,Wcgclinical,False,,,,False,Bachelor's degree,Bachelor's degree,"{'min': '', 'max': '', 'currency': '', 'period': '', 'summary': ''}",,,,Remote,"Remote, Unavailable",Remote,Unavailable,,5241,,Management Analysts,,,,,
326656,2026-06-17,,,https://job-boards.greenhouse.io/saltbox/jobs/6008301004,Operations Lead- Warehouse,Management Analysts,Operations Lead- Warehouse,0,Saltbox,False,Full Time,,,False,Associate's degree,Associate's degree,"{'min': '', 'max': '', 'currency': '', 'period': '', 'summary': ''}",,,,Unknown,"Dallas, Texas",Dallas,Texas,,5241,,Management Analysts,"[""Account Management""]","[""Account Management""]",[],[],[]
86136,2026-06-05,,,https://recruitingbypaycor.com/career/JobIntroduction.action?clientId=8a7883d08d19fedb018d7ad623bc3ca4&id=8a7883a89e6b0bf7019e98f0d18274f8&source=&lang=en,Operations Manager,Management Analysts,Operations Manager,0,Andretti Indoor Karting & Games,False,Full Time,,,False,High school diploma or equivalent,Associate's degree,,,,,Unknown,"Fort Worth, Texas, United States",Texas,United States,,5241,,Management Analysts,"[""Accountability"", ""Cash Control"", ""Cash Handling""]","[""Cash Control"", ""Cash Handling""]","[""Accountability""]",[],[]
85363,2026-06-05,,,https://recruiting.paylocity.com/Recruiting/Jobs/Details/4230553,Operations Manager,Management Analysts,Operations Manager,0,Homegrown Tap & Dough Castle Rock LLC,False,Full Time,,,False,Bachelor's degree,Bachelor's degree,USD 65000 - 75000 per YEAR,65000.0,75000.0,annual,Unknown,"Castle Rock, Colorado, United States",Colorado,United States,,5241,,Management Analysts,"[""Career Development""]","[""Career Development""]",[],[],[]
13688,2026-05-24,,,https://salesforce.wd12.myworkdayjobs.com/en-US/External_Career_Site/job/California---San-Francisco/Operations-Manager--Data-Solutions_JR340193,Operations Manager (Data Solutions),Management Analysts,Operations Manager,0,Salesforce,False,Full Time,,,False,Associate's degree,Associate's degree,$140.9k - $193.7k per year,140900.0,193700.0,annual,Remote,"California - San Francisco, United States of America {{REMOTE}}",,,,5241,,Management Analysts,"[""Analytical Skills"", ""Business Operations"", ""Cascading""]","[""Business Operations"", ""Cascading""]","[""Analytical Skills""]",[],[]
85816,2026-06-05,,,https://recruiting.paylocity.com/Recruiting/Jobs/Details/4194876,Operations Specialist,Management Analysts,Operations Specialist,0,Lincoln Airport Authority,False,Full Time,,,False,Postsecondary nondegree award,Bachelor's degree,USD 25.74 - 38.62 per HOUR,25.74,38.62,hourly,Unknown,"Lincoln, Nebraska, United States",Nebraska,United States,,5241,,Management Analysts,"[""Airport Security"", ""Aviation""]","[""Airport Security"", ""Aviation""]",[],[],[]
86135,2026-06-05,,,https://recruitingbypaycor.com/career/JobIntroduction.action?clientId=8a7883d08d19fedb018d7ad623bc3ca4&id=8a7883a89e6b0bf7019e98f2b1e075a1&source=&lang=en,Operations Supervisor,Management Analysts,Operations Supervisor,0,Andretti Indoor Karting & Games,False,Full Time,,,False,Associate's degree,Associate's degree,,,,,Unknown,"Fort Worth, Texas, United States",Texas,United States,,5241,,Management Analysts,"[""Accountability"", ""Cash Control"", ""Cash Handling""]","[""Cash Control"", ""Cash Handling""]","[""Accountability""]",[],[]
425480,2026-06-01,,,https://job-boards.greenhouse.io/reflex/jobs/5238173008,Operations Support Manager,Management Analysts,Operations Support Manager,0,Reflex,False,Contract,,,False,Associate's degree,Associate's degree,"{'min': '', 'max': '', 'currency': '', 'period': '', 'summary': ''}",,,,Hybrid,"Austin, Texas",Austin,Texas,,5241,,Management Analysts,"[""Accountability"", ""Capacity Planning""]","[""Capacity Planning""]","[""Accountability""]",[],[]
376243,2026-06-10,,,https://sunday.teamtailor.com/jobs/7889676-operations-team-lead-nyc,Operations Team Lead - NYC,Management Analysts,Operations Team Lead - NYC,0,Sunday,False,,,,False,Associate's degree,Associate's degree,"{'min': '', 'max': '', 'currency': '', 'period': '', 'summary': ''}",,,,Remote,"New York, New York",New York,New York,"New York-Newark-Jersey City, NY-NJ",5241,,Management Analysts,"[""Account Management"", ""Acting""]","[""Account Management"", ""Acting""]",[],[],[]
292819,2026-06-22,,,https://jobs.ashbyhq.com/kin/77badb7d-0e3d-4968-b295-de9f8cbbdc63/application,"Operations Training Manager, Delivery",Management Analysts,"Operations Training Manager, Delivery",0,Kin,False,Full Time,,,False,Associate's degree,Doctoral or professional degree,"USD 100,000 - 115,000 Yearly",100000.0,115000.0,annual,Remote,Remote (),,Remote (),,5241,,Management Analysts,,,,,
83981,2026-06-04,,,https://workforcenow.adp.com/mascsr/default/mdf/recruitment/recruitment.html?cid=055b491d-4d43-4ef2-81f7-db6793a9e33a&jobId=553372,Outbound Activator,Management Analysts,Outbound Activator,0,Spinnaker Resorts,False,Full Time,,,False,Associate's degree,Associate's degree,USD 16 per HOUR,16.0,16.0,hourly,Unknown,"Myrtle Beach, South Carolina, United States",South Carolina,United States,,5241,,Management Analysts,,,,,
90838,2026-06-05,,,https://ats.rippling.com/dynamic-slr/jobs/e5d525b7-08c1-4529-b583-e4b8570af3a2,Outbound Sales Representative,Management Analysts,Outbound Sales Representative,0,Dynamic SLR,False,Full Time,,,False,Bachelor's degree,Bachelor's degree,USD 60000 - 100000 per YEAR,60000.0,100000.0,annual,Unknown,"Richardson, Texas, United States",Texas,United States,,5241,,Management Analysts,,,,,
88080,2026-06-05,,,https://recruiting.paylocity.com/Recruiting/Jobs/Details/4229413,"Outside Fuel Sales Representative - Carmel, IN",Management Analysts,"Outside Fuel Sales Representative - Carmel, IN",0,Great Lakes Petroleum,False,Full Time,,,False,Bachelor's degree,Bachelor's degree,,,,,Unknown,"Carmel, Indiana, United States",Indiana,United States,,5241,,Management Analysts,"[""Business Requirements""]","[""Business Requirements""]",[],[],[]
352699,2026-06-15,,,https://eluq.fa.us2.oraclecloud.com/?keyword=&mode=jobs&lang=en&site_number=CX_1#200125,PHARMACY/SR CERTIFIED TECH,Management Analysts,PHARMACY/SR CERTIFIED TECH,0,Eluq.fa.us2.oraclecloud.com,False,,,,False,High school diploma or equivalent,Associate's degree,"{'min': '', 'max': '', 'currency': '', 'period': '', 'summary': ''}",,,,Unknown,"Augusta, Kansas",Augusta,Kansas,,5241,,Management Analysts,"[""Accountability"", ""Adjudication""]","[""Adjudication""]","[""Accountability""]",[],[]
163888,2026-06-05,,,https://jobs.compassgroupcareers.com/United_States/job/BALTIMORE-PREMIUM-OPERATIONS-MANAGER-M&T-Bank-Stadium-MD-21230/1397261400/,PREMIUM OPERATIONS MANAGER - M&T Bank Stadium,Management Analysts,PREMIUM OPERATIONS MANAGER - M&T Bank Stadium,0,Compass Group,False,Full Time,,,False,Associate's degree,Master's degree,USD 65000 - 75000 per YEAR,65000.0,75000.0,annual,Unknown,"Baltimore, Maryland, United States",Maryland,United States,,5241,,Management Analysts,,,,,
91286,2026-06-05,,,https://recruitingbypaycor.com/career/JobIntroduction.action?clientId=8a7883c695f85390019625a81ece0fd2&id=8a78839f9c72dc3c019c7369f47a0df8&source=&lang=en,PT Kitchen Manager/Lead Cook,Management Analysts,PT Kitchen Manager/Lead Cook,0,Genesee Country Village & Museum,False,"Part Time, Temporary",,,False,Associate's degree,Associate's degree,USD 18 - 19 per HOUR,18.0,19.0,hourly,Unknown,"Town of Wheatland, New York, United States",New York,United States,,5241,,Management Analysts,,,,,
226037,2026-06-09,,,https://recruiting.paylocity.com/Recruiting/Jobs/Details/4236571,Part Time Day Shift Gas Station Cashier at Bellair,Management Analysts,Day Shift Gas Station Cashier at Bellair,0,Tiger Fuel Company,False,"Full Time, Part Time",,,False,Bachelor's degree,Bachelor's degree,USD 15 - 17.50 Hourly,15.0,17.5,hourly,Unknown,"Charlottesville, Virginia",Charlottesville,Virginia,,5241,,Management Analysts,,,,,
248852,2026-06-25,,,https://jobs.lever.co/jobgether/0eed2572-8e3e-49c8-9a12-df80898ad154/apply,"Partner Lead, Existing Business (Mid Market)",Management Analysts,"Partner Lead, Existing Business",0,Jobgether,False,Full Time,,,False,Associate's degree,Associate's degree,"{'min': '', 'max': '', 'currency': '', 'period': '', 'summary': ''}",,,,Remote,US,,,,5241,,Management Analysts,"[""Account Management"", ""Advertising Sales"", ""Analytics""]","[""Account Management"", ""Advertising Sales"", ""Analytics""]",[],[],[]
120830,2026-06-05,,,https://jobs.dayforcehcm.com/en-US/jet/DW/jobs/41811,Parts Clerk,Management Analysts,Parts Clerk,0,D&W Diesel Inc.,False,Full Time,,,False,Associate's degree,Associate's degree,USD 18 - 20 per HOUR,18.0,20.0,hourly,Unknown,"Auburn, New York, United States",New York,United States,,5241,,Management Analysts,,,,,
85265,2026-06-05,,,https://recruiting.paylocity.com/Recruiting/Jobs/Details/4230700,Parts Manager Charlotte,Management Analysts,Parts Manager Charlotte,0,MCT Companies,False,Contract,,,False,Bachelor's degree,Bachelor's degree,USD 26 - 30 per HOUR,26.0,30.0,hourly,Unknown,"Charlotte, North Carolina, United States",North Carolina,United States,,5241,,Management Analysts,"[""Accountability"", ""Career Development""]","[""Career Development""]","[""Accountability""]",[],[]
348494,2026-06-15,,,https://us-envoyair.icims.com/jobs/11866/passenger-services-allocator/job?hub=10&in_iframe=1,Passenger Services Allocator,Management Analysts,Passenger Services Allocator,0,Envoyair,False,Contract,,,False,High school diploma or equivalent,Associate's degree,"{'min': '', 'max': '', 'currency': '', 'period': '', 'summary': ''}",,,,Unknown,"Chicago, Illinois",Chicago,Illinois,,5241,,Management Analysts,,,,,
78659,2026-06-04,,,https://workforcenow.adp.com/mascsr/default/mdf/recruitment/recruitment.html?cid=d70f080d-6db1-4b5b-86bd-84cc3b99f2f9&jobId=520131,Patient Service Representative,Management Analysts,Patient Service Representative,0,"Central Florida Family Health Centers, INC",False,Full Time,,,False,High school diploma or equivalent,Associate's degree,,,,,Unknown,"Orlando, Florida, United States",Florida,United States,,5241,,Management Analysts,,,,,
157374,2026-06-05,,,https://lindeco.isolvedhire.com/jobs/1788824,Payroll & Benefits Administrator,Management Analysts,Payroll & Benefits Administrator,0,Linde,False,Full Time,,,False,Bachelor's degree,Bachelor's degree,"MonetaryAmount, USD, {'@type': 'QuantitativeValue', 'value': '', 'unitText': ''}",,,,Unknown,"Pittston Township, Pennsylvania, United States",Pennsylvania,United States,,5241,,Management Analysts,"[""Accounting"", ""Benefits Administration""]","[""Accounting"", ""Benefits Administration""]",[],[],[]
167095,2026-06-05,,,https://www.paycomonline.net/v4/ats/web.php/portal/3E73D4AE9999636E316320CEBB996399/jobs/332634,"Payroll Administrator (FT) (""Administrador/a de Nómina"")",Management Analysts,Payroll Administrator,0,Evans Hotels,False,Full Time,,,False,Postsecondary nondegree award,Associate's degree,USD 27.3 - 30.4 per HOUR,27.3,30.4,hourly,Unknown,"San Diego, California, United States",California,United States,,5241,,Management Analysts,"[""Accounting""]","[""Accounting""]",[],[],[]
93180,2026-06-05,,,https://workforcenow.adp.com/mascsr/default/mdf/recruitment/recruitment.html?cid=594d04f6-687c-4c4b-bb32-c723dff9cca3&jobId=1000439,Payroll Specialist,Management Analysts,Payroll Specialist,0,Universal Stainless & Alloy Products Inc,False,Full Time,,,False,Associate's degree,Bachelor's degree,USD 55000 - 65000 per YEAR,55000.0,65000.0,annual,Unknown,"Dunkirk, New York, United States",New York,United States,,5241,,Management Analysts,"[""Administrative Support"", ""ADP Payroll"", ""ADP Workforce Now""]","[""Administrative Support"", ""ADP Payroll"", ""ADP Workforce Now""]",[],[],[]
412450,2026-06-04,,,https://apply.workable.com/j/D276132B37/apply,Payroll Specialist,Management Analysts,Payroll Specialist,0,Ohagan-Meyer,False,Full Time,,,False,Associate's degree,Bachelor's degree,"{'min': '', 'max': '', 'currency': '', 'period': '', 'summary': ''}",,,,Hybrid,"Chicago, Illinois",Chicago,Illinois,,5241,,Management Analysts,"[""Business Administration""]",[],"[""Business Administration""]",[],[]
338045,2026-06-16,,,https://job-boards.greenhouse.io/chaosindustries/jobs/5166433007,People Operations Specialist,Management Analysts,People Operations Specialist,0,Chaosindustries,False,Full Time,,,False,Associate's degree,Associate's degree,"{'min': '', 'max': '', 'currency': '', 'period': '', 'summary': ''}",,,,On-site,"El Segundo, California",El Segundo,California,,5241,,Management Analysts,"[""Benefits Administration"", ""Calculations""]","[""Benefits Administration"", ""Calculations""]",[],[],[]
376299,2026-06-10,,,https://jobs.smartrecruiters.com/USPhysicalTherapy2/3743990013569216-physical-therapist-assistant-?oga=true,Physical Therapist Assistant,Management Analysts,Physical Therapist Assistant,0,Usphysicaltherapy2,False,"Full Time, Part Time",,,False,Bachelor's degree,Bachelor's degree,"{'min': '', 'max': '', 'currency': '', 'period': '', 'summary': ''}",,,,Hybrid,"Granville, Ohio",Granville,Ohio,,5241,,Management Analysts,,,,,
293099,2026-06-22,,,https://jobs.smartrecruiters.com/USPhysicalTherapy2/3743990013729986-physical-therapist-assistant?oga=true,Physical Therapist Assistant,Management Analysts,Physical Therapist Assistant,0,Usphysicaltherapy2,False,"Full Time, Part Time",,,False,Bachelor's degree,Bachelor's degree,"{'min': '', 'max': '', 'currency': '', 'period': '', 'summary': ''}",,,,Hybrid,"Lancaster, Ohio",Lancaster,Ohio,,5241,,Management Analysts,,,,,
362354,2026-06-12,,,https://job-boards.greenhouse.io/margaux/jobs/5236432008,Planning Inventory Operations Associate,Management Analysts,Planning Inventory Operations Associate,0,Margaux,False,"Full Time, Temporary",,,False,Associate's degree,Master's degree,"{'min': '', 'max': '', 'currency': '', 'period': '', 'summary': ''}",,,,On-site,"New York, New York",New York,New York,"New York-Newark-Jersey City, NY-NJ",5241,,Management Analysts,"[""Accountability"", ""Accounting"", ""Calendar Management"", ""Capacity Planning""]","[""Accounting"", ""Calendar Management"", ""Capacity Planning""]","[""Accountability""]",[],[]
239494,2026-06-26,,,https://emcm.fa.us2.oraclecloud.com/?keyword=&mode=jobs&lang=en&site_number=CX_1#2349670,Plant Associate,Management Analysts,Plant Associate,0,Emcm.fa.us2.oraclecloud.com,False,,,,False,Associate's degree,Associate's degree,"{'min': '', 'max': '', 'currency': '', 'period': '', 'summary': ''}",,,,Unknown,"Clinton, Illinois",Clinton,Illinois,,5241,,Management Analysts,,,,,
150758,2026-06-05,,,https://recruiting.paylocity.com/Recruiting/Jobs/Details/3798248,Plant Health Care Technician,Management Analysts,Plant Health Care Technician,0,Piscataqua Landscaping & Tree Service,False,"Full Time, Temporary",,,False,Associate's degree,Associate's degree,,,,,Unknown,"North Hampton, New Hampshire, United States",New Hampshire,United States,,5241,,Management Analysts,"[""Backpack Sprayers""]","[""Backpack Sprayers""]",[],[],[]
225695,2026-06-07,,,https://recruiting.paylocity.com/Recruiting/Jobs/Details/4233257,Pool Repair Technician,Management Analysts,Pool Repair Technician,0,ABC Home & Commercial Services - Texas,False,Full Time,,,False,Associate's degree,Associate's degree,USD 50000 - 60000 per YEAR,50000.0,60000.0,annual,Unknown,"San Antonio, Texas, United States",Texas,United States,,5241,,Management Analysts,,,,,
120832,2026-06-05,,,https://jobs.dayforcehcm.com/en-US/jet/DW/jobs/41815,Prep Shop Technician,Management Analysts,Prep Shop Technician,0,D&W Diesel Inc.,False,Full Time,,,False,Associate's degree,Associate's degree,USD 17 - 18 per HOUR,17.0,18.0,hourly,Unknown,"Auburn, New York, United States",New York,United States,,5241,,Management Analysts,,,,,
407788,2026-06-04,,,https://job-boards.greenhouse.io/babylist/jobs/6013527004,"Principal Counsel, Privacy",Management Analysts,"Principal Counsel, Privacy",0,Babylist,False,,,,False,Associate's degree,Doctoral or professional degree,"{'min': '', 'max': '', 'currency': '', 'period': '', 'summary': ''}",,,,Remote,United States,,,,5241,,Management Analysts,"[""Advising"", ""Build Tools"", ""Business Acumen""]","[""Build Tools""]","[""Advising"", ""Business Acumen""]",[],[]
282538,2026-06-23,,,https://jobs.lever.co/jobgether/12b31b94-54c5-47cd-b7ea-f22abe9ebc8c/apply,Principal Engineer - Mobile,Management Analysts,Principal Engineer - Mobile,0,Jobgether,False,Full Time,,,False,Associate's degree,Master's degree,"{'min': '', 'max': '', 'currency': '', 'period': '', 'summary': ''}",,,,Remote,US,,,,5241,,Management Analysts,"[""Analytics"", ""Business Priorities""]","[""Analytics"", ""Business Priorities""]",[],[],[]
406680,2026-06-04,,,https://boards.greenhouse.io/crunchyroll/jobs/7977032?gh_jid=7977032,"Principal Solutions Architect, Enterprise Technology",Management Analysts,"Principal Solutions Architect, Enterprise Technology",0,Crunchyroll,False,Contract,,,False,Associate's degree,Associate's degree,"{'min': '', 'max': '', 'currency': '', 'period': '', 'summary': ''}",,,,Hybrid,"Dallas, Texas",Dallas,Texas,,5241,,Management Analysts,"[""Accounting"", ""Anime"", ""Batch Processing"", ""Business Requirements""]","[""Accounting"", ""Anime"", ""Batch Processing"", ""Business Requirements""]",[],[],[]
83009,2026-06-04,,,https://boards.greenhouse.io/crunchyroll/jobs/7977032?gh_jid=7977032,"Principal Solutions Architect, Enterprise Technology",Management Analysts,"Principal Solutions Architect, Enterprise Technology",0,Crunchyroll,False,Contract,,,False,Associate's degree,Associate's degree,,,,,Hybrid,"Dallas, Texas, United States",Texas,United States,,5241,,Management Analysts,"[""Accounting"", ""Anime"", ""Batch Processing"", ""Business Requirements""]","[""Accounting"", ""Anime"", ""Batch Processing"", ""Business Requirements""]",[],[],[]
173973,2026-06-05,,,https://jobs.lever.co/jobgether/65dc6846-c659-4530-ae69-a6558602c59f,Principal UX Designer,Management Analysts,Principal UX Designer,0,Jobgether,False,Full Time,,,False,Associate's degree,Associate's degree,USD 169600 - 253000 per YEAR,169600.0,253000.0,annual,Remote,United States,,,,5241,,Management Analysts,"[""Brainstorming""]",[],"[""Brainstorming""]",[],[]
309274,2026-06-19,,,https://careers-emcorgroup.icims.com/jobs/50607/procurement-specialist/job?in_iframe=1,Procurement Specialist,Management Analysts,Procurement Specialist,0,Emcorgroup,False,Full Time,,,False,Associate's degree,Associate's degree,"{'min': '', 'max': '', 'currency': '', 'period': '', 'summary': ''}",,,,Unknown,"Tonawanda, New York",Tonawanda,New York,,5241,,Management Analysts,,,,,
281328,2026-06-23,,,https://jobs.gem.com/bilt/am9icG9zdDomdgsgAMh6F4vcm7KhuGLN,Product Specialist - Housing,Management Analysts,Product Specialist - Housing,0,Bilt,False,Full Time,,,False,Associate's degree,Associate's degree,"{'min': '', 'max': '', 'currency': '', 'period': '', 'summary': ''}",,,,Unknown,"New York, New York",New York,New York,"New York-Newark-Jersey City, NY-NJ",5241,,Management Analysts,"[""Analytical Skills"", ""Analytics"", ""Business Metrics""]","[""Analytics"", ""Business Metrics""]","[""Analytical Skills""]",[],[]
264423,2026-06-24,,,https://jobs.lever.co/jobgether/98506316-7387-4870-a356-200f12f29d73/apply,"Product Specialist, STEM",Management Analysts,"Product Specialist, STEM",0,Jobgether,False,Full Time,,,False,Associate's degree,Bachelor's degree,"{'min': '', 'max': '', 'currency': '', 'period': '', 'summary': ''}",,,,Remote,US,,,,5241,,Management Analysts,"[""Acting""]","[""Acting""]",[],[],[]
172011,2026-06-05,,,https://silgancontainers.wd1.myworkdayjobs.com/silgan/job/Napoleon-Ohio/Production-Worker_R7476,Production Worker,Management Analysts,Production Worker,0,Silgan Containers,False,Full Time,,,False,Postsecondary nondegree award,Associate's degree,USD 24.55 - 26.64 per HOUR,24.55,26.64,hourly,Unknown,"Napoleon, Ohio, United States",Ohio,United States,,5241,,Management Analysts,"[""Arithmetic"", ""Calculators""]",[],"[""Arithmetic"", ""Calculators""]",[],[]
154460,2026-06-05,,,https://recruiting.paylocity.com/Recruiting/Jobs/Details/4209085,Property Manager - Daniel Island Village,Management Analysts,Property Manager - Daniel Island Village,0,General Services Corporation (GSC),False,Full Time,,,False,Associate's degree,Associate's degree,,,,,On-site,"Charleston, South Carolina, United States",South Carolina,United States,,5241,,Management Analysts,"[""Cancer""]","[""Cancer""]",[],[],[]
425239,2026-06-02,,,https://apply.workable.com/j/DEBA36A67B/apply,Quality Control Lab Assistant,Management Analysts,Quality Control Lab Assistant,0,Irice-And-Company,False,Full Time,,,False,Associate's degree,Associate's degree,"{'min': '', 'max': '', 'currency': '', 'period': '', 'summary': ''}",,,,Unknown,"Philadelphia, Pennsylvania",Philadelphia,Pennsylvania,,5241,,Management Analysts,,,,,
404226,2026-06-05,,,https://egay.fa.us6.oraclecloud.com/?keyword=&mode=jobs&lang=en&site_number=CX_1#42115,Quality Technician,Management Analysts,Quality Technician,0,Egay.fa.us6.oraclecloud.com,False,,,,False,Bachelor's degree,Bachelor's degree,"{'min': '', 'max': '', 'currency': '', 'period': '', 'summary': ''}",,,,Unknown,"San Antonio, Texas",San Antonio,Texas,,5241,,Management Analysts,,,,,
323135,2026-06-18,,,https://egay.fa.us6.oraclecloud.com/?keyword=&mode=jobs&lang=en&site_number=CX_1#42386,Quality Technician - Night Shift,Management Analysts,Quality Technician - Night Shift,0,Egay.fa.us6.oraclecloud.com,False,,,,False,Bachelor's degree,Bachelor's degree,"{'min': '', 'max': '', 'currency': '', 'period': '', 'summary': ''}",,,,Unknown,"San Antonio, Texas",San Antonio,Texas,,5241,,Management Analysts,,,,,
348590,2026-06-15,,,https://us-envoyair.icims.com/jobs/12073/full-time-ramp-agent/job?hub=10&in_iframe=1,Ramp Agent,Management Analysts,Ramp Agent,0,Envoyair,False,Full Time,,,False,High school diploma or equivalent,Associate's degree,"{'min': '', 'max': '', 'currency': '', 'period': '', 'summary': ''}",,,,Unknown,"Albuquerque, New Mexico",Albuquerque,New Mexico,,5241,,Management Analysts,,,,,
144590,2026-06-05,,,https://careers.hireology.com/johnjonescollisioncenter/2780988/description,Receptionist,Management Analysts,Receptionist,0,John Jones Auto Group,False,Full Time,,,False,Bachelor's degree,Bachelor's degree,,,,,Unknown,"Salem, Indiana, United States",Indiana,United States,,5241,,Management Analysts,,,,,
88837,2026-06-05,,,https://jobs.smartrecruiters.com/SonicAutomotive/744000130569069-receptionist-audi-central-houston,Receptionist - Audi Central Houston,Management Analysts,Receptionist - Audi Central Houston,0,Sonic Automotive,False,Full Time,,,False,Associate's degree,Associate's degree,USD 18 - 20 per HOUR,18.0,20.0,hourly,Unknown,"Houston, Texas, United States",Texas,United States,,5241,,Management Analysts,,,,,
294964,2026-06-22,,,https://careers-ashton.icims.com/jobs/21507/receptionist-human-resources-assistant/job?in_iframe=1,Receptionist/Human Resources Assistant,Management Analysts,Receptionist/Human Resources Assistant,0,Ashton,False,Full Time,,,False,High school diploma or equivalent,Bachelor's degree,"{'min': '', 'max': '', 'currency': '', 'period': '', 'summary': ''}",,,,Unknown,"Fort Wayne, Indiana",Fort Wayne,Indiana,,5241,,Management Analysts,,,,,
337695,2026-06-17,,,https://apply.workable.com/j/B9FBCB2643/apply,Recruiter,Management Analysts,Recruiter,0,Tp-Link-USA-Corp,False,Full Time,,,False,Associate's degree,Bachelor's degree,"{'min': '', 'max': '', 'currency': '', 'period': '', 'summary': ''}",,,,On-site,"Irvine, California",Irvine,California,,5241,,Management Analysts,"[""Analytics"", ""Applicant Tracking Systems"", ""Benchmarking"", ""Branding"", ""Business Administration""]","[""Analytics"", ""Applicant Tracking Systems"", ""Benchmarking"", ""Branding""]","[""Business Administration""]",[],[]
164612,2026-06-05,,,https://roberthalf.wd1.myworkdayjobs.com/RobertHalfStaffingCareers/job/NASHVILLE-WEST-END/Recruiting-Manager_JR-260596,Recruiting Manager,Management Analysts,Recruiting Manager,0,Robert Half,True,"Full Time, Contract, Temporary",,,False,Associate's degree,Associate's degree,,,,,On-site,"Nashville, Tennessee, United States",Tennessee,United States,,5241,,Management Analysts,,,,,
327240,2026-06-17,,,https://job-boards.greenhouse.io/chaosindustries/jobs/5167386007,Recruiting Operations Manager,Management Analysts,Recruiting Operations Manager,0,Chaosindustries,False,,,,False,Associate's degree,Associate's degree,"{'min': '', 'max': '', 'currency': '', 'period': '', 'summary': ''}",,,,Hybrid,"El Segundo, California",El Segundo,California,,5241,,Management Analysts,,,,,
418075,2026-06-03,,,https://apply.workable.com/j/00BC156C8C/apply,Regional Company Driver - CDL A - Tanker Driver,Management Analysts,Regional Company Driver - CDL A - Tanker Driver,0,Altom-Transport,False,"Full Time, Contract",,,False,Associate's degree,Associate's degree,"{'min': '', 'max': '', 'currency': '', 'period': '', 'summary': ''}",,,,On-site,"Indianapolis, Indiana",Indianapolis,Indiana,,5241,,Management Analysts,"[""Aluminum"", ""CDL Class A License""]","[""Aluminum""]",[],[],"[""CDL Class A License""]"
418111,2026-06-03,,,https://apply.workable.com/j/0FE2DAE366/apply,Regional Company Driver - CDL A - Tanker Driver,Management Analysts,Regional Company Driver - CDL A - Tanker Driver,0,Altom-Transport,False,"Full Time, Contract",,,False,Associate's degree,Associate's degree,"{'min': '', 'max': '', 'currency': '', 'period': '', 'summary': ''}",,,,On-site,"Pittsburgh, Pennsylvania",Pittsburgh,Pennsylvania,,5241,,Management Analysts,"[""Aluminum"", ""CDL Class A License""]","[""Aluminum""]",[],[],"[""CDL Class A License""]"
418174,2026-06-03,,,https://apply.workable.com/j/260E2A178C/apply,Regional Company Driver - CDL A - Tanker Driver,Management Analysts,Regional Company Driver - CDL A - Tanker Driver,0,Altom-Transport,False,"Full Time, Contract",,,False,Associate's degree,Associate's degree,"{'min': '', 'max': '', 'currency': '', 'period': '', 'summary': ''}",,,,On-site,"Toledo, Ohio",Toledo,Ohio,,5241,,Management Analysts,"[""Aluminum"", ""CDL Class A License""]","[""Aluminum""]",[],[],"[""CDL Class A License""]"
418176,2026-06-03,,,https://apply.workable.com/j/2775504900/apply,Regional Company Driver - CDL A - Tanker Driver,Management Analysts,Regional Company Driver - CDL A - Tanker Driver,0,Altom-Transport,False,"Full Time, Contract",,,False,Associate's degree,Associate's degree,"{'min': '', 'max': '', 'currency': '', 'period': '', 'summary': ''}",,,,On-site,"Joliet, Illinois",Joliet,Illinois,,5241,,Management Analysts,"[""Aluminum"", ""CDL Class A License""]","[""Aluminum""]",[],[],"[""CDL Class A License""]"
418247,2026-06-03,,,https://apply.workable.com/j/3B4A8C8E8B/apply,Regional Company Driver - CDL A - Tanker Driver,Management Analysts,Regional Company Driver - CDL A - Tanker Driver,0,Altom-Transport,False,"Full Time, Contract",,,False,Associate's degree,Associate's degree,"{'min': '', 'max': '', 'currency': '', 'period': '', 'summary': ''}",,,,On-site,"Pasadena, Texas",Pasadena,Texas,,5241,,Management Analysts,"[""Aluminum"", ""CDL Class A License""]","[""Aluminum""]",[],[],"[""CDL Class A License""]"
418258,2026-06-03,,,https://apply.workable.com/j/3E87637225/apply,Regional Company Driver - CDL A - Tanker Driver,Management Analysts,Regional Company Driver - CDL A - Tanker Driver,0,Altom-Transport,False,"Full Time, Contract",,,False,Associate's degree,Associate's degree,"{'min': '', 'max': '', 'currency': '', 'period': '', 'summary': ''}",,,,On-site,"The Woodlands, Texas",The Woodlands,Texas,,5241,,Management Analysts,"[""Aluminum"", ""CDL Class A License""]","[""Aluminum""]",[],[],"[""CDL Class A License""]"
418264,2026-06-03,,,https://apply.workable.com/j/40B8BA93F6/apply,Regional Company Driver - CDL A - Tanker Driver,Management Analysts,Regional Company Driver - CDL A - Tanker Driver,0,Altom-Transport,False,"Full Time, Contract",,,False,Associate's degree,Associate's degree,"{'min': '', 'max': '', 'currency': '', 'period': '', 'summary': ''}",,,,On-site,"Dayton, Ohio",Dayton,Ohio,,5241,,Management Analysts,"[""Aluminum"", ""CDL Class A License""]","[""Aluminum""]",[],[],"[""CDL Class A License""]"
418272,2026-06-03,,,https://apply.workable.com/j/433A59FA82/apply,Regional Company Driver - CDL A - Tanker Driver,Management Analysts,Regional Company Driver - CDL A - Tanker Driver,0,Altom-Transport,False,"Full Time, Contract",,,False,Associate's degree,Associate's degree,"{'min': '', 'max': '', 'currency': '', 'period': '', 'summary': ''}",,,,On-site,"Cleveland, Ohio",Cleveland,Ohio,,5241,,Management Analysts,"[""Aluminum"", ""CDL Class A License""]","[""Aluminum""]",[],[],"[""CDL Class A License""]"
418293,2026-06-03,,,https://apply.workable.com/j/4874259389/apply,Regional Company Driver - CDL A - Tanker Driver,Management Analysts,Regional Company Driver - CDL A - Tanker Driver,0,Altom-Transport,False,"Full Time, Contract",,,False,Associate's degree,Associate's degree,"{'min': '', 'max': '', 'currency': '', 'period': '', 'summary': ''}",,,,On-site,"Beaumont, Texas",Beaumont,Texas,,5241,,Management Analysts,"[""Aluminum"", ""CDL Class A License""]","[""Aluminum""]",[],[],"[""CDL Class A License""]"
418314,2026-06-03,,,https://apply.workable.com/j/5221C346AC/apply,Regional Company Driver - CDL A - Tanker Driver,Management Analysts,Regional Company Driver - CDL A - Tanker Driver,0,Altom-Transport,False,"Full Time, Contract",,,False,Associate's degree,Associate's degree,"{'min': '', 'max': '', 'currency': '', 'period': '', 'summary': ''}",,,,On-site,"Warren, Michigan",Warren,Michigan,,5241,,Management Analysts,"[""Aluminum"", ""CDL Class A License""]","[""Aluminum""]",[],[],"[""CDL Class A License""]"
418347,2026-06-03,,,https://apply.workable.com/j/6335CA17CC/apply,Regional Company Driver - CDL A - Tanker Driver,Management Analysts,Regional Company Driver - CDL A - Tanker Driver,0,Altom-Transport,False,"Full Time, Contract",,,False,Associate's degree,Associate's degree,"{'min': '', 'max': '', 'currency': '', 'period': '', 'summary': ''}",,,,On-site,"Houston, Texas",Houston,Texas,,5241,,Management Analysts,"[""Aluminum"", ""CDL Class A License""]","[""Aluminum""]",[],[],"[""CDL Class A License""]"
418362,2026-06-03,,,https://apply.workable.com/j/69D2AFDAF1/apply,Regional Company Driver - CDL A - Tanker Driver,Management Analysts,Regional Company Driver - CDL A - Tanker Driver,0,Altom-Transport,False,"Full Time, Contract",,,False,Associate's degree,Associate's degree,"{'min': '', 'max': '', 'currency': '', 'period': '', 'summary': ''}",,,,On-site,"Lansing, Michigan",Lansing,Michigan,,5241,,Management Analysts,"[""Aluminum"", ""CDL Class A License""]","[""Aluminum""]",[],[],"[""CDL Class A License""]"
418426,2026-06-03,,,https://apply.workable.com/j/7EDC4A632D/apply,Regional Company Driver - CDL A - Tanker Driver,Management Analysts,Regional Company Driver - CDL A - Tanker Driver,0,Altom-Transport,False,"Full Time, Contract",,,False,Associate's degree,Associate's degree,"{'min': '', 'max': '', 'currency': '', 'period': '', 'summary': ''}",,,,On-site,"Nashville, Tennessee",Nashville,Tennessee,,5241,,Management Analysts,"[""Aluminum"", ""CDL Class A License""]","[""Aluminum""]",[],[],"[""CDL Class A License""]"
418460,2026-06-03,,,https://apply.workable.com/j/87BCAC376A/apply,Regional Company Driver - CDL A - Tanker Driver,Management Analysts,Regional Company Driver - CDL A - Tanker Driver,0,Altom-Transport,False,"Full Time, Contract",,,False,Associate's degree,Associate's degree,"{'min': '', 'max': '', 'currency': '', 'period': '', 'summary': ''}",,,,On-site,"Cincinnati, Ohio",Cincinnati,Ohio,,5241,,Management Analysts,"[""Aluminum"", ""CDL Class A License""]","[""Aluminum""]",[],[],"[""CDL Class A License""]"
418476,2026-06-03,,,https://apply.workable.com/j/8EFF4FD116/apply,Regional Company Driver - CDL A - Tanker Driver,Management Analysts,Regional Company Driver - CDL A - Tanker Driver,0,Altom-Transport,False,"Full Time, Contract",,,False,Associate's degree,Associate's degree,"{'min': '', 'max': '', 'currency': '', 'period': '', 'summary': ''}",,,,On-site,"Columbus, Ohio",Columbus,Ohio,,5241,,Management Analysts,"[""Aluminum"", ""CDL Class A License""]","[""Aluminum""]",[],[],"[""CDL Class A License""]"
418479,2026-06-03,,,https://apply.workable.com/j/8FCBDA4FE9/apply,Regional Company Driver - CDL A - Tanker Driver,Management Analysts,Regional Company Driver - CDL A - Tanker Driver,0,Altom-Transport,False,"Full Time, Contract",,,False,Associate's degree,Associate's degree,"{'min': '', 'max': '', 'currency': '', 'period': '', 'summary': ''}",,,,On-site,"Lufkin, Texas",Lufkin,Texas,,5241,,Management Analysts,"[""Aluminum"", ""CDL Class A License""]","[""Aluminum""]",[],[],"[""CDL Class A License""]"
418576,2026-06-03,,,https://apply.workable.com/j/B46665D115/apply,Regional Company Driver - CDL A - Tanker Driver,Management Analysts,Regional Company Driver - CDL A - Tanker Driver,0,Altom-Transport,False,"Full Time, Contract",,,False,Associate's degree,Associate's degree,"{'min': '', 'max': '', 'currency': '', 'period': '', 'summary': ''}",,,,On-site,"Atlanta, Georgia",Atlanta,Georgia,,5241,,Management Analysts,"[""Aluminum"", ""CDL Class A License""]","[""Aluminum""]",[],[],"[""CDL Class A License""]"
418684,2026-06-03,,,https://apply.workable.com/j/D2D2157C33/apply,Regional Company Driver - CDL A - Tanker Driver,Management Analysts,Regional Company Driver - CDL A - Tanker Driver,0,Altom-Transport,False,"Full Time, Contract",,,False,Associate's degree,Associate's degree,"{'min': '', 'max': '', 'currency': '', 'period': '', 'summary': ''}",,,,On-site,"Ann Arbor, Michigan",Ann Arbor,Michigan,,5241,,Management Analysts,"[""Aluminum"", ""CDL Class A License""]","[""Aluminum""]",[],[],"[""CDL Class A License""]"
418701,2026-06-03,,,https://apply.workable.com/j/D9C8FC802E/apply,Regional Company Driver - CDL A - Tanker Driver,Management Analysts,Regional Company Driver - CDL A - Tanker Driver,0,Altom-Transport,False,"Full Time, Contract",,,False,Associate's degree,Associate's degree,"{'min': '', 'max': '', 'currency': '', 'period': '', 'summary': ''}",,,,On-site,"Hammond, Indiana",Hammond,Indiana,,5241,,Management Analysts,"[""Aluminum"", ""CDL Class A License""]","[""Aluminum""]",[],[],"[""CDL Class A License""]"
418709,2026-06-03,,,https://apply.workable.com/j/DC981DD043/apply,Regional Company Driver - CDL A - Tanker Driver,Management Analysts,Regional Company Driver - CDL A - Tanker Driver,0,Altom-Transport,False,"Full Time, Contract",,,False,Associate's degree,Associate's degree,"{'min': '', 'max': '', 'currency': '', 'period': '', 'summary': ''}",,,,On-site,"College Station, Texas",College Station,Texas,,5241,,Management Analysts,"[""Aluminum"", ""CDL Class A License""]","[""Aluminum""]",[],[],"[""CDL Class A License""]"
418726,2026-06-03,,,https://apply.workable.com/j/E0BF374F6F/apply,Regional Company Driver - CDL A - Tanker Driver,Management Analysts,Regional Company Driver - CDL A - Tanker Driver,0,Altom-Transport,False,"Full Time, Contract",,,False,Associate's degree,Associate's degree,"{'min': '', 'max': '', 'currency': '', 'period': '', 'summary': ''}",,,,On-site,"Detroit, Michigan",Detroit,Michigan,,5241,,Management Analysts,"[""Aluminum"", ""CDL Class A License""]","[""Aluminum""]",[],[],"[""CDL Class A License""]"
418742,2026-06-03,,,https://apply.workable.com/j/E74CD6C676/apply,Regional Company Driver - CDL A - Tanker Driver,Management Analysts,Regional Company Driver - CDL A - Tanker Driver,0,Altom-Transport,False,"Full Time, Contract",,,False,Associate's degree,Associate's degree,"{'min': '', 'max': '', 'currency': '', 'period': '', 'summary': ''}",,,,On-site,"Lafayette, Indiana",Lafayette,Indiana,,5241,,Management Analysts,"[""Aluminum"", ""CDL Class A License""]","[""Aluminum""]",[],[],"[""CDL Class A License""]"
418743,2026-06-03,,,https://apply.workable.com/j/E7C764551B/apply,Regional Company Driver - CDL A - Tanker Driver,Management Analysts,Regional Company Driver - CDL A - Tanker Driver,0,Altom-Transport,False,"Full Time, Contract",,,False,Associate's degree,Associate's degree,"{'min': '', 'max': '', 'currency': '', 'period': '', 'summary': ''}",,,,On-site,"Chicago, Illinois",Chicago,Illinois,,5241,,Management Analysts,"[""Aluminum"", ""CDL Class A License""]","[""Aluminum""]",[],[],"[""CDL Class A License""]"
378461,2026-06-10,,,https://careers-stardental.icims.com/jobs/2985/regional-director-of-operations/job?in_iframe=1,Regional Director of Operations,Management Analysts,Regional Director of Operations,0,Stardental,False,Full Time,,,False,Associate's degree,Associate's degree,"{'min': '', 'max': '', 'currency': '', 'period': '', 'summary': ''}",,,,Unknown,"Plano, Texas",Plano,Texas,,5241,,Management Analysts,,,,,
249972,2026-06-25,,,https://careers-mrocorp.icims.com/jobs/1293/regional-operations-manager%2c-health-information-management/job?in_iframe=1,"Regional Operations Manager, Health Information Management",Management Analysts,"Regional Operations Manager, Health Information Management",0,Mrocorp,False,Full Time,,,False,Associate's degree,Associate's degree,"{'min': '', 'max': '', 'currency': '', 'period': '', 'summary': ''}",,,,Unknown,"St Paul, Minnesota",St Paul,Minnesota,,5241,,Management Analysts,,,,,
414513,2026-06-03,,,https://careers-primehealthcare.icims.com/jobs/260579/regional-vice-president%2c-medical-group-operations/job?in_iframe=1,"Regional Vice President, Medical Group Operations",Management Analysts,"Regional Vice President, Medical Group Operations",0,Primehealthcare,False,Full Time,,,False,Bachelor's degree,Bachelor's degree,"{'min': '', 'max': '', 'currency': '', 'period': '', 'summary': ''}",,,,Unknown,"Lewiston, Maine",Lewiston,Maine,,5241,,Management Analysts,"[""Accounting"", ""Administrative Support"", ""Billing""]","[""Accounting"", ""Administrative Support"", ""Billing""]",[],[],[]
398122,2026-06-08,,,https://apply.workable.com/j/525E129846/apply,Removal Defense Attorney (Criminal Law Background),Management Analysts,Removal Defense Attorney,0,Mangonelawfirm,True,Full Time,,,False,Master's degree,Master's degree,"{'min': '', 'max': '', 'currency': '', 'period': '', 'summary': ''}",,,,On-site,"Morris Plains, New Jersey",Morris Plains,New Jersey,,5241,,Management Analysts,,,,,
326860,2026-06-17,,,https://indiecampers.com/discover/en-us/careers/8597655002?gh_jid=8597655002,Rental Sales Agent,Management Analysts,Rental Sales Agent,0,Indiecampers,False,,,,False,Bachelor's degree,Bachelor's degree,"{'min': '', 'max': '', 'currency': '', 'period': '', 'summary': ''}",,,,Unknown,"Bozeman, Montana",Bozeman,Montana,,5241,,Management Analysts,"[""Career Development""]","[""Career Development""]",[],[],[]
74757,2026-06-05,,,https://recruiting.paylocity.com/Recruiting/Jobs/Details/4227714,Restaurant Assistant Manager,Management Analysts,Restaurant Assistant Manager,0,DiBella's Subs,False,Full Time,,,False,Associate's degree,Master's degree,USD 19.5 - 23 per HOUR,19.5,23.0,hourly,Unknown,"Rochester, New York, United States",New York,United States,,5241,,Management Analysts,,,,,
179175,2026-06-05,2027-06-05,365.0,https://careers-leye.icims.com/jobs/2023/restaurant-manager/job,Restaurant Manager,Management Analysts,Restaurant Manager,0,Twin City Grill,False,Full Time,,,False,Associate's degree,Associate's degree,USD 55000 - 70000 per YEAR,55000.0,70000.0,annual,Unknown,"Bloomington, Minnesota, United States",Minnesota,United States,,5241,,Management Analysts,,,,,
74756,2026-06-05,,,https://recruiting.paylocity.com/Recruiting/Jobs/Details/4227749,Restaurant Shift Manager,Management Analysts,Restaurant Shift Manager,0,DiBella's Subs,False,Part Time,,,False,Associate's degree,Master's degree,USD 17.5 - 19 per HOUR,17.5,19.0,hourly,Unknown,"Rochester, New York, United States",New York,United States,,5241,,Management Analysts,,,,,
317623,2026-06-18,,,https://jobs.smartrecruiters.com/VuoriInc/744000132915392-retail-sales-associate-inventory-focused-?oga=true,Retail Sales Associate - Inventory Focused,Management Analysts,Retail Sales Associate - Inventory Focused,0,Vuoriinc,False,Part Time,,,False,Associate's degree,Associate's degree,"{'min': '', 'max': '', 'currency': '', 'period': '', 'summary': ''}",,,,Unknown,"Palm Beach Gardens, Florida",Palm Beach Gardens,Florida,,5241,,Management Analysts,"[""Accountability""]",[],"[""Accountability""]",[],[]
74830,2026-06-05,,,https://recruiting.paylocity.com/Recruiting/Jobs/Details/3654045,Retail Sales Representative,Management Analysts,Retail Sales Representative,0,Garage Door Partners,False,Full Time,,,False,Bachelor's degree,Bachelor's degree,USD 70000 - 120000 per YEAR,70000.0,120000.0,annual,Unknown,"Naples, Florida, United States",Florida,United States,,5241,,Management Analysts,,,,,
86570,2026-06-05,,,https://recruiting.paylocity.com/Recruiting/Jobs/Details/4229584,Retail Store Manager,Management Analysts,Retail Store Manager,0,Wild Bill's Tobacco,False,Full Time,,,False,High school diploma or equivalent,Associate's degree,,,,,Unknown,"Gaylord, Michigan, United States",Michigan,United States,,5241,,Management Analysts,"[""Branding"", ""Business Decisions"", ""Cash Handling"", ""Cash Reconciliation""]","[""Branding"", ""Business Decisions"", ""Cash Handling"", ""Cash Reconciliation""]",[],[],[]
227076,2026-06-22,,,https://jobs.workable.com/view/ivBAuLFFFWrn5CcHTbNBe9/remote-revenue-operations-analyst%2C-revenue-intelligence-%26-ai-gtm-systems-in-united-states-at-hsi,"Revenue Operations Analyst, Revenue Intelligence & AI GTM Systems",Management Analysts,"Revenue Operations Analyst, Revenue Intelligence & AI GTM Systems",0,HSI,False,Full Time,,,False,Associate's degree,Associate's degree,,,,,Unknown,United States,,,,5241,,Management Analysts,"[""Accountability"", ""AI Agents"", ""Analytics"", ""Automation""]","[""AI Agents"", ""Analytics"", ""Automation""]","[""Accountability""]",[],[]
265748,2026-06-24,,,https://jobs.lever.co/jobgether/8e1b91cc-31e9-44bd-aa81-2af9804821d1/apply,Revenue Operations Associate,Management Analysts,Revenue Operations Associate,0,Jobgether,False,Full Time,,,False,Associate's degree,Associate's degree,"{'min': '', 'max': '', 'currency': '', 'period': '', 'summary': ''}",,,,Remote,US,,,,5241,,Management Analysts,"[""Analytical Skills"", ""Analytics"", ""Automation"", ""Banking"", ""Business Intelligence"", ""Business Intelligence Tools"", ""Business Operations""]","[""Analytics"", ""Automation"", ""Banking"", ""Business Intelligence"", ""Business Intelligence Tools"", ""Business Operations""]","[""Analytical Skills""]",[],[]
141978,2026-06-04,,,https://ats.rippling.com/storesight/jobs/f2a2fd83-1dba-4a77-8a37-db4ec9e85da8,Revenue Operations Manager,Management Analysts,Revenue Operations Manager,0,Plum Marketplace,False,Contract,,,False,Associate's degree,Associate's degree,,,,,Unknown,"Quinte West, Ontario, Canada, Fayetteville, Arkansas, United States, Chicago, Illinois, United States",Illinois,United States,,5241,,Management Analysts,"[""Analytics"", ""Automation"", ""Billing"", ""Calculations""]","[""Analytics"", ""Automation"", ""Billing"", ""Calculations""]",[],[],[]
87548,2026-06-05,,,https://job-boards.greenhouse.io/appspace/jobs/6015408004,Revenue Operations Manager,Management Analysts,Revenue Operations Manager,0,Appspace,False,Full Time,,,False,Associate's degree,Bachelor's degree,,,,,Remote,"Tampa, Florida, United States",Florida,United States,,5241,,Management Analysts,"[""Accountability"", ""Analytics"", ""Automation""]","[""Analytics"", ""Automation""]","[""Accountability""]",[],[]
400669,2026-06-05,,,https://job-boards.greenhouse.io/appspace/jobs/6015408004,Revenue Operations Manager,Management Analysts,Revenue Operations Manager,0,Appspace,False,,,,False,Associate's degree,Bachelor's degree,"{'min': '', 'max': '', 'currency': '', 'period': '', 'summary': ''}",,,,Remote,"Florida, Remote",Florida,Remote,,5241,,Management Analysts,"[""Accountability"", ""Analytics"", ""Automation""]","[""Analytics"", ""Automation""]","[""Accountability""]",[],[]
159517,2026-06-05,,,https://jobs.ashbyhq.com/openloophealth/c3d8ad88-469d-46e3-9dac-7e27cea71040,"Revenue Operations Manager, Sales & Marketing",Management Analysts,"Revenue Operations Manager, Sales & Marketing",0,OpenLoop,False,Full Time,,,False,Associate's degree,Associate's degree,,,,,Unknown,United States,,,,5241,,Management Analysts,"[""Automation""]","[""Automation""]",[],[],[]
294985,2026-06-22,,,https://jobs.lever.co/jobgether/bf08748b-0e36-4203-89cc-3e830c114fc1/apply,Revenue Strategy & Biz Ops Lead,Management Analysts,Revenue Strategy & Biz Ops Lead,0,Jobgether,False,Full Time,,,False,Associate's degree,Associate's degree,"{'min': '', 'max': '', 'currency': '', 'period': '', 'summary': ''}",,,,Remote,US,,,,5241,,Management Analysts,"[""Automation"", ""Business Acumen"", ""Business Operations"", ""Business Problems""]","[""Automation"", ""Business Operations"", ""Business Problems""]","[""Business Acumen""]",[],[]
308824,2026-06-19,,,https://indiecampers.com/discover/en-us/careers/8601225002?gh_jid=8601225002,Roadtrip & RV Sales Agent,Management Analysts,Roadtrip & RV Sales Agent,0,Indiecampers,False,,,,False,Bachelor's degree,Bachelor's degree,"{'min': '', 'max': '', 'currency': '', 'period': '', 'summary': ''}",,,,Unknown,"Dallas, Texas",Dallas,Texas,,5241,,Management Analysts,"[""Career Development""]","[""Career Development""]",[],[],[]
375938,2026-06-11,,,https://apply.workable.com/j/EE0B16D942/apply,"Role - Director, Growth Marketing",Management Analysts,"Role - Director, Growth Marketing",0,Farmacy,False,Contract,,,False,Bachelor's degree,Bachelor's degree,"{'min': '', 'max': '', 'currency': '', 'period': '', 'summary': ''}",,,,Hybrid,"New York, New York",New York,New York,"New York-Newark-Jersey City, NY-NJ",5241,,Management Analysts,"[""Accruals"", ""Analytical Skills"", ""Analytics"", ""Brand Awareness"", ""Business Results""]","[""Accruals"", ""Analytics"", ""Brand Awareness"", ""Business Results""]","[""Analytical Skills""]",[],[]
85050,2026-06-05,,,https://recruiting.paylocity.com/Recruiting/Jobs/Details/4231010,Room Attendant,Management Analysts,Room Attendant,0,Solé Miami,False,Full Time,,,False,Associate's degree,Associate's degree,,,,,Unknown,"North Miami Beach, Florida, United States",Florida,United States,,5241,,Management Analysts,,,,,
226779,2026-06-19,,,https://recruiting.paylocity.com/Recruiting/Jobs/Details/4267610,SR ARCADE ATTENDANT,Management Analysts,SR ARCADE ATTENDANT,0,Family Entertainment Group,False,"Full Time, Part Time",,,False,Associate's degree,Associate's degree,,,,,Unknown,"Reno, Nevada",Reno,Nevada,,5241,,Management Analysts,,,,,
158420,2026-06-05,,,https://jacksongov.wd5.myworkdayjobs.com/COJ/job/Blue-Springs-MO/SW-III---Museum-Interpreter---Missouri-Town-Living-History-Museum_JR102325,SW III - Museum Interpreter - Missouri Town Living History Museum,Management Analysts,SW III - Museum Interpreter - Missouri Town Living History Museum,0,"Jackson County, Missouri",False,Temporary,,,False,High school diploma or equivalent,Associate's degree,USD 16 per HOUR,16.0,16.0,hourly,Unknown,"Blue Springs, Missouri, United States, Missouri Township, Missouri, United States",Missouri,United States,,5241,,Management Analysts,,,,,
105628,2026-06-05,,,https://workforcenow.adp.com/mascsr/default/mdf/recruitment/recruitment.html?cid=542f7b59-1156-4a17-a729-f8cd9337acf6&jobId=569014,SWITCHBOARD OPERATOR - FT,Management Analysts,SWITCHBOARD OPERATOR - FT,0,"Jefferson Regional, Pine Bluff",False,Full Time,,,False,High school diploma or equivalent,High school diploma or equivalent,,,,,Unknown,"Pine Bluff, Arkansas, United States",Arkansas,United States,,5241,,Management Analysts,,,,,
74549,2026-06-05,,,https://recruiting.paylocity.com/Recruiting/Jobs/Details/4225489,Safety & Compliance Manager,Management Analysts,Safety & Compliance Manager,0,Piscataqua Landscaping & Tree Service,False,"Full Time, Temporary",,,False,High school diploma or equivalent,Master's degree,,,,,Unknown,"Eliot, Maine, United States",Maine,United States,,5241,,Management Analysts,,,,,
356774,2026-06-15,,,https://apply.workable.com/j/7B02B195A8/apply,Sales Director (Auto / Telco),Management Analysts,Sales Director,0,Moonbug-Entertainment,False,,,,False,Associate's degree,Associate's degree,"{'min': '', 'max': '', 'currency': '', 'period': '', 'summary': ''}",,,,Unknown,"New York, New York",New York,New York,"New York-Newark-Jersey City, NY-NJ",5241,,Management Analysts,"[""Account Management"", ""Analytical Skills""]","[""Account Management""]","[""Analytical Skills""]",[],[]
419421,2026-06-02,,,https://bestlogisticsgroup.recruitee.com/o/sales-driven-logistics-account-manager-mission-critical-3/c/new,Sales Driven Logistics Account Manager - Mission Critical,Management Analysts,Sales Driven Logistics Account Manager - Mission Critical,0,Best Logistics Group,False,Full Time,,,False,Associate's degree,Bachelor's degree,"{'min': '', 'max': '', 'currency': 'USD', 'period': '', 'summary': ''}",,,,Unknown,"Nc, North Carolina",Nc,North Carolina,,5241,,Management Analysts,,,,,
347170,2026-06-16,,,https://apply.workable.com/j/81DDC942F5/apply,Sales Manager,Management Analysts,Sales Manager,0,Citywide,False,"Full Time, Contract",,,False,Associate's degree,Associate's degree,"{'min': '', 'max': '', 'currency': '', 'period': '', 'summary': ''}",,,,Hybrid,"Washington, District of Columbia",Washington,District of Columbia,"Washington-Arlington-Alexandria, DC-VA-MD-WV",5241,,Management Analysts,"[""Account Growth"", ""Accounting"", ""Acting""]","[""Account Growth"", ""Accounting"", ""Acting""]",[],[],[]
140072,2026-06-05,,,https://workforcenow.adp.com/mascsr/default/mdf/recruitment/recruitment.html?cid=b7a1cd75-84b0-4ea2-88c8-064e18770abe&jobId=585070,Sales Manager - Polestar,Management Analysts,Sales Manager - Polestar,0,McDonald Automotive,False,Full Time,,,False,Associate's degree,Associate's degree,USD 80000 - 200000 per YEAR,80000.0,200000.0,annual,Unknown,"Littleton, Colorado, United States",Colorado,United States,,5241,,Management Analysts,"[""Automotive Sales""]","[""Automotive Sales""]",[],[],[]
311598,2026-06-19,,,https://www.welcometothejungle.com/en/companies/Z2AjlK/jobs/sales-operations-specialist-grata_new-york_ckg62nlw,Sales Operations Analyst (Grata),Management Analysts,Sales Operations Analyst,0,Datasite,False,Full Time,,,False,Associate's degree,Associate's degree,"USD 100,600 - 169,800 Yearly",100600.0,169800.0,annual,Unknown,"New York, New York",New York,New York,"New York-Newark-Jersey City, NY-NJ",5241,,Management Analysts,"[""Business Operations""]","[""Business Operations""]",[],[],[]
282780,2026-06-23,,,https://jobs.lever.co/jobgether/ee1c9086-dc43-4ee7-a6a2-b3ad0459463e/apply,Sales Operations Manager,Management Analysts,Sales Operations Manager,0,Jobgether,False,Full Time,,,False,Bachelor's degree,Bachelor's degree,"{'min': '', 'max': '', 'currency': '', 'period': '', 'summary': ''}",,,,Unknown,US,,,,5241,,Management Analysts,"[""Accountability"", ""Analytics""]","[""Analytics""]","[""Accountability""]",[],[]
382798,2026-06-10,,,https://apply.workable.com/j/4C28DE1071/apply,Sales Quality & AI Systems Specialist,Management Analysts,Sales Quality & AI Systems Specialist,0,Cydcor,True,Full Time,,,False,Associate's degree,Associate's degree,"{'min': '', 'max': '', 'currency': '', 'period': '', 'summary': ''}",,,,Hybrid,"Agoura Hills, California",Agoura Hills,California,,5241,,Management Analysts,"[""Automation""]","[""Automation""]",[],[],[]
93587,2026-06-05,,,https://job-boards.greenhouse.io/texascartitleandpaydayloanservicesinc/jobs/7985150,Sales Representative,Management Analysts,Sales Representative,0,"Texas Car Title & Payday Loan Services, Inc.",False,Full Time,,,False,High school diploma or equivalent,High school diploma or equivalent,USD 13.35 - 14.29 per HOUR,13.35,14.29,hourly,On-site,"Odessa, Texas, United States",Texas,United States,,5241,,Management Analysts,,,,,
88830,2026-06-05,,,https://job-boards.greenhouse.io/wisconsinautotitleloansinc/jobs/7985392,Sales Representative,Management Analysts,Sales Representative,0,Wisconsin Auto Title Loans,False,Full Time,,,False,High school diploma or equivalent,High school diploma or equivalent,USD 15.37 - 16.85 per HOUR,15.37,16.85,hourly,On-site,"Milwaukee, Wisconsin, United States",Wisconsin,United States,,5241,,Management Analysts,,,,,
90753,2026-06-05,,,https://ats.rippling.com/dynamic-slr/jobs/84c038df-97a7-47fc-909a-e8c72d87a05a,Sales Representative (Leads Provided),Management Analysts,Sales Representative,0,Dynamic SLR,False,Full Time,,,False,Associate's degree,Associate's degree,USD 120000 - 260000 per YEAR,120000.0,260000.0,annual,Unknown,"Houston, Texas, United States",Texas,United States,,5241,,Management Analysts,,,,,
375636,2026-06-11,,,https://apply.workable.com/j/4C2E2E53F2/apply,Savannah Farmers Insurance Agent,Management Analysts,Savannah Farmers Insurance Agent,0,Farmers-Insurance-Rappa-District,False,Full Time,,,False,Bachelor's degree,Bachelor's degree,"{'min': '', 'max': '', 'currency': '', 'period': '', 'summary': ''}",,,,Unknown,"Savannah, Georgia",Savannah,Georgia,,5241,,Management Analysts,"[""Accountability"", ""Branding""]","[""Branding""]","[""Accountability""]",[],[]
376768,2026-06-10,,,https://ats.rippling.com/solv-health/jobs/41be0573-ee8e-49c5-b947-567349a8e15b,Senior Accountant,Management Analysts,Senior Accountant,0,Solv-Health,False,"Full Time, Contract",,,False,Associate's degree,Associate's degree,"{'min': '', 'max': '', 'currency': '', 'period': '', 'summary': ''}",,,,Remote,Remote (),,Remote (),,5241,,Management Analysts,"[""Accounting"", ""Accounting Operations"", ""Accruals"", ""Adaptability"", ""Amortization"", ""Billing"", ""Cash Application""]","[""Accounting"", ""Accounting Operations"", ""Accruals"", ""Amortization"", ""Billing"", ""Cash Application""]","[""Adaptability""]",[],[]
315958,2026-06-19,,,https://apply.workable.com/j/89EAF863BC/apply,Senior Accountant,Management Analysts,Senior Accountant,0,Autorentals,False,Full Time,,,False,Associate's degree,Associate's degree,"{'min': '', 'max': '', 'currency': '', 'period': '', 'summary': ''}",,,,Remote,Any,,Any,,5241,,Management Analysts,"[""Accounting"", ""Accrual Accounting"", ""Accruals"", ""Automation"", ""Balance Sheet"", ""Bank Reconciliations""]","[""Accounting"", ""Accrual Accounting"", ""Accruals"", ""Automation"", ""Balance Sheet"", ""Bank Reconciliations""]",[],[],[]
249490,2026-06-25,,,https://jobs.lever.co/jobgether/7bc7c442-f07b-4961-b63b-a6b111cd7903/apply,"Senior Business Analyst, Revenue Analytics",Management Analysts,"Senior Business Analyst, Revenue Analytics",0,Jobgether,False,Full Time,,,False,Associate's degree,Bachelor's degree,"{'min': '', 'max': '', 'currency': '', 'period': '', 'summary': ''}",,,,Remote,US,,,,5241,,Management Analysts,"[""Analytics"", ""Banking"", ""BigQuery"", ""Business Analysis"", ""Caregiving""]","[""Analytics"", ""Banking"", ""BigQuery"", ""Business Analysis"", ""Caregiving""]",[],[],[]
196157,2026-06-06,,,https://jobs.jobvite.com/egnyte/job/oSlaAfwH,Senior Business Process Analyst (Revenue Operations),Management Analysts,Senior Business Process Analyst,0,Egnyte,False,Full Time,,,False,Associate's degree,Associate's degree,$95k - $130k per year,95000.0,130000.0,annual,Hybrid,"Draper, Utah, United States",Utah,United States,,5241,,Management Analysts,"[""Archaeology"", ""Automation"", ""Billing"", ""Business Process"", ""Business Process Analysis"", ""Business Systems"", ""Business Systems Analysis""]","[""Archaeology"", ""Automation"", ""Billing"", ""Business Process"", ""Business Process Analysis"", ""Business Systems"", ""Business Systems Analysis""]",[],[],[]
169767,2026-06-05,,,https://markelcorp.wd5.myworkdayjobs.com/GlobalCareers/job/Alpharetta-GA/Senior-Claims-Examiner--Inland-Marine_R0023227,"Senior Claims Examiner, Inland Marine",Management Analysts,"Senior Claims Examiner, Inland Marine",0,Markel,False,Full Time,,,False,Postsecondary nondegree award,Doctoral or professional degree,,,,,Unknown,"Alpharetta, Georgia, United States, Rosemont, Illinois, United States, Omaha, Nebraska, United States, New York, New York, United States, Houston, Texas, United States",Texas,United States,,5241,,Management Analysts,"[""Adjuster License""]",[],[],[],"[""Adjuster License""]"
80170,2026-06-04,,,https://job-boards.greenhouse.io/midpenhousing/jobs/4272996009,"Senior Community Manager (Midway Village, Midway Village Phase l)",Management Analysts,Senior Community Manager,0,MidPen Housing Corporation,False,Full Time,,,False,High school diploma or equivalent,Associate's degree,USD 30.12 - 33.88 per HOUR,30.12,33.88,hourly,On-site,"Daly City, California, United States",California,United States,,5241,,Management Analysts,"[""Budgeting""]",[],"[""Budgeting""]",[],[]
349590,2026-06-15,,,https://everymatrix.teamtailor.com/jobs/7910064-senior-compliance-officer,Senior Compliance Officer,Management Analysts,Senior Compliance Officer,0,EveryMatrix,False,,,,False,Postsecondary nondegree award,Associate's degree,"{'min': '', 'max': '', 'currency': '', 'period': '', 'summary': ''}",,,,Unknown,"Las, Vegas",Las,Vegas,,5241,,Management Analysts,,,,,
294274,2026-06-22,,,https://jobs.lever.co/jobgether/d62bc827-d3ab-4e55-937b-a8726679e234/apply,Senior Customer Success Manager - ILM,Management Analysts,Senior Customer Success Manager - ILM,0,Jobgether,False,Full Time,,,False,Associate's degree,Associate's degree,"{'min': '', 'max': '', 'currency': '', 'period': '', 'summary': ''}",,,,Hybrid,US,,,,5241,,Management Analysts,"[""Account Management"", ""Acting""]","[""Account Management"", ""Acting""]",[],[],[]
105461,2026-06-05,,,https://recruiting.ultipro.com/WIL1017/JobBoard/3c59c622-d4b1-4551-8d21-7711a4bd56c9/OpportunityDetail?opportunityId=24ebf19b-2792-4a07-9bf0-b4a64f28d20c,Senior Data Analyst,Management Analysts,Senior Data Analyst,1,Carbo,False,Contract,,,False,Associate's degree,Bachelor's degree,,,,,Hybrid,"Harris County, Texas, United States",Texas,United States,,5241,,Management Analysts,"[""Accounting"", ""Additives"", ""Analytics"", ""Automation"", ""Azure Data Lake"", ""Balance Sheet"", ""Budgeting""]","[""Accounting"", ""Additives"", ""Analytics"", ""Automation"", ""Azure Data Lake"", ""Balance Sheet""]","[""Budgeting""]",[],[]
325257,2026-06-18,,,https://jobs.danaher.com/job/R1308891,Senior Director Quality Operations,Management Analysts,Senior Director Quality Operations,0,Jobs.danaher.com,False,,,,False,Associate's degree,Associate's degree,"{'min': '', 'max': '', 'currency': '', 'period': '', 'summary': ''}",,,,Unknown,"Chaska, Minnesota",Chaska,Minnesota,,5241,,Management Analysts,,,,,
10309,2026-05-22,,,https://job-boards.greenhouse.io/checkr/jobs/7940103,Senior Director of Growth Marketing,Management Analysts,Senior Director of Growth Marketing,0,Checkr,False,Full Time,,,False,Associate's degree,Associate's degree,$240k - $333k per year,240000.0,333000.0,annual,Remote,"Denver, Colorado, United States",Colorado,United States,,5241,,Management Analysts,"[""Analytics"", ""Attribution Modeling""]","[""Analytics"", ""Attribution Modeling""]",[],[],[]
232357,2026-06-26,,,https://job-boards.greenhouse.io/axon/jobs/7787097003,"Senior Director, Enterprise Applications",Management Analysts,"Senior Director, Enterprise Applications",0,Axon,False,Contract,,,False,Associate's degree,Associate's degree,"{'min': '', 'max': '', 'currency': '', 'period': '', 'summary': ''}",,,,Hybrid,"Boston, Massachusetts",Boston,Massachusetts,,5241,,Management Analysts,"[""Billing"", ""Business Priorities""]","[""Billing"", ""Business Priorities""]",[],[],[]
232354,2026-06-26,,,https://job-boards.greenhouse.io/axon/jobs/7787098003,"Senior Director, Enterprise Applications",Management Analysts,"Senior Director, Enterprise Applications",0,Axon,False,Contract,,,False,Associate's degree,Associate's degree,"{'min': '', 'max': '', 'currency': '', 'period': '', 'summary': ''}",,,,Hybrid,"New York, New York",New York,New York,"New York-Newark-Jersey City, NY-NJ",5241,,Management Analysts,"[""Billing"", ""Business Priorities""]","[""Billing"", ""Business Priorities""]",[],[],[]
232353,2026-06-26,,,https://job-boards.greenhouse.io/axon/jobs/7787099003,"Senior Director, Enterprise Applications",Management Analysts,"Senior Director, Enterprise Applications",0,Axon,False,Contract,,,False,Associate's degree,Associate's degree,"{'min': '', 'max': '', 'currency': '', 'period': '', 'summary': ''}",,,,Hybrid,"Sterling, Virginia",Sterling,Virginia,,5241,,Management Analysts,"[""Billing"", ""Business Priorities""]","[""Billing"", ""Business Priorities""]",[],[],[]
232352,2026-06-26,,,https://job-boards.greenhouse.io/axon/jobs/7787101003,"Senior Director, Enterprise Applications",Management Analysts,"Senior Director, Enterprise Applications",0,Axon,False,Contract,,,False,Associate's degree,Associate's degree,"{'min': '', 'max': '', 'currency': '', 'period': '', 'summary': ''}",,,,Hybrid,"Scottsdale, Arizona",Scottsdale,Arizona,,5241,,Management Analysts,"[""Billing"", ""Business Priorities""]","[""Billing"", ""Business Priorities""]",[],[],[]
232348,2026-06-26,,,https://job-boards.greenhouse.io/axon/jobs/7787103003,"Senior Director, Enterprise Applications",Management Analysts,"Senior Director, Enterprise Applications",0,Axon,False,Contract,,,False,Associate's degree,Associate's degree,"{'min': '', 'max': '', 'currency': '', 'period': '', 'summary': ''}",,,,Hybrid,"San Francisco, California",San Francisco,California,,5241,,Management Analysts,"[""Billing"", ""Business Priorities""]","[""Billing"", ""Business Priorities""]",[],[],[]
232345,2026-06-26,,,https://job-boards.greenhouse.io/axon/jobs/7787104003,"Senior Director, Enterprise Applications",Management Analysts,"Senior Director, Enterprise Applications",0,Axon,False,Contract,,,False,Associate's degree,Associate's degree,"{'min': '', 'max': '', 'currency': '', 'period': '', 'summary': ''}",,,,Hybrid,"Washington, District of Columbia",Washington,District of Columbia,"Washington-Arlington-Alexandria, DC-VA-MD-WV",5241,,Management Analysts,"[""Billing"", ""Business Priorities""]","[""Billing"", ""Business Priorities""]",[],[],[]
248457,2026-06-25,,,https://jobs.lever.co/jobgether/7892dc03-3242-42e2-9785-f473a0eda343/apply,"Senior Director, Total Rewards and People Operations",Management Analysts,"Senior Director, Total Rewards and People Operations",0,Jobgether,False,Full Time,,,False,Bachelor's degree,Bachelor's degree,"{'min': '', 'max': '', 'currency': '', 'period': '', 'summary': ''}",,,,Remote,US,,,,5241,,Management Analysts,"[""Analytics"", ""Business Decisions""]","[""Analytics"", ""Business Decisions""]",[],[],[]
311875,2026-06-19,,,https://zdfirm.bamboohr.com/careers/853,Senior HR Generalist,Management Analysts,Senior HR Generalist,0,Zdfirm,False,,,,False,Postsecondary nondegree award,Associate's degree,"{'min': '', 'max': '', 'currency': '', 'period': '', 'summary': ''}",,,,On-site,"Austin, Texas",Austin,Texas,,5241,,Management Analysts,"[""Accountability"", ""Benefits Administration""]","[""Benefits Administration""]","[""Accountability""]",[],[]
9785,2026-05-23,,,https://boards.greenhouse.io/crunchyroll/jobs/7923130?gh_jid=7923130,Senior Manager FP&A (Marketing & Operations),Management Analysts,Senior Manager FP&A,0,Crunchyroll,False,Full Time,,,False,Associate's degree,Master's degree,$138.9k - $173.6k per year,138900.0,173600.0,annual,Unknown,"Los Angeles, California, United States",California,United States,,5241,,Management Analysts,"[""Budget Management"", ""Business Intelligence"", ""Business Intelligence Tools"", ""Business Partnering""]","[""Budget Management"", ""Business Intelligence"", ""Business Intelligence Tools"", ""Business Partnering""]",[],[],[]
95191,2026-06-05,,,https://www.foratravel.com/careers/jobs?gh_jid=5244735008,"Senior Manager, Business Strategy & Sales",Management Analysts,"Senior Manager, Business Strategy & Sales",0,Fora Travel,False,"Full Time, Part Time",,,False,Associate's degree,Master's degree,USD 130000 - 160000 per YEAR,130000.0,160000.0,annual,Unknown,"New York, New York, United States",New York,United States,,5241,,Management Analysts,"[""Analytics"", ""Automation"", ""Banking"", ""Business Acumen"", ""Business Coaching""]","[""Analytics"", ""Automation"", ""Banking"", ""Business Coaching""]","[""Business Acumen""]",[],[]
294755,2026-06-22,,,https://jobs.lever.co/jobgether/3dee47e2-40c0-431f-bd02-a8c69a9a559e/apply,"Senior Manager, Risk Operations",Management Analysts,"Senior Manager, Risk Operations",0,Jobgether,True,Full Time,,,False,Associate's degree,Associate's degree,"{'min': '', 'max': '', 'currency': '', 'period': '', 'summary': ''}",,,,Remote,US,,,,5241,,Management Analysts,"[""Accountability"", ""Audit Processes"", ""Capacity Planning""]","[""Audit Processes"", ""Capacity Planning""]","[""Accountability""]",[],[]
242124,2026-06-26,,,https://careers.southwestair.com/job/R-2026-68103,Senior Operations Research Developer,Management Analysts,Senior Operations Research Developer,0,Careers.southwestair.com,False,,,,False,Associate's degree,Associate's degree,"{'min': '', 'max': '', 'currency': '', 'period': '', 'summary': ''}",,,,Unknown,"Dallas, Texas",Dallas,Texas,,5241,,Management Analysts,"[""Aviation""]","[""Aviation""]",[],[],[]
402520,2026-06-05,,,https://www.welcometothejungle.com/en/companies/Tif2mX/jobs/strategic-b2b-account-executive_fr_h6vs5rnv,Senior Partnerships Manager,Management Analysts,Senior Partnerships Manager,0,Rula,False,Full Time,,,False,Associate's degree,Associate's degree,"USD 210,800 - 235,600 Yearly",210800.0,235600.0,annual,Remote,United States,,,,5241,,Management Analysts,"[""Account Management"", ""Business Development""]","[""Account Management"", ""Business Development""]",[],[],[]
248759,2026-06-25,,,https://jobs.lever.co/jobgether/e11d0685-7c2c-401e-9a8d-1702cde9722c/apply,Senior People Consultant,Management Analysts,Senior People Consultant,0,Jobgether,False,Contract,,,False,Associate's degree,Associate's degree,"{'min': '', 'max': '', 'currency': '', 'period': '', 'summary': ''}",,,,Remote,US,,,,5241,,Management Analysts,"[""Acting"", ""Advising"", ""Analytics"", ""Business Acumen"", ""Case Management"", ""Case Management Tools""]","[""Acting"", ""Analytics"", ""Case Management"", ""Case Management Tools""]","[""Advising"", ""Business Acumen""]",[],[]
420356,2026-06-02,,,https://careers-kimley-horn.icims.com/jobs/21580/senior-practice-builder---transportation-traffic/job?in_iframe=1,Senior Practice Builder - Transportation/Traffic,Management Analysts,Senior Practice Builder - Transportation/Traffic,0,Kimley-Horn,False,Full Time,,,False,Associate's degree,Associate's degree,"{'min': '', 'max': '', 'currency': '', 'period': '', 'summary': ''}",,,,Unknown,"Oakland, California",Oakland,California,,5241,,Management Analysts,"[""Business Development"", ""Business Planning""]","[""Business Development"", ""Business Planning""]",[],[],[]
420357,2026-06-02,,,https://careers-kimley-horn.icims.com/jobs/21581/senior-practice-builder---transportation-traffic/job?in_iframe=1,Senior Practice Builder - Transportation/Traffic,Management Analysts,Senior Practice Builder - Transportation/Traffic,0,Kimley-Horn,False,Full Time,,,False,Associate's degree,Associate's degree,"{'min': '', 'max': '', 'currency': '', 'period': '', 'summary': ''}",,,,Unknown,"San Jose, California",San Jose,California,,5241,,Management Analysts,"[""Business Development"", ""Business Planning""]","[""Business Development"", ""Business Planning""]",[],[],[]
383009,2026-06-10,,,https://apply.workable.com/j/B3C11BB921/apply,"Senior Reliability Engineer, Operations Engineering",Management Analysts,"Senior Reliability Engineer, Operations Engineering",0,Scout-Clean-Energy,False,Full Time,,,False,Bachelor's degree,Bachelor's degree,"{'min': '', 'max': '', 'currency': '', 'period': '', 'summary': ''}",,,,Unknown,"Boulder, Colorado",Boulder,Colorado,,5241,,Management Analysts,"[""Asset Management""]","[""Asset Management""]",[],[],[]
264081,2026-06-24,,,https://jobs.lever.co/jobgether/dab4d9cb-cf36-485c-8943-8fad2aafbc16/apply,"Senior Revenue Intelligence Operations Manager, Marketing",Management Analysts,"Senior Revenue Intelligence Operations Manager, Marketing",0,Jobgether,False,Full Time,,,False,Associate's degree,Associate's degree,"{'min': '', 'max': '', 'currency': '', 'period': '', 'summary': ''}",,,,Remote,US,,,,5241,,Management Analysts,"[""Analytics"", ""Automation""]","[""Analytics"", ""Automation""]",[],[],[]
246104,2026-06-25,,,https://jobs.gem.com/quo/am9icG9zdDp0NyLnrG1-aQOx00Ej-hv6,Senior Revenue Operations Manager,Management Analysts,Senior Revenue Operations Manager,0,Quo,False,Full Time,,,False,Associate's degree,Associate's degree,"{'min': '', 'max': '', 'currency': '', 'period': '', 'summary': ''}",,,,Unknown,USA,,,,5241,,Management Analysts,"[""Automation""]","[""Automation""]",[],[],[]
216386,2026-06-04,,,http://www.profocustechnology.com/career-portal/,Senior Sales Ops Data Analyst,Management Analysts,Senior Sales Ops Data Analyst,1,ProFocus,True,Temporary,,,False,Associate's degree,Bachelor's degree,"$120,000 a year",120000.0,120000.0,annual,Remote,United States,,,,5241,,Management Analysts,"[""Analytics"", ""Business Intelligence""]","[""Analytics"", ""Business Intelligence""]",[],[],[]
272276,2026-06-24,,,https://www.welcometothejungle.com/en/companies/6QQcCa/jobs/senior-sales-tools-and-process-manager_san-francisco_acsorxsn,Senior Sales Tools and Process Manager,Management Analysts,Senior Sales Tools and Process Manager,0,Discord,False,Full Time,,,False,Postsecondary nondegree award,Associate's degree,"USD 232,000 - 261,000 Yearly",232000.0,261000.0,annual,Unknown,"San, Francisco",San,Francisco,,5241,,Management Analysts,"[""Accounting"", ""Automation"", ""Business Operations"", ""Business Systems""]","[""Accounting"", ""Automation"", ""Business Operations"", ""Business Systems""]",[],[],[]
414994,2026-06-03,,,https://www.welcometothejungle.com/en/companies/ZMU9vC/jobs/senior-strategic-partnership-management-program-operations-director_paris_gtagcpam,Senior Strategic Partnership Management & Program Operations Director,Management Analysts,Senior Strategic Partnership Management & Program Operations Director,0,Pathstream,False,Full Time,,,False,Associate's degree,Associate's degree,"USD 142,000 - 206,000 Yearly",142000.0,206000.0,annual,Remote,"New York, New York",New York,New York,"New York-Newark-Jersey City, NY-NJ",5241,,Management Analysts,"[""Analytical Skills""]",[],"[""Analytical Skills""]",[],[]
325979,2026-06-18,,,https://apply.workable.com/j/631EAF5820/apply,Senior Trial Attorney for Criminal Defense Firm,Management Analysts,Senior Trial Attorney for Criminal Defense Firm,0,Michaelandassociates,False,Full Time,,,False,Associate's degree,Associate's degree,"{'min': '', 'max': '', 'currency': '', 'period': '', 'summary': ''}",,,,Hybrid,"Los Angeles, California",Los Angeles,California,,5241,,Management Analysts,"[""Advocacy"", ""Automation""]","[""Automation""]","[""Advocacy""]",[],[]
325989,2026-06-18,,,https://apply.workable.com/j/65989FFB5D/apply,Senior Trial Attorney for Criminal Defense Firm,Management Analysts,Senior Trial Attorney for Criminal Defense Firm,0,Michaelandassociates,False,Full Time,,,False,Associate's degree,Associate's degree,"{'min': '', 'max': '', 'currency': '', 'period': '', 'summary': ''}",,,,Hybrid,"San Diego, California",San Diego,California,,5241,,Management Analysts,"[""Advocacy"", ""Automation""]","[""Automation""]","[""Advocacy""]",[],[]
326013,2026-06-18,,,https://apply.workable.com/j/71F01A762D/apply,Senior Trial Attorney for Criminal Defense Firm,Management Analysts,Senior Trial Attorney for Criminal Defense Firm,0,Michaelandassociates,False,Full Time,,,False,Associate's degree,Associate's degree,"{'min': '', 'max': '', 'currency': '', 'period': '', 'summary': ''}",,,,Hybrid,"Orange, California",Orange,California,,5241,,Management Analysts,"[""Advocacy"", ""Automation""]","[""Automation""]","[""Advocacy""]",[],[]
354009,2026-06-15,,,https://eofe.fa.us2.oraclecloud.com/?keyword=&mode=jobs&lang=en&site_number=CX_1#72526,"Senior Vice President, Client Processing",Management Analysts,"Senior Vice President, Client Processing",0,Eofe.fa.us2.oraclecloud.com,False,,,,False,Associate's degree,Bachelor's degree,"{'min': '', 'max': '', 'currency': '', 'period': '', 'summary': ''}",,,,Unknown,"Pittsburgh, Pennsylvania",Pittsburgh,Pennsylvania,,5241,,Management Analysts,"[""Analytics"", ""Balance Sheet"", ""Brokerage""]","[""Analytics"", ""Balance Sheet"", ""Brokerage""]",[],[],[]
249549,2026-06-25,,,https://jobs.lever.co/jobgether/9e73d940-5c91-4e3d-853c-3b66ec895ca1/apply,"Senior Vice President, Clinical Development Oncology",Management Analysts,"Senior Vice President, Clinical Development Oncology",0,Jobgether,False,Full Time,,,False,Doctoral or professional degree,Doctoral or professional degree,"{'min': '', 'max': '', 'currency': '', 'period': '', 'summary': ''}",,,,Remote,US,,,,5241,,Management Analysts,"[""Cancer""]","[""Cancer""]",[],[],[]
178192,2026-06-05,,,https://lithia.wd5.myworkdayjobs.com/LithiaCareers/job/Buick-GMC-of-North-Miami-Miami-FL-33169/Service---Parts-Department-Opportunities_R110276,Service & Parts Department Opportunities,Management Analysts,Service & Parts Department Opportunities,0,Lithia & Driveway,False,Full Time,,,False,High school diploma or equivalent,Associate's degree,,,,,On-site,"Miami, Florida, United States",Florida,United States,,5241,,Management Analysts,"[""Automotive Industry""]","[""Automotive Industry""]",[],[],[]
178190,2026-06-05,,,https://lithia.wd5.myworkdayjobs.com/LithiaCareers/job/Atlantic-Coast-Honda-Jacksonville-FL-32205/Service-Advisor_R110280,Service Advisor,Management Analysts,Service Advisor,0,Lithia & Driveway,False,Contract,,,False,High school diploma or equivalent,Associate's degree,,,,,On-site,"Jacksonville, Florida, United States",Florida,United States,,5241,,Management Analysts,"[""Automotive Services""]","[""Automotive Services""]",[],[],[]
356538,2026-06-15,,,https://apply.workable.com/j/14A5EE35C3/apply,Service Desk Engineer (2nd Shift - Bilingual Spanish/English Required),Management Analysts,Service Desk Engineer,0,Protera,False,Full Time,,,False,Associate's degree,Associate's degree,"{'min': '', 'max': '', 'currency': '', 'period': '', 'summary': ''}",,,,Remote,United States,,,,5241,,Management Analysts,"[""Analytical Thinking""]",[],"[""Analytical Thinking""]",[],[]
97312,2026-06-05,,,https://job-boards.greenhouse.io/dhpace/jobs/5249305008,Service Supervisor,Management Analysts,Service Supervisor,0,"DH Pace Company, Inc.",False,Contract,,,False,High school diploma or equivalent,Bachelor's degree,,,,,Unknown,"Dallas, Texas, United States",Texas,United States,,5241,,Management Analysts,,,,,
119853,2026-06-05,,,https://jobs.dayforcehcm.com/en-US/ascendance/candidateportal/jobs/5434,Service-Technician (Class: A),Management Analysts,Service-Technician,0,Ascendance Truck Centers,False,Full Time,,,False,High school diploma or equivalent,Associate's degree,,,,,On-site,"Louisville, Kentucky, United States",Kentucky,United States,,5241,,Management Analysts,"[""Bulletins""]","[""Bulletins""]",[],[],[]
75430,2026-06-04,,,https://recruitingbypaycor.com/career/JobIntroduction.action?clientId=8a7883d06abc7c06016ac70f1b8a0ad3&id=8a7887a89e6b0bd9019e94b0a5ed1dcd&source=&lang=en,Shared Living Provider,Management Analysts,Shared Living Provider,0,"ViaQuest, Inc.",False,"Full Time, Contract",,,False,High school diploma or equivalent,Associate's degree,USD 100 - 150 per DAY,100.0,150.0,hourly,Remote,"Warren, Ohio, United States",Ohio,United States,,5241,,Management Analysts,"[""Billing""]","[""Billing""]",[],[],[]
138583,2026-06-05,2027-06-05,365.0,https://careers-transcat.icims.com/jobs/5493/shipping-%26-receiving-clerk/job,Shipping & Receiving Clerk,Management Analysts,Shipping & Receiving Clerk,0,Transcat,False,Other,,,False,High school diploma or equivalent,Associate's degree,,,,,Unknown,"Cherry Hill, New Jersey, United States",New Jersey,United States,,5241,,Management Analysts,"[""Calibration""]","[""Calibration""]",[],[],[]
155919,2026-06-05,,,https://nativepest.bamboohr.com/careers/356,Shop Hand,Management Analysts,Shop Hand,0,Native Pest Management,False,Full Time,,,False,Associate's degree,Associate's degree,USD 19000 - 22000 per YEAR,19000.0,22000.0,annual,On-site,"West Palm Beach, Florida, United States",Florida,United States,,5241,,Management Analysts,"[""Air Filters""]","[""Air Filters""]",[],[],[]
163444,2026-06-05,,,https://www.paycomonline.net/v4/ats/web.php/portal/4873B2A6411D348777703A98EDA8FACE/jobs/346401,"Shop Helper- Opelika, AL",Management Analysts,"Shop Helper- Opelika, AL",0,"Transport Refrigeration, Inc.",False,Other,,,False,Postsecondary nondegree award,Associate's degree,USD 22 - 25 per HOUR,22.0,25.0,hourly,Unknown,"Opelika, Alabama, United States",Alabama,United States,,5241,,Management Analysts,,,,,
166908,2026-06-05,,,https://www.paycomonline.net/v4/ats/web.php/portal/1006545329748552CC54107085827612/jobs/346401,"Shop Helper- Opelika, AL",Management Analysts,"Shop Helper- Opelika, AL",0,"Transport Refrigeration, Inc.",False,Other,,,False,Postsecondary nondegree award,Associate's degree,USD 22 - 25 per HOUR,22.0,25.0,hourly,Unknown,"Opelika, Alabama, United States",Alabama,United States,,5241,,Management Analysts,,,,,
104698,2026-06-05,2026-12-02,180.0,https://fa-evmr-saasfaprod1.fa.ocs.oraclecloud.com/hcmUI/CandidateExperience/en/sites/CX/job/37155,Silicon Photonics PIC Architect,Management Analysts,Silicon Photonics PIC Architect,0,Infinera,False,Full Time,,,False,Associate's degree,Associate's degree,,,,,Unknown,United States,,,,5241,,Management Analysts,,,,,
409311,2026-06-04,,,https://account.amazon.jobs/jobs/10440283/apply,"Software Development Manager, AWS DynamoDB",Management Analysts,"Software Development Manager, AWS DynamoDB",0,Amazon,False,Full Time,,,False,Bachelor's degree,Bachelor's degree,"{'min': '', 'max': '', 'currency': '', 'period': '', 'summary': ''}",,,,Unknown,"Washington, District of Columbia",Washington,District of Columbia,"Washington-Arlington-Alexandria, DC-VA-MD-WV",5241,,Management Analysts,"[""Business Requirements"", ""Capacity Planning"", ""Capacity Utilization""]","[""Business Requirements"", ""Capacity Planning"", ""Capacity Utilization""]",[],[],[]
138703,2026-06-05,,,https://job-boards.greenhouse.io/intowngolfclub/jobs/5249749008,Sous Chef,Management Analysts,Sous Chef,0,Intown Golf Club,False,Full Time,,,False,Associate's degree,Associate's degree,USD 62000 - 72000 per YEAR,62000.0,72000.0,annual,Unknown,"Nashville, Tennessee, United States",Tennessee,United States,,5241,,Management Analysts,,,,,
326896,2026-06-17,,,https://chgcareers.recruitee.com/o/sous-chef-charlotte/c/new,Sous Chef - The Iberian Pig Charlotte,Management Analysts,Sous Chef - The Iberian Pig Charlotte,0,Castellucci Hospitality Group,False,Full Time,,,False,Associate's degree,Associate's degree,"USD 50,000 - 65,000 Yearly",50000.0,65000.0,annual,Unknown,"Atlanta, Georgia",Atlanta,Georgia,,5241,,Management Analysts,"[""Accounting""]","[""Accounting""]",[],[],[]
425219,2026-06-02,,,https://apply.workable.com/j/CE0DEB2A61/apply,Spa Massage Therapist,Management Analysts,Spa Massage Therapist,0,East-Bank-Club,False,Part Time,,,False,Associate's degree,Associate's degree,"{'min': '', 'max': '', 'currency': '', 'period': '', 'summary': ''}",,,,Unknown,"Chicago, Illinois",Chicago,Illinois,,5241,,Management Analysts,,,,,
381018,2026-06-10,,,https://eofe.fa.us2.oraclecloud.com/?keyword=&mode=jobs&lang=en&site_number=CX_1#78218,"Specialist, Anti Money Laundering/Prevention/KYC Representative II",Management Analysts,"Specialist, Anti Money Laundering/Prevention/KYC Representative II",0,Eofe.fa.us2.oraclecloud.com,False,,,,False,High school diploma or equivalent,Bachelor's degree,"{'min': '', 'max': '', 'currency': '', 'period': '', 'summary': ''}",,,,Unknown,"Lake Mary, Florida",Lake Mary,Florida,,5241,,Management Analysts,"[""Anti Money Laundering""]","[""Anti Money Laundering""]",[],[],[]
264982,2026-06-24,,,https://jobs.smartrecruiters.com/Altisource/744000133970649-specialist-trustee-operations?oga=true,"Specialist, Trustee Operations",Management Analysts,"Specialist, Trustee Operations",0,Altisource,False,Full Time,,,False,Associate's degree,Associate's degree,"{'min': '', 'max': '', 'currency': '', 'period': '', 'summary': ''}",,,,Remote,"Baltimore, Maryland",Baltimore,Maryland,,5241,,Management Analysts,"[""Appraisals"", ""Career Development""]","[""Appraisals"", ""Career Development""]",[],[],[]
383069,2026-06-10,,,https://apply.workable.com/j/CDAB40A0EB/apply,Sr Director Revenue Operations,Management Analysts,Sr Director Revenue Operations,0,Actionstep,False,Full Time,,,False,Associate's degree,Associate's degree,"{'min': '', 'max': '', 'currency': '', 'period': '', 'summary': ''}",,,,Remote,"Denver, Colorado",Denver,Colorado,,5241,,Management Analysts,"[""Accounting"", ""Analytics"", ""Automation"", ""Billing"", ""Budgeting"", ""Capacity Planning""]","[""Accounting"", ""Analytics"", ""Automation"", ""Billing"", ""Capacity Planning""]","[""Budgeting""]",[],[]
356575,2026-06-15,,,https://apply.workable.com/j/2650D90498/apply,Sr. Analyst EDI and Data Integration,Management Analysts,Sr. Analyst EDI and Data Integration,0,Fridababy,False,,,,False,Associate's degree,Master's degree,"{'min': '', 'max': '', 'currency': '', 'period': '', 'summary': ''}",,,,On-site,"Miami, Florida",Miami,Florida,,5241,,Management Analysts,"[""Analytics"", ""AS2"", ""Auditing"", ""Automation"", ""Azure Data Lake"", ""Business Logic""]","[""Analytics"", ""AS2"", ""Auditing"", ""Automation"", ""Azure Data Lake"", ""Business Logic""]",[],[],[]
293732,2026-06-22,,,https://jobs.lever.co/jobgether/2555b27f-3a33-42ff-99e2-32318d0fbb89/apply,"Sr. Lead, Partner Management",Management Analysts,"Sr. Lead, Partner Management",0,Jobgether,False,Contract,,,False,Associate's degree,Associate's degree,"{'min': '', 'max': '', 'currency': '', 'period': '', 'summary': ''}",,,,Unknown,US,,,,5241,,Management Analysts,"[""Account Management"", ""Analytical Skills"", ""Business Development"", ""Business Results"", ""Career Development""]","[""Account Management"", ""Business Development"", ""Business Results"", ""Career Development""]","[""Analytical Skills""]",[],[]
257666,2026-06-25,,,https://egup.fa.us2.oraclecloud.com/?keyword=&mode=jobs&lang=en&site_number=CX_1#20275395,Sr. Manager Global Master Data Management,Management Analysts,Sr. Manager Global Master Data Management,1,Egup.fa.us2.oraclecloud.com,False,,,,False,Postsecondary nondegree award,Master's degree,"{'min': '', 'max': '', 'currency': '', 'period': '', 'summary': ''}",,,,Unknown,"Westerville, Ohio",Westerville,Ohio,,5241,,Management Analysts,"[""Accountability"", ""Accounting"", ""Business Requirements"", ""Business Transformation""]","[""Accounting"", ""Business Requirements"", ""Business Transformation""]","[""Accountability""]",[],[]
340947,2026-06-16,,,https://careers-navitus.icims.com/jobs/6144/sr.-manager%2c-account-executive/job?in_iframe=1,"Sr. Manager, Account Executive",Management Analysts,"Sr. Manager, Account Executive",0,Navitus,False,Full Time,,,False,Associate's degree,Associate's degree,"{'min': '', 'max': '', 'currency': '', 'period': '', 'summary': ''}",,,,Unknown,"Unavailable, Unavailable",Unavailable,Unavailable,,5241,,Management Analysts,"[""Account Management""]","[""Account Management""]",[],[],[]
14875,2026-05-23,,,https://www.coalitioninc.com/job-posting/4697207005,"Sr. Manager, Claims Operations",Management Analysts,"Sr. Manager, Claims Operations",0,"Coalition, Inc.",False,Contract,,,False,Associate's degree,Associate's degree,"$126,000 - $190,000 a year",126000.0,190000.0,annual,Remote,United States,,,,5241,,Management Analysts,"[""Advanced Analytics"", ""Analytics"", ""Automation"", ""Banking""]","[""Advanced Analytics"", ""Analytics"", ""Automation"", ""Banking""]",[],[],[]
457752,2026-03-05,,,https://account.amazon.com/jobs/3197260/apply,"Sr. Sales Operations Manager , Sales Product Engineering & Operations",Management Analysts,"Sr. Sales Operations Manager , Sales Product Engineering & Operations",0,Amazon,False,Full Time,,,False,Associate's degree,Associate's degree,"{'min': '', 'max': '', 'currency': '', 'period': '', 'summary': ''}",,,,Unknown,"Seattle, Washington",Seattle,Washington,,5241,,Management Analysts,"[""Account Management""]","[""Account Management""]",[],[],[]
341992,2026-06-16,,,https://account.amazon.jobs/jobs/10449737/apply,"Sr. Sales Strategy & Operations Manager, Sr. Sales Strategy & Operations",Management Analysts,"Sr. Sales Strategy & Operations Manager, Sr. Sales Strategy & Operations",0,Amazon,False,Full Time,,,False,Associate's degree,Associate's degree,"{'min': '', 'max': '', 'currency': '', 'period': '', 'summary': ''}",,,,Unknown,"New York, New York",New York,New York,"New York-Newark-Jersey City, NY-NJ",5241,,Management Analysts,"[""Account Management""]","[""Account Management""]",[],[],[]
245889,2026-06-25,,,https://jobs.smartrecruiters.com/TheWonderfulCompany/744000134346249-sr-supply-planner?oga=true,Sr. Supply Planner,Management Analysts,Sr. Supply Planner,0,Thewonderfulcompany,False,Full Time,,,False,Associate's degree,Bachelor's degree,"{'min': '', 'max': '', 'currency': '', 'period': '', 'summary': ''}",,,,Hybrid,"Los Angeles, California",Los Angeles,California,,5241,,Management Analysts,"[""Active Listening""]",[],"[""Active Listening""]",[],[]
89317,2026-06-05,,,https://careers.hireology.com/palmbayinternational/2780992/description,Staff Accountant,Management Analysts,Staff Accountant,0,Palm Bay International,False,Full Time,,,False,Associate's degree,Master's degree,,,,,Hybrid,"Port Washington, New York, United States",New York,United States,,5241,,Management Analysts,"[""Account Analysis"", ""Accounting"", ""Accounting Operations"", ""Accounting Software""]","[""Account Analysis"", ""Accounting"", ""Accounting Operations"", ""Accounting Software""]",[],[],[]
398073,2026-06-08,,,https://apply.workable.com/j/373464F589/apply,Staff Accountant,Management Analysts,Staff Accountant,0,Finexio,False,Full Time,,,False,Associate's degree,Bachelor's degree,"{'min': '', 'max': '', 'currency': '', 'period': '', 'summary': ''}",,,,Remote,"Orlando, Florida",Orlando,Florida,,5241,,Management Analysts,"[""Accounting"", ""Accounts Payable"", ""Accruals"", ""Balance Sheet"", ""Bank Reconciliations"", ""Cash Flow Improvement""]","[""Accounting"", ""Accounts Payable"", ""Accruals"", ""Balance Sheet"", ""Bank Reconciliations"", ""Cash Flow Improvement""]",[],[],[]
292518,2026-06-22,,,https://jobs.ashbyhq.com/solace/7f2a03fb-69b8-45da-93ae-f342da8508ad/application,Staff Mobile Engineer,Management Analysts,Staff Mobile Engineer,0,Solace,False,Full Time,,,False,Associate's degree,Associate's degree,"USD 175,000 - 225,000 Yearly",175000.0,225000.0,annual,Unknown,United States,,,,5241,,Management Analysts,"[""Advocacy""]",[],"[""Advocacy""]",[],[]
7551,2026-05-22,,,https://sailpoint.wd1.myworkdayjobs.com/en-US/SailPoint/job/United-States/Staff-Product-Analyst_R013388,Staff Product Analyst (Business Operations),Management Analysts,Staff Product Analyst,0,SailPoint,False,Full Time,,,False,Associate's degree,Bachelor's degree,$122.2k - $206k per year,122200.0,206000.0,annual,Unknown,"United States, United States of America",United States,United States of America,,5241,,Management Analysts,"[""Analyst Relations"", ""Business Operations""]","[""Analyst Relations"", ""Business Operations""]",[],[],[]
168048,2026-06-05,,,https://extraspace.wd5.myworkdayjobs.com/ESS_Acquisitions/job/Greenville-SC-United-States-29609/Store-Manager_R-79203,Store Manager,Management Analysts,Store Manager,0,Extra Space Storage,False,Temporary,,,False,High school diploma or equivalent,Associate's degree,,,,,On-site,"Greenville, South Carolina, United States",South Carolina,United States,,5241,,Management Analysts,"[""Billing"", ""Career Development""]","[""Billing"", ""Career Development""]",[],[],[]
154776,2026-06-05,,,https://extraspace.wd5.myworkdayjobs.com/ESS_External/job/Milwaukee-WI-United-States-53212/Store-Manager---3860_R-79214,Store Manager - 3860,Management Analysts,Store Manager - 3860,0,Extra Space Storage,False,Temporary,,,False,High school diploma or equivalent,Associate's degree,USD 19 - 22 per HOUR,19.0,22.0,hourly,On-site,"Milwaukee, Wisconsin, United States",Wisconsin,United States,,5241,,Management Analysts,"[""Billing"", ""Career Development""]","[""Billing"", ""Career Development""]",[],[],[]
154779,2026-06-05,,,https://extraspace.wd5.myworkdayjobs.com/ESS_External/job/Milwaukee-WI-United-States-53203/Store-Manager---4210_R-79216,Store Manager - 4210,Management Analysts,Store Manager - 4210,0,Extra Space Storage,False,Temporary,,,False,High school diploma or equivalent,Associate's degree,USD 19 - 22 per HOUR,19.0,22.0,hourly,On-site,"Milwaukee, Wisconsin, United States",Wisconsin,United States,,5241,,Management Analysts,"[""Billing"", ""Career Development""]","[""Billing"", ""Career Development""]",[],[],[]
293300,2026-06-22,,,https://jobs.lever.co/jobgether/c3ec2819-b80e-4c02-b3b7-43864fe51ddb/apply,"Strategic Account Executive, New Business",Management Analysts,"Strategic Account Executive, New Business",0,Jobgether,False,Full Time,,,False,Associate's degree,Associate's degree,"{'min': '', 'max': '', 'currency': '', 'period': '', 'summary': ''}",,,,Remote,US,,,,5241,,Management Analysts,"[""Account Development""]","[""Account Development""]",[],[],[]
316057,2026-06-19,,,https://apply.workable.com/j/C90BA3CF88/apply,Strategic Account Manager,Management Analysts,Strategic Account Manager,0,Joinblink,False,Full Time,,,False,Associate's degree,Doctoral or professional degree,"{'min': '', 'max': '', 'currency': '', 'period': '', 'summary': ''}",,,,Hybrid,"Boston, Massachusetts",Boston,Massachusetts,,5241,,Management Analysts,"[""Account Management"", ""Account Strategy""]","[""Account Management"", ""Account Strategy""]",[],[],[]
315967,2026-06-19,,,https://apply.workable.com/j/91714654AB/apply,"Strategic Account Manager, Channel Partners and Direct Customers",Management Analysts,"Strategic Account Manager, Channel Partners and Direct Customers",0,Finexio,False,Full Time,,,False,Associate's degree,Associate's degree,"{'min': '', 'max': '', 'currency': '', 'period': '', 'summary': ''}",,,,Remote,"Charlotte, North Carolina",Charlotte,North Carolina,,5241,,Management Analysts,"[""Account Management"", ""Accounts Payable"", ""Analytical Skills"", ""Analytics"", ""Business To Business"", ""Cash Flow Improvement""]","[""Account Management"", ""Accounts Payable"", ""Analytics"", ""Business To Business"", ""Cash Flow Improvement""]","[""Analytical Skills""]",[],[]
338292,2026-06-16,,,https://boards.greenhouse.io/crunchyroll/jobs/8008635?gh_jid=8008635,Strategic Growth and Planning Operations Director,Management Analysts,Strategic Growth and Planning Operations Director,0,Crunchyroll,False,,,,False,Associate's degree,Master's degree,"{'min': '', 'max': '', 'currency': '', 'period': '', 'summary': ''}",,,,Hybrid,"Dallas, Texas",Dallas,Texas,,5241,,Management Analysts,"[""Accountability"", ""Anime"", ""Business Development"", ""Business Planning""]","[""Anime"", ""Business Development"", ""Business Planning""]","[""Accountability""]",[],[]
426063,2026-06-01,,,https://ats.rippling.com/parentsquare/jobs/4fca77a1-9e79-4485-a1b9-7ce25636d5f2,Strategic Operations Director,Management Analysts,Strategic Operations Director,0,Parentsquare,False,Full Time,,,False,Associate's degree,Associate's degree,"{'min': '', 'max': '', 'currency': '', 'period': '', 'summary': ''}",,,,Remote,Remote (),,Remote (),,5241,,Management Analysts,"[""Banking"", ""Business Operations""]","[""Banking"", ""Business Operations""]",[],[],[]
240039,2026-06-26,,,https://eeho.fa.us2.oraclecloud.com/?keyword=&mode=jobs&lang=en&site_number=CX_1#338306,Strategic Projects Leader,Management Analysts,Strategic Projects Leader,0,Eeho.fa.us2.oraclecloud.com,False,,,,False,Bachelor's degree,Bachelor's degree,"{'min': '', 'max': '', 'currency': '', 'period': '', 'summary': ''}",,,,Unknown,United States,,,,5241,,Management Analysts,"[""Automation"", ""Business Operations""]","[""Automation"", ""Business Operations""]",[],[],[]
394239,2026-06-08,,,https://account.amazon.jobs/jobs/10442254/apply,"Strategic Pursuits Manager, US Strategic Pursuits",Management Analysts,"Strategic Pursuits Manager, US Strategic Pursuits",0,Amazon,False,Full Time,,,False,Postsecondary nondegree award,Associate's degree,"{'min': '', 'max': '', 'currency': '', 'period': '', 'summary': ''}",,,,Unknown,"Jessup, Maryland",Jessup,Maryland,,5241,,Management Analysts,"[""Amazon Web Services"", ""AWS Certified Cloud Practitioner""]","[""Amazon Web Services""]",[],[],"[""AWS Certified Cloud Practitioner""]"
359723,2026-06-13,,,https://www.welcometothejungle.com/en/companies/8ErGfk/jobs/strategy-operations-lead_new-york_fdvsnr5m,Strategy & Operations Lead,Management Analysts,Strategy & Operations Lead,0,Tabs,False,Full Time,,,False,Associate's degree,Associate's degree,"{'min': '', 'max': '', 'currency': '', 'period': 'YEAR', 'summary': ''}",,,annual,Unknown,"New York, New York",New York,New York,"New York-Newark-Jersey City, NY-NJ",5241,,Management Analysts,"[""Banking""]","[""Banking""]",[],[],[]
156439,2026-06-05,,,https://jobs.lever.co/irvine-clinical/72e3349b-fee6-4e2e-aed3-e72be79b1218,Sub-Investigator (NP or PA) - Westside Los Angeles,Management Analysts,Sub-Investigator - Westside Los Angeles,0,Irvine Clinical Research,False,Full Time,,,False,Associate's degree,Associate's degree,USD 125000 - 140000 per YEAR,125000.0,140000.0,annual,On-site,"Long Beach, California, United States, Los Angeles, California, United States, Oakland, California, United States",California,United States,,5241,,Management Analysts,"[""Alzheimer's Disease""]","[""Alzheimer's Disease""]",[],[],[]
241774,2026-06-26,,,https://jobs.thermofisher.com/job/R-01355818,"Supervisor, Cell Lab (GMP)",Management Analysts,"Supervisor, Cell Lab",0,Jobs.thermofisher.com,False,,,,False,Bachelor's degree,Bachelor's degree,"{'min': '', 'max': '', 'currency': '', 'period': '', 'summary': ''}",,,,Unknown,"Middleton, Wisconsin",Middleton,Wisconsin,,5241,,Management Analysts,,,,,
434485,2026-05-29,,,https://tenor-health-foundation.breezy.hr/p/d44ab7282cde-supervisor-laboratory-moses-taylor-campus,"Supervisor, Laboratory - Moses Taylor Campus",Management Analysts,"Supervisor, Laboratory - Moses Taylor Campus",0,Commonwealth Health,False,Full Time,,,False,Associate's degree,Bachelor's degree,"{'min': '', 'max': '', 'currency': '', 'period': '', 'summary': ''}",,,,Unknown,Scranton,,Scranton,,5241,,Management Analysts,"[""Budgeting""]",[],"[""Budgeting""]",[],[]
312708,2026-06-19,,,https://ernh.fa.us2.oraclecloud.com/?keyword=&mode=jobs&lang=en&site_number=CX_1#20063072,"Supervisor- Patient Registration, , Mullica Hill",Management Analysts,"Supervisor- Patient Registration, , Mullica Hill",0,Ernh.fa.us2.oraclecloud.com,False,Full Time,,,False,Associate's degree,Associate's degree,"{'min': '', 'max': '', 'currency': '', 'period': '', 'summary': ''}",,,,Unknown,"Mullica Hill, New Jersey",Mullica Hill,New Jersey,,5241,,Management Analysts,"[""Accounting"", ""Billing""]","[""Accounting"", ""Billing""]",[],[],[]
85453,2026-06-05,,,https://recruiting.paylocity.com/Recruiting/Jobs/Details/4230426,Sweeper Truck Operator,Management Analysts,Sweeper Truck Operator,0,Carolina Sweepers,False,Full Time,,,False,Associate's degree,Associate's degree,USD 17 per HOUR,17.0,17.0,hourly,Unknown,"Elizabeth City, North Carolina, United States",North Carolina,United States,,5241,,Management Analysts,,,,,
154111,2026-06-05,,,https://workforcenow.adp.com/mascsr/default/mdf/recruitment/recruitment.html?cid=669dab5b-76d3-4a62-9a61-ffe4b21cc7ff&jobId=916402,Systems & Network Administrator,Management Analysts,Systems & Network Administrator,0,Aperture Pet & Life,False,Full Time,,,False,Postsecondary nondegree award,Bachelor's degree,USD 65000 - 75000 per YEAR,65000.0,75000.0,annual,Unknown,"Minneapolis, Minnesota, United States",Minnesota,United States,,5241,,Management Analysts,"[""Active Directory"", ""Adaptability"", ""Aperture"", ""Automation"", ""Business Operations""]","[""Active Directory"", ""Aperture"", ""Automation"", ""Business Operations""]","[""Adaptability""]",[],[]
229168,2026-06-27,,,https://www.welcometothejungle.com/en/companies/b20oz2/jobs/tax-lead_us_biz3kxeh,Tax Lead,Management Analysts,Tax Lead,0,Runway,False,Full Time,,,False,Associate's degree,Associate's degree,"USD 160,000 - 210,000 Yearly",160000.0,210000.0,annual,Unknown,United States,,,,5241,,Management Analysts,"[""Accounting""]","[""Accounting""]",[],[],[]
332953,2026-06-17,,,https://account.amazon.jobs/jobs/10452037/apply,"Tax Manager, Ring, Ring Finance/Accounting",Management Analysts,"Tax Manager, Ring, Ring Finance/Accounting",0,Amazon,False,Full Time,,,False,Associate's degree,Associate's degree,"{'min': '', 'max': '', 'currency': '', 'period': '', 'summary': ''}",,,,Unknown,"Washington, District of Columbia",Washington,District of Columbia,"Washington-Arlington-Alexandria, DC-VA-MD-WV",5241,,Management Analysts,"[""Accounting"", ""Advising"", ""Automation"", ""Business Development""]","[""Accounting"", ""Automation"", ""Business Development""]","[""Advising""]",[],[]
163185,2026-06-05,,,https://jobs.ashbyhq.com/warp/be607bee-0548-4733-9d47-bce0aeac4429,Tax Operations Specialist,Management Analysts,Tax Operations Specialist,0,Warp,False,Full Time,,,False,Associate's degree,Bachelor's degree,USD 71400 - 108300 per YEAR,71400.0,108300.0,annual,On-site,"New York, New York, United States",New York,United States,,5241,,Management Analysts,"[""Accounting"", ""Automation""]","[""Accounting"", ""Automation""]",[],[],[]
159684,2026-06-05,2026-07-05,30.0,https://www.paycomonline.net/v4/ats/web.php/portal/4A1999C7FBA8F7ED77BCF83C86019F26/jobs/350526,Team Lead,Management Analysts,Team Lead,0,Baseline Fitness,False,Full Time,,,False,Associate's degree,Associate's degree,,,,,On-site,"Zachary, Louisiana, United States",Louisiana,United States,,5241,,Management Analysts,,,,,
159980,2026-06-05,2026-06-26,21.0,https://www.paycomonline.net/v4/ats/web.php/portal/41165FD7DA2DD0DA85C677E75EE5FAF0/jobs/350509,Team Lead,Management Analysts,Team Lead,0,Baseline Fitness,False,Full Time,,,False,Associate's degree,Associate's degree,USD 14.25 per HOUR,14.25,14.25,hourly,On-site,"Brooklyn Park, Minnesota, United States",Minnesota,United States,,5241,,Management Analysts,,,,,
410652,2026-06-04,,,https://erhk.fa.us2.oraclecloud.com/?keyword=&mode=jobs&lang=en&site_number=CX_1#46249,Terminal Manager,Management Analysts,Terminal Manager,0,Erhk.fa.us2.oraclecloud.com,False,,,,False,Bachelor's degree,Bachelor's degree,"{'min': '', 'max': '', 'currency': '', 'period': '', 'summary': ''}",,,,Unknown,"Albuquerque, New Mexico",Albuquerque,New Mexico,,5241,,Management Analysts,,,,,
344486,2026-06-16,,,https://erhk.fa.us2.oraclecloud.com/?keyword=&mode=jobs&lang=en&site_number=CX_1#47041,Terminal Manager,Management Analysts,Terminal Manager,0,Erhk.fa.us2.oraclecloud.com,False,,,,False,Bachelor's degree,Bachelor's degree,"{'min': '', 'max': '', 'currency': '', 'period': '', 'summary': ''}",,,,Unknown,"Rock Rapids, Iowa",Rock Rapids,Iowa,,5241,,Management Analysts,,,,,
171317,2026-06-05,,,https://www.paycomonline.net/v4/ats/web.php/portal/FDD98EBF1B255670055B9BE4E4F8ACA4/jobs/350102,Timeshare Rental Administrator - Full Time - Vanderbilt Beach & Harbour Club,Management Analysts,Timeshare Rental Administrator - - Vanderbilt Beach & Harbour Club,0,SunStream Hotels & Resorts,False,Full Time,,,False,Associate's degree,Associate's degree,,,,,Unknown,"Pelican Bay, Florida, United States",Florida,United States,,5241,,Management Analysts,"[""Accounting""]","[""Accounting""]",[],[],[]
338643,2026-06-16,,,https://clever-real-estate.breezy.hr/p/2588e84da1ef-title-escrow-operations-manager,Title & Escrow Operations Manager,Management Analysts,Title & Escrow Operations Manager,0,Clever Real Estate,False,Contract,,,False,Postsecondary nondegree award,Associate's degree,"USD 80,000 - 125,000 Yearly",80000.0,125000.0,annual,Remote,United States,,,,5241,,Management Analysts,"[""Accounting"", ""Career Development""]","[""Accounting"", ""Career Development""]",[],[],[]
356931,2026-06-15,,,https://apply.workable.com/j/C1E2452DFD/apply,Traffic Control Estimator,Management Analysts,Traffic Control Estimator,0,Trp-Infrastructures,False,Full Time,,,False,Postsecondary nondegree award,Postsecondary nondegree award,"{'min': '', 'max': '', 'currency': '', 'period': '', 'summary': ''}",,,,Unknown,"Lubbock, Texas",Lubbock,Texas,,5241,,Management Analysts,,,,,
357048,2026-06-15,,,https://apply.workable.com/j/F65B0726FC/apply,Traffic Control Sales (Inside/Outside),Management Analysts,Traffic Control Sales,0,Trp-Infrastructures,False,,,,False,Bachelor's degree,Bachelor's degree,"{'min': '', 'max': '', 'currency': '', 'period': '', 'summary': ''}",,,,Unknown,"Austin, Texas",Austin,Texas,,5241,,Management Analysts,,,,,
84934,2026-06-05,,,https://recruiting.paylocity.com/Recruiting/Jobs/Details/4231171,Treatment Coordinator,Management Analysts,Treatment Coordinator,0,Dental Views,False,Full Time,,,False,Associate's degree,Associate's degree,USD 30 - 38 per HOUR,30.0,38.0,hourly,Hybrid,"Los Angeles, California, United States",California,United States,,5241,,Management Analysts,"[""Auditing""]","[""Auditing""]",[],[],[]
150763,2026-06-05,,,https://recruiting.paylocity.com/Recruiting/Jobs/Details/4064465,Tree Climber,Management Analysts,Tree Climber,0,Piscataqua Landscaping & Tree Service,False,"Full Time, Temporary",,,False,High school diploma or equivalent,Associate's degree,,,,,Unknown,"Eliot, Maine, United States",Maine,United States,,5241,,Management Analysts,,,,,
429018,2026-06-01,,,https://ejlj.fa.us2.oraclecloud.com/?keyword=&mode=jobs&lang=en&site_number=CX_1#252053,Trench Safety Yard Technician,Management Analysts,Trench Safety Yard Technician,0,Ejlj.fa.us2.oraclecloud.com,False,Per Diem,,,False,High school diploma or equivalent,Associate's degree,"{'min': '', 'max': '', 'currency': '', 'period': '', 'summary': ''}",,,,Unknown,"Nashville, Tennessee",Nashville,Tennessee,,5241,,Management Analysts,"[""Behavioral Health""]","[""Behavioral Health""]",[],[],[]
287277,2026-06-23,,,https://jpmc.fa.oraclecloud.com/?keyword=&mode=jobs&lang=en&site_number=CX_1001#210761865,U.S. Private Bank - Client Center Manager - Vice President,Management Analysts,U.S. Private Bank - Client Center Manager - Vice President,0,Jpmc.fa.oraclecloud.com,False,,,,False,Bachelor's degree,Bachelor's degree,"{'min': '', 'max': '', 'currency': '', 'period': '', 'summary': ''}",,,,Unknown,"San Francisco, California",San Francisco,California,,5241,,Management Analysts,,,,,
103501,2026-06-05,,,https://recruiting2.ultipro.com/WAR1012WASI/JobBoard/12537255-3859-475a-8deb-b29afdbdcbad/OpportunityDetail?opportunityId=34418102-1ff5-484a-a38b-bacb2972f7a7,"U70 Material Handler/ Trainer SubLead (C1, Night Shift)",Management Analysts,U70 Material Handler/ Trainer SubLead,0,"Warehouse Services, Inc.",False,Full Time,,,False,Postsecondary nondegree award,Associate's degree,,,,,On-site,"Spartanburg County, South Carolina, United States",South Carolina,United States,,5241,,Management Analysts,,,,,
327272,2026-06-17,,,https://job-boards.greenhouse.io/pieinsurance/jobs/6030766004,"Underwriter, Workers' Compensation",Management Analysts,"Underwriter, Workers' Compensation",0,Pieinsurance,False,,,,False,High school diploma or equivalent,Bachelor's degree,"{'min': '', 'max': '', 'currency': '', 'period': '', 'summary': ''}",,,,Remote,United States,,,,5241,,Management Analysts,,,,,
140400,2026-06-05,,,https://recruiting2.ultipro.com/TEL1006/JobBoard/2fcbb6f4-e717-17cb-9327-3dd87a55b08d/OpportunityDetail?opportunityId=cac4f2bb-8feb-40b9-af5c-90b2a7f99c49,Unlicensed Clinician - Mental Health 631,Management Analysts,Unlicensed Clinician - Mental Health 631,0,Telecare Corporation,False,"Full Time, Part Time",,,False,Associate's degree,Master's degree,USD 70304 - 84024.91 per YEAR,70304.0,84024.91,annual,Unknown,"Santa Fe Springs, California, United States",California,United States,,5241,,Management Analysts,"[""Behavioral Health""]","[""Behavioral Health""]",[],[],[]
401307,2026-06-05,,,https://careers.dhl.com/job/AV-357128,"Unloads Operations Lead (A4, 3rd Shift)",Management Analysts,Unloads Operations Lead,0,Careers.dhl.com,False,,,,False,Bachelor's degree,Bachelor's degree,"{'min': '', 'max': '', 'currency': '', 'period': '', 'summary': ''}",,,,Unknown,"Erlanger, Kentucky",Erlanger,Kentucky,,5241,,Management Analysts,,,,,
432248,2026-05-31,,,https://apply.workable.com/j/B71E4D9280/apply,VP of Product Strategy,Management Analysts,VP of Product Strategy,0,Eskill-1,False,Full Time,,,False,Associate's degree,Associate's degree,"{'min': '', 'max': '', 'currency': '', 'period': '', 'summary': ''}",,,,Unknown,"San Antonio, Texas",San Antonio,Texas,,5241,,Management Analysts,"[""Agile Product Development"", ""Analytics"", ""Business Analysis"", ""Business Priorities""]","[""Agile Product Development"", ""Analytics"", ""Business Analysis"", ""Business Priorities""]",[],[],[]
407822,2026-06-04,,,https://boards.greenhouse.io/geniussports/jobs/7763502003?gh_jid=7763502003,"VP, Business Technology",Management Analysts,"VP, Business Technology",0,Geniussports,False,,,,False,Associate's degree,Associate's degree,"{'min': '', 'max': '', 'currency': '', 'period': '', 'summary': ''}",,,,Hybrid,"New York, New York",New York,New York,"New York-Newark-Jersey City, NY-NJ",5241,,Management Analysts,"[""Access Controls"", ""Accountability"", ""Active Directory"", ""Analytics"", ""Automation"", ""AWS Bedrock"", ""Business Systems""]","[""Access Controls"", ""Active Directory"", ""Analytics"", ""Automation"", ""AWS Bedrock"", ""Business Systems""]","[""Accountability""]",[],[]
316284,2026-06-18,,,https://ats.rippling.com/aigent-energy/jobs/6102b6b7-42ef-4412-8e1d-47b986d6ff00,"VP, Energy Markets",Management Analysts,"VP, Energy Markets",0,Aigent-Energy,False,"Full Time, Temporary",,,False,Associate's degree,Associate's degree,"{'min': '', 'max': '', 'currency': '', 'period': '', 'summary': ''}",,,,Remote,Remote (),,Remote (),,5241,,Management Analysts,"[""Accountability""]",[],"[""Accountability""]",[],[]
264791,2026-06-24,,,https://jobs.lever.co/jobgether/5e7a2377-2f44-4615-83ef-c7ddb513f608/apply,"VP, Legal",Management Analysts,"VP, Legal",0,Jobgether,False,Contract,,,False,Associate's degree,Doctoral or professional degree,"{'min': '', 'max': '', 'currency': '', 'period': '', 'summary': ''}",,,,Remote,US,,,,5241,,Management Analysts,"[""Accountability"", ""Acting"", ""Automation""]","[""Acting"", ""Automation""]","[""Accountability""]",[],[]
368303,2026-06-12,,,https://apply.workable.com/j/5201C49A64/apply,"VP, Marketing Operations and Agentic AI Systems",Management Analysts,"VP, Marketing Operations and Agentic AI Systems",0,Sidetrade,False,,,,False,Associate's degree,Associate's degree,"{'min': '', 'max': '', 'currency': '', 'period': '', 'summary': ''}",,,,Hybrid,United States,,,,5241,,Management Analysts,"[""Accountability"", ""Agentic AI"", ""AI Agents"", ""Analytics"", ""Asana""]","[""Agentic AI"", ""AI Agents"", ""Analytics"", ""Asana""]","[""Accountability""]",[],[]
418320,2026-06-03,,,https://apply.workable.com/j/5789CEA41A/apply,Waycross Farmers Insurance Agency Opportunity,Management Analysts,Waycross Farmers Insurance Agency Opportunity,0,Farmers-Insurance-Rappa-District,False,Full Time,,,False,Associate's degree,Associate's degree,"{'min': '', 'max': '', 'currency': '', 'period': '', 'summary': ''}",,,,Unknown,"Waycross, Georgia",Waycross,Georgia,,5241,,Management Analysts,"[""Accountability"", ""Branding""]","[""Branding""]","[""Accountability""]",[],[]
347041,2026-06-16,,,https://apply.workable.com/j/39DBF0063B/apply,Weekend Cleaner,Management Analysts,Weekend Cleaner,0,Otdcareers,False,"Full Time, Part Time",,,False,Associate's degree,Associate's degree,"{'min': '', 'max': '', 'currency': '', 'period': '', 'summary': ''}",,,,Unknown,"Tampa, Florida",Tampa,Florida,,5241,,Management Analysts,,,,,
121892,2026-06-05,,,https://recruiting.paylocity.com/Recruiting/Jobs/Details/4228704,Wellness & Enrichment Program Coordinator,Management Analysts,Wellness & Enrichment Program Coordinator,0,Eastern Area Agency On Aging,False,Full Time,,,False,High school diploma or equivalent,Associate's degree,USD 17.5 - 19 per HOUR,17.5,19.0,hourly,Unknown,"Brewer, Maine, United States",Maine,United States,,5241,,Management Analysts,"[""Business Administration""]",[],"[""Business Administration""]",[],[]
424894,2026-06-02,,,https://apply.workable.com/j/07B7A82E85/apply,Women's Locker Room Receptionist,Management Analysts,Women's Locker Room Receptionist,0,East-Bank-Club,False,Part Time,,,False,Associate's degree,Associate's degree,"{'min': '', 'max': '', 'currency': '', 'period': '', 'summary': ''}",,,,Unknown,"Chicago, Illinois",Chicago,Illinois,,5241,,Management Analysts,,,,,
165224,2026-06-05,,,https://midtown.wd1.myworkdayjobs.com/Midtown_Careers/job/Weston-FL/Yoga-Instructor_R-6743,Yoga Instructor,Management Analysts,Yoga Instructor,0,Midtown Athletic Clubs,False,Full Time,,,False,Associate's degree,Associate's degree,,,,,Unknown,"Weston, Florida, United States",Florida,United States,,5241,,Management Analysts,,,,,
337824,2026-06-17,,,https://apply.workable.com/j/FC111FC194/apply,Zoning Research Analyst,Management Analysts,Zoning Research Analyst,0,Blew,False,Full Time,,,False,Associate's degree,Bachelor's degree,"{'min': '', 'max': '', 'currency': '', 'period': '', 'summary': ''}",,,,Hybrid,"Oklahoma City, Oklahoma",Oklahoma City,Oklahoma,,5241,,Management Analysts,"[""Analytical Skills""]",[],"[""Analytical Skills""]",[],[]
95113,2026-06-05,2027-06-05,365.0,https://careers-bradfordexchange.icims.com/jobs/1619/ecommerce%2c-marketing-associate---search/job,"eCommerce, Marketing Associate - Search",Management Analysts,"eCommerce, Marketing Associate - Search",0,The Bradford Exchange,False,Internship,,,True,Associate's degree,Bachelor's degree,USD 58500 per YEAR,58500.0,58500.0,annual,Hybrid,"Niles, Illinois, United States",Illinois,United States,,5241,,Management Analysts,"[""Accounting"", ""Analytical Skills"", ""Automation"", ""Budgeting""]","[""Accounting"", ""Automation""]","[""Analytical Skills"", ""Budgeting""]",[],[]
339786,2026-06-16,,,https://jobs.smartrecruiters.com/Sia/744000132427569-managing-director-marketing-ai?oga=true,"Managing Director, Marketing & AI","Managing Director, Marketing & AI","Managing Director, Marketing & AI",0,Sia,False,Full Time,,,False,Associate's degree,Master's degree,"{'min': '', 'max': '', 'currency': '', 'period': '', 'summary': ''}",,,,On-site,"San Francisco, California",San Francisco,California,,5241,,Models,"[""Accountability"", ""Analytics"", ""Business Development""]","[""Analytics"", ""Business Development""]","[""Accountability""]",[],[]
103776,2026-06-05,,,https://job-boards.greenhouse.io/globalwebindex/jobs/8575151002,Account Director - Enterprise Agency,Marketing Managers,Account Director - Enterprise Agency,0,GWI,False,Full Time,,,False,Associate's degree,Associate's degree,USD 120000 - 130000 per YEAR,120000.0,130000.0,annual,Hybrid,"New York, New York, United States",New York,United States,,5241,,Marketing Managers,,,,,
401481,2026-06-05,,,https://job-boards.greenhouse.io/globalwebindex/jobs/8575151002,Account Director - Enterprise Agency,Marketing Managers,Account Director - Enterprise Agency,0,Globalwebindex,False,,,,False,Associate's degree,Associate's degree,"{'min': '', 'max': '', 'currency': '', 'period': '', 'summary': ''}",,,,Hybrid,"New, York City",New,York City,,5241,,Marketing Managers,,,,,
236992,2026-06-26,,,https://thatch.com/jobs/5283113008?gh_jid=5283113008,"Account Executive - Mid Market, West Coast",Marketing Managers,"Account Executive - Mid Market, West Coast",0,Thatch,False,Contract,,,False,Associate's degree,Associate's degree,"{'min': '', 'max': '', 'currency': '', 'period': '', 'summary': ''}",,,,Remote,Remote (),,Remote (),,5241,,Marketing Managers,,,,,
281826,2026-06-23,,,https://jobs.lever.co/jobgether/6caf3e00-ad57-4450-a7c5-4bbc7b7bfdd7/apply,Account Manager-Supplements,Marketing Managers,Account Manager-Supplements,0,Jobgether,False,Full Time,,,False,Associate's degree,Master's degree,"{'min': '', 'max': '', 'currency': '', 'period': '', 'summary': ''}",,,,Remote,US,,,,5241,,Marketing Managers,"[""Business Development""]","[""Business Development""]",[],[],[]
10363,2026-05-21,,,,"Account-Based Marketing Manager , AWS Strategic Customer Marketing",Marketing Managers,"Account-Based Marketing Manager , AWS Strategic Customer Marketing",0,Amazon Web Services (AWS),True,Internship,,,True,Associate's degree,Master's degree,,,,,Unknown,"New York, New York",New York,New York,"New York-Newark-Jersey City, NY-NJ",5241,,Marketing Managers,"[""Account-Based Marketing"", ""Amazon Web Services""]","[""Account-Based Marketing"", ""Amazon Web Services""]",[],[],[]
375744,2026-06-11,,,https://apply.workable.com/j/893B007C73/apply,Acquisition Marketing Manager,Marketing Managers,Acquisition Marketing Manager,0,Reeds,False,Full Time,,,False,Associate's degree,Associate's degree,"{'min': '', 'max': '', 'currency': '', 'period': '', 'summary': ''}",,,,Unknown,"Wilmington, North Carolina",Wilmington,North Carolina,,5241,,Marketing Managers,"[""Accountability"", ""Advertising Campaigns"", ""Amazon Marketplace"", ""Analytical Skills"", ""Analytics"", ""Budget Management"", ""Business Objectives"", ""Campaign Management"", ""Career Development""]","[""Advertising Campaigns"", ""Amazon Marketplace"", ""Analytics"", ""Budget Management"", ""Campaign Management"", ""Career Development""]","[""Accountability"", ""Analytical Skills"", ""Business Objectives""]",[],[]
337561,2026-06-17,,,https://apply.workable.com/j/8347BC6647/apply,Acquisition Program/Product Manager - PNT,Marketing Managers,Acquisition Program/Product Manager - PNT,0,Credence,False,Full Time,,,False,Associate's degree,Master's degree,"{'min': '', 'max': '', 'currency': '', 'period': '', 'summary': ''}",,,,Unknown,"Aberdeen Proving Grounds, Maryland",Aberdeen Proving Grounds,Maryland,,5241,,Marketing Managers,,,,,
234191,2026-06-26,,,https://careers.hellofresh.com/global/en/job/7983572?gh_jid=7983572,Chief Marketing Officer — HelloFresh US,Marketing Managers,Chief Marketing Officer — HelloFresh US,0,Hellofresh,False,,,,False,Associate's degree,Associate's degree,"{'min': '', 'max': '', 'currency': '', 'period': '', 'summary': ''}",,,,Hybrid,"New York, New York",New York,New York,"New York-Newark-Jersey City, NY-NJ",5241,,Marketing Managers,"[""Brand Architecture""]","[""Brand Architecture""]",[],[],[]
433218,2026-05-29,,,https://ats.rippling.com/supplierio/jobs/82cf859c-b66c-40c5-9d4b-d710f616f19a,Chief Sales Officer,Marketing Managers,Chief Sales Officer,0,Supplierio,False,Full Time,,,False,Associate's degree,Master's degree,"{'min': '', 'max': '', 'currency': '', 'period': '', 'summary': ''}",,,,Remote,Remote (),,Remote (),,5241,,Marketing Managers,"[""Account-Based Marketing"", ""Accountability"", ""Automation""]","[""Account-Based Marketing"", ""Automation""]","[""Accountability""]",[],[]
103225,2026-06-05,,,https://job-boards.greenhouse.io/edgewoodpartnersinsurancecenter/jobs/8573754002,Client Coordinator,Marketing Managers,Client Coordinator,0,Epic Insurance Brokers & Consultants,False,Contract,,,False,Associate's degree,Associate's degree,USD 60000 - 65000 per YEAR,60000.0,65000.0,annual,Hybrid,"Dallas, Texas, United States, Houston, Texas, United States",Texas,United States,,5241,,Marketing Managers,"[""Accruals"", ""Agency Management"", ""Annual Reports"", ""Benchmarking"", ""Cancer""]","[""Accruals"", ""Agency Management"", ""Annual Reports"", ""Benchmarking"", ""Cancer""]",[],[],[]
101535,2026-06-05,,,https://workforcenow.adp.com/mascsr/default/mdf/recruitment/recruitment.html?cid=b394d20d-b227-4558-a6e2-480f468c1548&jobId=567645,Consumer and Market Research Analyst,Marketing Managers,Consumer and Market Research Analyst,0,Woodstream Corporation,False,Full Time,,,False,Associate's degree,Associate's degree,,,,,Unknown,"East Lampeter Township, Pennsylvania, United States",Pennsylvania,United States,,5241,,Marketing Managers,"[""Accounting"", ""Analytical Skills"", ""Analytics"", ""Animal Control"", ""Brand Marketing"", ""Business Decisions""]","[""Accounting"", ""Analytics"", ""Animal Control"", ""Brand Marketing"", ""Business Decisions""]","[""Analytical Skills""]",[],[]
203656,2026-06-04,,,https://jobs.ashbyhq.com/range/93bc6f39-6bec-4b17-a004-a80d46173b6f,Content Marketing Manager,Marketing Managers,Content Marketing Manager,0,Range,False,Full Time,,,False,Associate's degree,Associate's degree,,,,,Unknown,"New York, New York, United States",New York,United States,,5241,,Marketing Managers,"[""Audience Analysis"", ""Calendar Management""]","[""Audience Analysis"", ""Calendar Management""]",[],[],[]
215326,2026-06-04,,,https://jobs.dayforcehcm.com/en-US/windstream/CANDIDATEPORTAL/jobs/30595,Data Analyst (Sourcing),Marketing Managers,Data Analyst,1,Uniti Fiber,False,Full Time,,,False,Associate's degree,Associate's degree,,,,,Unknown,United States,,,,5241,,Marketing Managers,"[""Analytics""]","[""Analytics""]",[],[],[]
272247,2026-06-24,,,https://www.welcometothejungle.com/en/companies/O5T915/jobs/digital-marketing-manager_denver_pg4y4amn,Digital Marketing Manager,Marketing Managers,Digital Marketing Manager,0,Lighthouse,False,Full Time,,,False,Associate's degree,Associate's degree,"USD 85,000 - 99,500 Yearly",85000.0,99500.0,annual,Remote,Denver,,Denver,,5241,,Marketing Managers,"[""Asset Management"", ""Automation""]","[""Asset Management"", ""Automation""]",[],[],[]
288620,2026-06-23,,,https://hdox.fa.us6.oraclecloud.com/?keyword=&mode=jobs&lang=en&site_number=CX_1#62520,Digital Product Manager - Financial & Billing Data,Marketing Managers,Digital Product Manager - Financial & Billing Data,0,Hdox.fa.us6.oraclecloud.com,False,"Full Time, Part Time, Contract",,,False,Postsecondary nondegree award,Master's degree,"{'min': '', 'max': '', 'currency': '', 'period': '', 'summary': ''}",,,,Hybrid,"Secaucus, New Jersey",Secaucus,New Jersey,,5241,,Marketing Managers,"[""Accounting"", ""Acting"", ""Analytical Thinking"", ""Analytics"", ""BigQuery"", ""Billing"", ""Billing Systems"", ""Business Intelligence"", ""Business Requirements""]","[""Accounting"", ""Acting"", ""Analytics"", ""BigQuery"", ""Billing"", ""Billing Systems"", ""Business Intelligence"", ""Business Requirements""]","[""Analytical Thinking""]",[],[]
317074,2026-06-18,,,https://jobs.ashbyhq.com/hoxhunt/3e09cf55-cacd-4efc-b58c-aafd2a22e0a9/application,Director of Customer Success,Marketing Managers,Director of Customer Success,0,Hoxhunt,True,Full Time,,,False,Associate's degree,Associate's degree,"USD 162,000 - 175,000 Yearly",162000.0,175000.0,annual,Hybrid,Minneapolis,,Minneapolis,,5241,,Marketing Managers,"[""Account Management"", ""Accountability"", ""Behavioral Science""]","[""Account Management"", ""Behavioral Science""]","[""Accountability""]",[],[]
204032,2026-06-05,,,https://job-boards.greenhouse.io/okx/jobs/7753700003,Director of Lifecycle Marketing,Marketing Managers,Director of Lifecycle Marketing,0,OKX,False,Full Time,,,False,Associate's degree,Associate's degree,$200k - $300k per year,200000.0,300000.0,annual,Unknown,"New York, United States",New York,United States,,5241,,Marketing Managers,"[""Agentic AI"", ""AI Agents"", ""Automation"", ""Business Priorities""]","[""Agentic AI"", ""AI Agents"", ""Automation"", ""Business Priorities""]",[],[],[]
385774,2026-06-09,,,https://jobs.ashbyhq.com/starbridge/b2dba8be-01af-4326-8294-483c55801310/application,Director of Sales,Marketing Managers,Director of Sales,0,Starbridge,False,Full Time,,,False,Associate's degree,Associate's degree,"USD 280,000 - 300,000 Yearly",280000.0,300000.0,annual,Unknown,United States,,,,5241,,Marketing Managers,,,,,
386528,2026-06-09,,,https://careers-physiciansmutual.icims.com/jobs/2074/director%2c-life-product-management/job?in_iframe=1,"Director, Life Product Management",Marketing Managers,"Director, Life Product Management",0,Physiciansmutual,False,Full Time,,,False,Bachelor's degree,Bachelor's degree,"{'min': '', 'max': '', 'currency': '', 'period': '', 'summary': ''}",,,,Unknown,"Omaha, Nebraska",Omaha,Nebraska,,5241,,Marketing Managers,,,,,
292651,2026-06-22,,,https://job-boards.greenhouse.io/ethoslife/jobs/8603350002,"Director, Product Management, Consumer",Marketing Managers,"Director, Product Management, Consumer",0,Ethoslife,False,Full Time,,,False,Associate's degree,Associate's degree,"{'min': '', 'max': '', 'currency': '', 'period': '', 'summary': ''}",,,,Remote,Remote,,Remote,,5241,,Marketing Managers,"[""Analytics"", ""Banking""]","[""Analytics"", ""Banking""]",[],[],[]
348287,2026-06-15,,,https://job-boards.greenhouse.io/newsela/jobs/8003912,"Director, Revenue Marketing ( , US)",Marketing Managers,"Director, Revenue Marketing",0,Newsela,False,,,,False,Associate's degree,Associate's degree,"{'min': '', 'max': '', 'currency': '', 'period': '', 'summary': ''}",,,,Remote,Remote,,Remote,,5241,,Marketing Managers,"[""Accountability"", ""Analytics""]","[""Analytics""]","[""Accountability""]",[],[]
398801,2026-06-07,,,https://www.welcometothejungle.com/en/companies/5HzTKb/jobs/field-marketing-manager_austin_i5emibnz,Field Marketing Manager,Marketing Managers,Field Marketing Manager,0,Cockroach Labs,False,Full Time,,,False,Associate's degree,Associate's degree,"USD 85,000 - 125,000 Yearly",85000.0,125000.0,annual,On-site,"New York, New York",New York,New York,"New York-Newark-Jersey City, NY-NJ",5241,,Marketing Managers,"[""Automation""]","[""Automation""]",[],[],[]
293774,2026-06-22,,,https://job-boards.greenhouse.io/chainguard/jobs/4688506006,Field Marketing Manager - NY Metro,Marketing Managers,Field Marketing Manager - NY Metro,0,Chainguard,False,,,,False,Associate's degree,Associate's degree,"{'min': '', 'max': '', 'currency': '', 'period': '', 'summary': ''}",,,,Remote,Remote,,Remote,,5241,,Marketing Managers,"[""AI Agents"", ""Analytical Skills"", ""Business Objectives""]","[""AI Agents""]","[""Analytical Skills"", ""Business Objectives""]",[],[]
297009,2026-06-22,,,https://account.amazon.jobs/jobs/10455542/apply,"Finance Manager, US 3P Finance",Marketing Managers,"Finance Manager, US 3P Finance",0,Amazon,False,Full Time,,,False,Associate's degree,Associate's degree,"{'min': '', 'max': '', 'currency': '', 'period': '', 'summary': ''}",,,,Unknown,"Washington, District of Columbia",Washington,District of Columbia,"Washington-Arlington-Alexandria, DC-VA-MD-WV",5241,,Marketing Managers,"[""Analytics"", ""Automation"", ""Business Acumen"", ""Business Decisions""]","[""Analytics"", ""Automation"", ""Business Decisions""]","[""Business Acumen""]",[],[]
232146,2026-06-26,,,https://join.com/companies/lightly/jobs/16365113-freelance-geopolitical-and-event-forecasting-experts-at-ai-startup,Freelance Geopolitical & Event Forecasting Experts at AI Startup,Marketing Managers,Freelance Geopolitical & Event Forecasting Experts at AI Startup,0,Lightly,False,Contract,,,False,Bachelor's degree,Bachelor's degree,"{'min': '', 'max': '', 'currency': '', 'period': '', 'summary': ''}",,,,Unknown,"San, Francisco",San,Francisco,,5241,,Marketing Managers,,,,,
231509,2026-06-26,,,https://pantheon.io/about/careers/detail?gh_jid=8029559,GTM Growth Marketer,Marketing Managers,GTM Growth Marketer,0,Pantheon,False,,,,False,Associate's degree,Associate's degree,"{'min': '', 'max': '', 'currency': '', 'period': '', 'summary': ''}",,,,Remote,(Remote),,(Remote),,5241,,Marketing Managers,"[""Analytics""]","[""Analytics""]",[],[],[]
320867,2026-06-18,,,https://www.welcometothejungle.com/en/companies/kN2d4T/jobs/sourcer_us_kpvhzx7w,GTM/G&A Sourcer,Marketing Managers,GTM/G&A Sourcer,0,Replit,False,Full Time,,,False,Associate's degree,Associate's degree,"USD 125,000 - 150,000 Yearly",125000.0,150000.0,annual,Remote,United States,,,,5241,,Marketing Managers,"[""Business Acumen""]",[],"[""Business Acumen""]",[],[]
434498,2026-05-29,,,https://bad-marketing.breezy.hr/p/292e53fec35f-growth-marketing-manager-direct-response,"Growth Marketing Manager, Direct Response",Marketing Managers,"Growth Marketing Manager, Direct Response",0,BAD Marketing,False,Full Time,,,False,Associate's degree,Associate's degree,"USD 90,000 - 120,000 Yearly",90000.0,120000.0,annual,Remote,United States,,,,5241,,Marketing Managers,"[""Account Management""]","[""Account Management""]",[],[],[]
308233,2026-06-19,,,https://jobs.ashbyhq.com/solace/6f9534b6-1a96-4d4c-9434-0db094d0e87d/application,Growth Product Manager,Marketing Managers,Growth Product Manager,0,Solace,False,Full Time,,,False,Associate's degree,Associate's degree,"USD 110,000 - 130,000 Yearly",110000.0,130000.0,annual,Unknown,United States,,,,5241,,Marketing Managers,"[""A/B Testing"", ""Advocacy"", ""Analytics""]","[""A/B Testing"", ""Analytics""]","[""Advocacy""]",[],[]
282829,2026-06-23,,,https://jobs.lever.co/jobgether/1ad994ac-1fab-40f2-9fb9-4066a716fffb/apply,Head of Growth & Demand Generation,Marketing Managers,Head of Growth & Demand Generation,0,Jobgether,False,Full Time,,,False,Bachelor's degree,Bachelor's degree,"{'min': '', 'max': '', 'currency': '', 'period': '', 'summary': ''}",,,,Hybrid,US,,,,5241,,Marketing Managers,"[""Accountability""]",[],"[""Accountability""]",[],[]
156452,2026-06-05,,,https://teamnorthwoods.bamboohr.com/careers/225,Head of Sales,Marketing Managers,Head of Sales,0,Northwoods,False,Full Time,,,False,Associate's degree,Master's degree,,,,,Unknown,"Dublin, Ohio, United States",Ohio,United States,,5241,,Marketing Managers,"[""Accountability"", ""Build Pipeline""]","[""Build Pipeline""]","[""Accountability""]",[],[]
2872,2026-05-16,,,https://evercommerce.wd1.myworkdayjobs.com/en-US/EverCommerce_Careers/job/Remote--US/EverPro---Junior-Product-Manager---Security---Alarm--Remote-_R-106175,Junior Product Manager (Security & Alarm),Marketing Managers,Junior Product Manager,0,EverCommerce,False,Full Time,,,False,Associate's degree,Associate's degree,$85k - $95k per year,85000.0,95000.0,annual,Hybrid,"Remote- US, United States of America {{REMOTE}}",,,,5241,,Marketing Managers,"[""Accounting"", ""Accounting Software"", ""Agile Software Development"", ""Alarm Monitoring"", ""Azure DevOps"", ""Business Analysis"", ""Business Operations""]","[""Accounting"", ""Accounting Software"", ""Agile Software Development"", ""Alarm Monitoring"", ""Azure DevOps"", ""Business Analysis"", ""Business Operations""]",[],[],[]
210540,2026-06-05,,,https://www.qventus.com/company/working-qventus/job?gh_jid=4259848009,Lead Product Manager (Application Platform),Marketing Managers,Lead Product Manager,0,Qventus,False,Full Time,,,False,Associate's degree,Associate's degree,$160k - $200k per year,160000.0,200000.0,annual,Remote,"Remote, United States",Remote,United States,,5241,,Marketing Managers,"[""Analytics"", ""Automation""]","[""Analytics"", ""Automation""]",[],[],[]
208039,2026-06-05,,,https://liftoff.io/job/7985744?gh_jid=7985744,Lead Product Marketing Manager,Marketing Managers,Lead Product Marketing Manager,0,Liftoff Mobile,False,Full Time,,,False,Associate's degree,Master's degree,,,,,Remote,United States,,,,5241,,Marketing Managers,"[""Blogs""]","[""Blogs""]",[],[],[]
400175,2026-06-05,,,https://liftoff.io/job/7985744?gh_jid=7985744,Lead Product Marketing Manager,Marketing Managers,Lead Product Marketing Manager,0,Liftoff,False,Full Time,,,False,Associate's degree,Master's degree,"{'min': '', 'max': '', 'currency': '', 'period': '', 'summary': ''}",,,,Remote,(Remote),,(Remote),,5241,,Marketing Managers,"[""Blogs""]","[""Blogs""]",[],[],[]
295053,2026-06-22,,,https://jobs.lever.co/jobgether/8bd4ae4a-5a5d-401b-a5cc-5e7f2944f04b/apply,Lifecycle Marketing Manager,Marketing Managers,Lifecycle Marketing Manager,0,Jobgether,False,Full Time,,,False,Associate's degree,Associate's degree,"{'min': '', 'max': '', 'currency': '', 'period': '', 'summary': ''}",,,,Remote,US,,,,5241,,Marketing Managers,"[""A/B Testing"", ""Advanced Logic"", ""Analytics"", ""Authentication Protocols"", ""Automation"", ""Campaign Management""]","[""A/B Testing"", ""Advanced Logic"", ""Analytics"", ""Authentication Protocols"", ""Automation"", ""Campaign Management""]",[],[],[]
246164,2026-06-25,,,https://jobs.ashbyhq.com/tapcart/f9b813c1-aa29-49c4-ab25-c57704b7e7b2/application,Marketing Manager,Marketing Managers,Marketing Manager,0,Tapcart,False,Full Time,,,False,Associate's degree,Master's degree,"USD 140,000 - 150,000 Yearly",140000.0,150000.0,annual,Remote,United States,,,,5241,,Marketing Managers,"[""Asana"", ""Automation"", ""Building Performance""]","[""Asana"", ""Automation"", ""Building Performance""]",[],[],[]
227568,2026-06-28,,,https://www.welcometothejungle.com/en/companies/i2BWAt/jobs/marketing-manager-freelance_us_ude4geok,Marketing Manager (Freelance),Marketing Managers,Marketing Manager,0,Dotdash Meredith,False,"Full Time, Contract",,,False,Associate's degree,Bachelor's degree,"{'min': '', 'max': '', 'currency': '', 'period': 'YEAR', 'summary': ''}",,,annual,Unknown,United States,,,,5241,,Marketing Managers,"[""Ability To Meet Deadlines""]",[],"[""Ability To Meet Deadlines""]",[],[]
361379,2026-06-12,,,https://jobs.smartrecruiters.com/Versant3/744000131966840-marketing-manager-cnbc?oga=true,Marketing Manager - CNBC,Marketing Managers,Marketing Manager - CNBC,0,Versant3,False,Full Time,,,False,Associate's degree,Master's degree,"{'min': '', 'max': '', 'currency': '', 'period': '', 'summary': ''}",,,,Hybrid,"Englewood Cliffs, New Jersey",Englewood Cliffs,New Jersey,,5241,,Marketing Managers,"[""Analytics"", ""Brand Marketing""]","[""Analytics"", ""Brand Marketing""]",[],[],[]
246167,2026-06-25,,,https://jobs.ashbyhq.com/tapcart/66e0e722-2f1d-4f01-8477-78bd649d6cbe/application,Marketing Ops Manager,Marketing Managers,Marketing Ops Manager,0,Tapcart,False,Full Time,,,False,Associate's degree,Master's degree,"USD 140,000 - 150,000 Yearly",140000.0,150000.0,annual,Remote,United States,,,,5241,,Marketing Managers,"[""Asana"", ""Automation"", ""Building Performance""]","[""Asana"", ""Automation"", ""Building Performance""]",[],[],[]
371575,2026-06-11,,,https://jobs.ashbyhq.com/voldex/fc23b710-a343-41a2-a162-b90fdc2bb113/application,Partnership Sales Lead,Marketing Managers,Partnership Sales Lead,0,Voldex,False,Full Time,,,False,Associate's degree,Associate's degree,"{'min': '', 'max': '', 'currency': '', 'period': '', 'summary': ''}",,,,Remote,Remote,,Remote,,5241,,Marketing Managers,"[""Account Management""]","[""Account Management""]",[],[],[]
342168,2026-06-16,,,https://account.amazon.jobs/jobs/10450951/apply,"Principal Product Manager Tech, Amazon Talent Solutions",Marketing Managers,"Principal Product Manager Tech, Amazon Talent Solutions",0,Amazon,True,Full Time,,,False,Associate's degree,Associate's degree,"{'min': '', 'max': '', 'currency': '', 'period': '', 'summary': ''}",,,,Unknown,"Washington, District of Columbia",Washington,District of Columbia,"Washington-Arlington-Alexandria, DC-VA-MD-WV",5241,,Marketing Managers,"[""Automation""]","[""Automation""]",[],[],[]
427850,2026-06-01,,,https://account.amazon.jobs/jobs/10435812/apply,"Principal Product Manager, Cross Border",Marketing Managers,"Principal Product Manager, Cross Border",0,Amazon,False,Full Time,,,False,Bachelor's degree,Bachelor's degree,"{'min': '', 'max': '', 'currency': '', 'period': '', 'summary': ''}",,,,Unknown,"Washington, District of Columbia",Washington,District of Columbia,"Washington-Arlington-Alexandria, DC-VA-MD-WV",5241,,Marketing Managers,"[""Accounting""]","[""Accounting""]",[],[],[]
413475,2026-06-03,,,https://jobs.ashbyhq.com/nevis/a387af7b-075a-4b84-8380-480a91af5c85/application,Product Designer,Marketing Managers,Product Designer,0,Nevis,False,Full Time,,,False,Bachelor's degree,Bachelor's degree,"{'min': '', 'max': '', 'currency': '', 'period': '', 'summary': ''}",,,,Remote,Remote,,Remote,,5241,,Marketing Managers,,,,,
370146,2026-06-11,,,https://boards.greenhouse.io/6sense/jobs/7994497?gh_jid=7994497,"Product Lead, Predictive Platform",Marketing Managers,"Product Lead, Predictive Platform",0,6Sense,False,Full Time,,,False,Associate's degree,Associate's degree,"{'min': '', 'max': '', 'currency': '', 'period': '', 'summary': ''}",,,,Remote,Remote,,Remote,,5241,,Marketing Managers,"[""Accountability"", ""Business Requirements""]","[""Business Requirements""]","[""Accountability""]",[],[]
69830,2026-06-03,,,https://job-boards.greenhouse.io/2k/jobs/7742033003,Product Manager,Marketing Managers,Product Manager,0,2K,False,Full Time,,,False,Associate's degree,Associate's degree,,,,,Hybrid,"Novato, California, United States",California,United States,,5241,,Marketing Managers,"[""Advocacy"", ""Analytical Skills"", ""Analytics""]","[""Analytics""]","[""Advocacy"", ""Analytical Skills""]",[],[]
413150,2026-06-03,,,https://job-boards.greenhouse.io/2k/jobs/7742033003,Product Manager,Marketing Managers,Product Manager,0,2K,False,Full Time,,,False,Associate's degree,Associate's degree,"{'min': '', 'max': '', 'currency': '', 'period': '', 'summary': ''}",,,,Hybrid,"Novato, California",Novato,California,,5241,,Marketing Managers,"[""Advocacy"", ""Analytical Skills"", ""Analytics""]","[""Analytics""]","[""Advocacy"", ""Analytical Skills""]",[],[]
304932,2026-06-21,,,https://www.welcometothejungle.com/en/companies/C5Jui5/jobs/product-manager-gtm-experiences_new-york_63vk72xj,Product Manager (GTM Experiences),Marketing Managers,Product Manager,0,Anthropic,False,Full Time,,,False,Associate's degree,Bachelor's degree,"USD 305,000 - 385,000 Yearly",305000.0,385000.0,annual,Unknown,"New York, New York",New York,New York,"New York-Newark-Jersey City, NY-NJ",5241,,Marketing Managers,"[""AI Safety"", ""Billing""]","[""AI Safety"", ""Billing""]",[],[],[]
199903,2026-06-06,,,https://jobs.ashbyhq.com/steadily/9059df82-566c-4974-9128-c913792ec45b,Product Marketing Lead,Marketing Managers,Product Marketing Lead,0,Steadily,False,Full Time,,,False,Associate's degree,Associate's degree,,,,,Unknown,"Austin, Texas, USA",Texas,USA,,5241,,Marketing Managers,"[""Business Development""]","[""Business Development""]",[],[],[]
100379,2026-06-05,,,https://ats.rippling.com/leadsurge/jobs/3113fb97-ae64-44ae-a77c-781f9f530bd2,Product Owner,Marketing Managers,Product Owner,0,Lead Surge LLC,False,Full Time,,,False,Associate's degree,Associate's degree,USD 135000 - 145000 per YEAR,135000.0,145000.0,annual,Remote,United States,,,,5241,,Marketing Managers,"[""Accountability""]",[],"[""Accountability""]",[],[]
432771,2026-05-30,,,https://www.welcometothejungle.com/en/companies/VWab97/jobs/product-risk-and-compliance-expansion-senior-manager_austin_WISE_lMAamYx,Product Risk and Compliance- Expansion Senior Manager,Marketing Managers,Product Risk and Compliance- Expansion Senior Manager,0,Wise,False,Full Time,,,False,Associate's degree,Associate's degree,"USD 134,000 - 198,000 Yearly",134000.0,198000.0,annual,Unknown,"Austin, Texas",Austin,Texas,,5241,,Marketing Managers,"[""Analytics"", ""Business Decisions""]","[""Analytics"", ""Business Decisions""]",[],[],[]
317785,2026-06-18,,,https://job-boards.greenhouse.io/oura/jobs/4287993009,"Program Management Lead, Product Go-to-Market",Marketing Managers,"Program Management Lead, Product Go-to-Market",0,Oura,False,,,,False,Associate's degree,Master's degree,"{'min': '', 'max': '', 'currency': '', 'period': '', 'summary': ''}",,,,Hybrid,Remote,,Remote,,5241,,Marketing Managers,,,,,
412252,2026-06-04,,,https://apply.workable.com/j/41B4686BE7/apply,Quality Assurance Analyst II,Marketing Managers,Quality Assurance Analyst II,0,Theinclab,False,Full Time,,,False,Postsecondary nondegree award,Bachelor's degree,"{'min': '', 'max': '', 'currency': '', 'period': '', 'summary': ''}",,,,Hybrid,"Colorado Springs, Colorado",Colorado Springs,Colorado,,5241,,Marketing Managers,"[""Analytical Thinking"", ""API Testing"", ""Artificial Intelligence"", ""Automation""]","[""API Testing"", ""Artificial Intelligence"", ""Automation""]","[""Analytical Thinking""]",[],[]
40216,2026-06-02,,,https://phh.tbe.taleo.net/phh01/ats/careers/v2/viewRequisition?cws=37&org=BASESOLU&rid=2582,Risk and Compliance Analyst,Marketing Managers,Risk and Compliance Analyst,0,"Base-2 Solutions, LLC",False,Contract,,,False,Postsecondary nondegree award,Bachelor's degree,,,,,Remote,United States,,,,5241,,Marketing Managers,"[""Business Development"", ""Capability Development""]","[""Business Development"", ""Capability Development""]",[],[],[]
112087,2026-06-05,,,https://jobs.workable.com/view/jiLF1t8fqCgm4TzS7wULks/remote-sales-development-representative-in-united-states-at-huzzle,Sales Development Representative,Marketing Managers,Sales Development Representative,0,Huzzle.com,True,Full Time,,,False,Associate's degree,Associate's degree,,,,,Remote,United States,,,,5241,,Marketing Managers,"[""Auditing"", ""Billing"", ""Business Development""]","[""Auditing"", ""Billing"", ""Business Development""]",[],[],[]
237074,2026-06-26,,,https://www.welcometothejungle.com/en/companies/NVvUnD/jobs/ai-product-manager_san-francisco_lcy56tp7,Senior AI Product Manager (Finance Agents),Marketing Managers,Senior AI Product Manager,0,Scale AI,False,Full Time,,,False,Associate's degree,Associate's degree,"USD 205,000 - 257,000 Yearly",205000.0,257000.0,annual,Unknown,"New York, New York",New York,New York,"New York-Newark-Jersey City, NY-NJ",5241,,Marketing Managers,"[""AI Research"", ""Banking""]","[""AI Research"", ""Banking""]",[],[],[]
348811,2026-06-15,,,https://jobs.ashbyhq.com/solace/d31b0889-bf32-4d1d-b7fe-3f7202ad8735/application,Senior Associate Product Manager,Marketing Managers,Senior Associate Product Manager,0,Solace,False,Full Time,,,False,Associate's degree,Associate's degree,"{'min': '', 'max': '', 'currency': '', 'period': '', 'summary': ''}",,,,Unknown,United States,,,,5241,,Marketing Managers,"[""Advocacy""]",[],"[""Advocacy""]",[],[]
400309,2026-06-05,,,https://jobs.gem.com/daxko/am9icG9zdDrlSzdTBCOe7GDIPH_KKQ4o,Senior Demand Marketing Manager,Marketing Managers,Senior Demand Marketing Manager,0,Daxko,False,Full Time,,,False,Bachelor's degree,Bachelor's degree,Where you fall within the compensation range is based on how you demonstrate the skills and competencies needed for the role. We typically reserve the upper half of our compensation bands for team members who have grown within Daxko. In addition to base s,,,annual,Hybrid,Birmingham,,Birmingham,,5241,,Marketing Managers,"[""Accountability"", ""Analytical Skills"", ""Analytics"", ""Audience Segmentation"", ""Automation""]","[""Analytics"", ""Audience Segmentation"", ""Automation""]","[""Accountability"", ""Analytical Skills""]",[],[]
296918,2026-06-22,,,https://account.amazon.jobs/jobs/10455093/apply,"Senior Finance Manager - Cash Flow Forecasting, Corporate FP&A",Marketing Managers,"Senior Finance Manager - Cash Flow Forecasting, Corporate FP&A",0,Amazon,False,Full Time,,,False,Bachelor's degree,Bachelor's degree,"{'min': '', 'max': '', 'currency': '', 'period': '', 'summary': ''}",,,,Unknown,"Washington, District of Columbia",Washington,District of Columbia,"Washington-Arlington-Alexandria, DC-VA-MD-WV",5241,,Marketing Managers,"[""Accounting"", ""Capital Expenditure"", ""Cash Flow Forecasting""]","[""Accounting"", ""Capital Expenditure"", ""Cash Flow Forecasting""]",[],[],[]
369754,2026-06-11,,,https://job-boards.greenhouse.io/twilio/jobs/8001044,"Senior Financial Analyst, R&D Finance",Marketing Managers,"Senior Financial Analyst, R&D Finance",0,Twilio,False,,,,False,Associate's degree,Bachelor's degree,"{'min': '', 'max': '', 'currency': '', 'period': '', 'summary': ''}",,,,Remote,Remote,,Remote,,5241,,Marketing Managers,"[""Accounting"", ""Anaplan"", ""Artificial Intelligence"", ""Automation"", ""Billing"", ""Capacity Utilization""]","[""Accounting"", ""Anaplan"", ""Artificial Intelligence"", ""Automation"", ""Billing"", ""Capacity Utilization""]",[],[],[]
432714,2026-05-30,,,https://www.welcometothejungle.com/en/companies/suLt71/jobs/senior-gtm-strategy-manager_santa-monica_ex232fha,Senior GTM Strategy Manager,Marketing Managers,Senior GTM Strategy Manager,0,O Positiv,False,Full Time,,,False,Associate's degree,Associate's degree,"USD 160,000 - 180,000 Yearly",160000.0,180000.0,annual,Unknown,"Santa, Monica",Santa,Monica,,5241,,Marketing Managers,"[""Accountability"", ""Analytical Skills"", ""Banking""]","[""Banking""]","[""Accountability"", ""Analytical Skills""]",[],[]
59436,2026-06-03,,,https://beamorganics.applytojob.com/apply/KcwWnCB0wI/Senior-Growth-Marketing-Manager,Senior Growth Marketing Manager,Marketing Managers,Senior Growth Marketing Manager,0,Beam Organics,False,Full Time,,,False,Associate's degree,Master's degree,,,,,Hybrid,"New York City, NY, United States",NY,United States,,5241,,Marketing Managers,"[""Agency Management""]","[""Agency Management""]",[],[],[]
317205,2026-06-18,,,https://jobs.gem.com/bilt/am9icG9zdDokyrbgMsK005UQd9mFmxs-,Senior Growth Marketing Manager,Marketing Managers,Senior Growth Marketing Manager,0,Bilt,False,Full Time,,,False,Associate's degree,Associate's degree,"{'min': '', 'max': '', 'currency': '', 'period': '', 'summary': ''}",,,,Unknown,"New York, New York",New York,New York,"New York-Newark-Jersey City, NY-NJ",5241,,Marketing Managers,"[""Accountability"", ""Campaign Management""]","[""Campaign Management""]","[""Accountability""]",[],[]
409140,2026-06-04,,,https://www.welcometothejungle.com/en/companies/VWab97/jobs/senior-product-compliance-manager_austin,Senior Product Compliance Manager,Marketing Managers,Senior Product Compliance Manager,0,Wise,False,Full Time,,,False,Associate's degree,Associate's degree,"USD 134,000 - 198,000 Yearly",134000.0,198000.0,annual,Unknown,"Austin, Texas",Austin,Texas,,5241,,Marketing Managers,"[""Analytics"", ""Business Decisions""]","[""Analytics"", ""Business Decisions""]",[],[],[]
2978,2026-05-17,,,https://jobs.ashbyhq.com/Tabs/29615831-71c3-46b4-9a16-0879d664674e,Senior Product Manager (ERP Integrations),Marketing Managers,Senior Product Manager,0,Tabs,False,Full Time,,,False,Associate's degree,Associate's degree,$160k - $220k per year,160000.0,220000.0,annual,Unknown,"New York, New York, United States",New York,United States,,5241,,Marketing Managers,"[""Billing"", ""Business Requirements""]","[""Billing"", ""Business Requirements""]",[],[],[]
348785,2026-06-15,,,https://job-boards.greenhouse.io/nmi/jobs/5262738008,Senior Product Manager - A2A & Money Movement,Marketing Managers,Senior Product Manager - A2A & Money Movement,0,Nmi,False,,,,False,Associate's degree,Associate's degree,"{'min': '', 'max': '', 'currency': '', 'period': '', 'summary': ''}",,,,Remote,Remote,,Remote,,5241,,Marketing Managers,"[""Banking""]","[""Banking""]",[],[],[]
451998,2026-05-20,,,https://account.amazon.jobs/jobs/10425749/apply,"Senior Product Manager, Alexa & Echo Sales & Marketing",Marketing Managers,"Senior Product Manager, Alexa & Echo Sales & Marketing",0,Amazon,False,Full Time,,,False,Associate's degree,Associate's degree,"{'min': '', 'max': '', 'currency': '', 'period': '', 'summary': ''}",,,,Unknown,"Seattle, Washington",Seattle,Washington,,5241,,Marketing Managers,"[""Business Acumen""]",[],"[""Business Acumen""]",[],[]
67809,2026-06-02,,,https://fa-evlf-saasfaprod1.fa.ocs.oraclecloud.com/hcmUI/CandidateExperience/en/sites/CX_1/job/39129,Senior Product Manager- Pricing Platforms,Marketing Managers,Senior Product Manager- Pricing Platforms,0,Hertz,False,Full Time,,,False,Associate's degree,Associate's degree,$150k per year,150000.0,150000.0,annual,Unknown,United States,,,,5241,,Marketing Managers,"[""Accruals"", ""Business Objectives""]","[""Accruals""]","[""Business Objectives""]",[],[]
9870,2026-05-23,,,https://jobs.ashbyhq.com/ironcladhq/1c866a1c-53fa-4ba1-aca4-01d7b3579619,Senior Product Marketing Manager (Buy-Side),Marketing Managers,Senior Product Marketing Manager,0,Ironclad,False,Contract,,,False,Associate's degree,Associate's degree,$155k - $195k per year,155000.0,195000.0,annual,Remote,"San Francisco, California, United States {{REMOTE}}",,,,5241,,Marketing Managers,"[""Automation""]","[""Automation""]",[],[],[]
3057,2026-05-17,,,https://boards.greenhouse.io/zuora/jobs/7735372?gh_jid=7735372,Senior Product Marketing Manager (GSI & Ecosystem GTM),Marketing Managers,Senior Product Marketing Manager,0,Zuora,False,Full Time,,,False,Associate's degree,Associate's degree,$155.8k - $214.2k per year,155800.0,214200.0,annual,Unknown,"Foster City, California, United States",California,United States,,5241,,Marketing Managers,,,,,
65845,2026-06-04,,,https://boards.greenhouse.io/justworks/jobs/7930220?gh_jid=7930220,Senior Product Marketing Manager (Release Marketing),Marketing Managers,Senior Product Marketing Manager,0,Justworks,False,Full Time,,,False,Associate's degree,Associate's degree,$147k - $190k per year,147000.0,190000.0,annual,Remote,"New York, New York",New York,New York,"New York-Newark-Jersey City, NY-NJ",5241,,Marketing Managers,"[""Automation"", ""Blogs"", ""Budgeting""]","[""Automation"", ""Blogs""]","[""Budgeting""]",[],[]
361842,2026-06-12,,,https://job-boards.greenhouse.io/checkr/jobs/7997305,Senior Strategic Finance Manager - Marketing,Marketing Managers,Senior Strategic Finance Manager - Marketing,0,Checkr,False,,,,False,Associate's degree,Associate's degree,"{'min': '', 'max': '', 'currency': '', 'period': '', 'summary': ''}",,,,Remote,"San Francisco, California",San Francisco,California,,5241,,Marketing Managers,"[""Banking"", ""Budget Management""]","[""Banking"", ""Budget Management""]",[],[],[]
434854,2026-05-29,,,https://careers-ice.icims.com/jobs/13075/senior-technical-product-manager/job?in_iframe=1,Senior Technical Product Manager,Marketing Managers,Senior Technical Product Manager,0,Ice,False,Full Time,,,False,Bachelor's degree,Bachelor's degree,"{'min': '', 'max': '', 'currency': '', 'period': '', 'summary': ''}",,,,Unknown,"Atlanta, Georgia",Atlanta,Georgia,,5241,,Marketing Managers,"[""Automation""]","[""Automation""]",[],[],[]
318341,2026-06-18,,,https://job-boards.greenhouse.io/echodynecorp/jobs/4687051006,Solutions Engineering Integration Specialist,Marketing Managers,Solutions Engineering Integration Specialist,0,Echodynecorp,False,Full Time,,,False,Associate's degree,Associate's degree,"{'min': '', 'max': '', 'currency': '', 'period': '', 'summary': ''}",,,,Remote,Remote,,Remote,,5241,,Marketing Managers,"[""Airspace"", ""Application Notes"", ""Autonomous Vehicles""]","[""Airspace"", ""Application Notes"", ""Autonomous Vehicles""]",[],[],[]
283253,2026-06-23,,,https://careers-herbalife.icims.com/jobs/19175/sr-manager%2c-ww-product-marketing/job?in_iframe=1,"Sr Manager, WW Product Marketing",Marketing Managers,"Sr Manager, WW Product Marketing",0,Herbalife,False,Full Time,,,False,Associate's degree,Master's degree,"{'min': '', 'max': '', 'currency': '', 'period': '', 'summary': ''}",,,,Unknown,"Torrance, California",Torrance,California,,5241,,Marketing Managers,"[""Accountability"", ""Business Acumen"", ""Business Metrics""]","[""Business Metrics""]","[""Accountability"", ""Business Acumen""]",[],[]
348921,2026-06-15,,,https://ats.rippling.com/excel/jobs/878b139b-836b-4303-b694-d1b5ee43e3ac,Sr. Performance Marketing Manager - SEM & Contextual,Marketing Managers,Sr. Performance Marketing Manager - SEM & Contextual,0,Excel,False,Full Time,,,False,Associate's degree,Associate's degree,"{'min': '', 'max': '', 'currency': '', 'period': '', 'summary': ''}",,,,Hybrid,"Florida, )",Florida,),,5241,,Marketing Managers,"[""Accountability"", ""Advanced Analytics"", ""Analytics"", ""Bidding""]","[""Advanced Analytics"", ""Analytics"", ""Bidding""]","[""Accountability""]",[],[]
164698,2026-06-05,,,https://wexinc.wd5.myworkdayjobs.com/WEXInc/job/US---Remote/Sr-Product-Manager--Onboarding-Experience_R22032,"Sr. Product Manager, Onboarding Experience",Marketing Managers,"Sr. Product Manager, Onboarding Experience",0,WEX,False,Full Time,,,False,Associate's degree,Bachelor's degree,USD 125300 - 154100 per YEAR,125300.0,154100.0,annual,Unknown,"Lower Macungie Township, Pennsylvania, United States",Pennsylvania,United States,,5241,,Marketing Managers,"[""Agentic AI"", ""Big Data"", ""Business Objectives""]","[""Agentic AI"", ""Big Data""]","[""Business Objectives""]",[],[]
370136,2026-06-11,,,https://boards.greenhouse.io/6sense/jobs/7994493?gh_jid=7994493,"Sr. Product Manager, Specialized Modeling & Verticals",Marketing Managers,"Sr. Product Manager, Specialized Modeling & Verticals",0,6Sense,False,Full Time,,,False,Associate's degree,Associate's degree,"{'min': '', 'max': '', 'currency': '', 'period': '', 'summary': ''}",,,,Remote,Remote,,Remote,,5241,,Marketing Managers,"[""Business Problems""]","[""Business Problems""]",[],[],[]
268732,2026-06-24,,,https://jobs.ashbyhq.com/deepgram/790579d8-6474-42ca-9104-9a4bafcf13e9/application,Staff Product Analyst,Marketing Managers,Staff Product Analyst,0,Deepgram,False,Full Time,,,False,Associate's degree,Associate's degree,"USD 180,000 - 230,000 Yearly",180000.0,230000.0,annual,Remote,"|, Remote",|,Remote,,5241,,Marketing Managers,"[""A/B Testing"", ""Analytics"", ""Causal Inference""]","[""A/B Testing"", ""Analytics"", ""Causal Inference""]",[],[],[]
311566,2026-06-19,,,https://www.welcometothejungle.com/en/companies/NUF15B/jobs/staff-product-manager_new-york_ya5v3t2o,Staff Product Manager,Marketing Managers,Staff Product Manager,0,Headway,False,Full Time,,,False,Associate's degree,Associate's degree,"USD 212,000 - 331,500 Yearly",212000.0,331500.0,annual,Unknown,"New York, New York",New York,New York,"New York-Newark-Jersey City, NY-NJ",5241,,Marketing Managers,,,,,
249055,2026-06-25,,,https://jobs.lever.co/jobgether/d7342bcd-35bc-4e2d-9626-a7a1312400b5/apply,Staff Product Manager,Marketing Managers,Staff Product Manager,0,Jobgether,False,Full Time,,,False,Associate's degree,Associate's degree,"{'min': '', 'max': '', 'currency': '', 'period': '', 'summary': ''}",,,,Remote,US,,,,5241,,Marketing Managers,"[""Billing""]","[""Billing""]",[],[],[]
2133,2026-05-15,,,https://jobs.ashbyhq.com/savvyinsurance-trellis/71c99874-20ef-4651-b4bf-4f268cd4becb,Staff Product Manager (Conversational AI),Marketing Managers,Staff Product Manager,0,Trellis,False,Full Time,,,False,Associate's degree,Associate's degree,$159k - $210k per year,159000.0,210000.0,annual,Remote,United States {{REMOTE}},,,,5241,,Marketing Managers,"[""Abstractions"", ""Analytics""]","[""Abstractions"", ""Analytics""]",[],[],[]
3060,2026-05-17,,,https://careers.snowflake.com/us/en/job/SNCOUSF1B77C7FBD174E53BEB436A6B0ACAD90EXTERNALENUS2860302B444C49F4B764FF462EFBFCC0/Staff-Product-Manager-Unistore-Hybrid-Tables,Staff Product Manager (Unistore - Hybrid Tables),Marketing Managers,Staff Product Manager,0,Snowflake,False,Full Time,,,False,Associate's degree,Associate's degree,$236k - $339.2k per year,236000.0,339200.0,annual,Hybrid,"Bellevue, Washington, United States",Washington,United States,,5241,,Marketing Managers,,,,,
41722,2026-06-02,,,https://job-boards.greenhouse.io/babylist/jobs/6011022004,"Staff Product Manager, Recommendations & Discovery",Marketing Managers,"Staff Product Manager, Recommendations & Discovery",0,Babylist,False,,,,False,Associate's degree,Associate's degree,,,,,Remote,United States & Canada,,,,5241,,Marketing Managers,"[""Adaptability"", ""Business Objectives"", ""Business Problems""]","[""Business Problems""]","[""Adaptability"", ""Business Objectives""]",[],[]
231219,2026-06-26,,,https://www.bill.com/job?6101018004&gh_jid=6101018004,"Staff Product Marketing Manager, Integration Stack and Developer Ecosystem",Marketing Managers,"Staff Product Marketing Manager, Integration Stack and Developer Ecosystem",0,Billcom,False,,,,False,Associate's degree,Associate's degree,"{'min': '', 'max': '', 'currency': '', 'period': '', 'summary': ''}",,,,Remote,United States,,,,5241,,Marketing Managers,"[""Accounting"", ""Automation"", ""Banking""]","[""Accounting"", ""Automation"", ""Banking""]",[],[],[]
59620,2026-06-03,,,https://bremontwatchcompany-1747397724.teamtailor.com/jobs/7842075-us-marketing-manager,US Marketing Manager,Marketing Managers,US Marketing Manager,0,Bremont Watch Company,False,Full Time,,,False,Bachelor's degree,Bachelor's degree,,,,,Hybrid,United States,,,,5241,,Marketing Managers,"[""Brand Activation"", ""Brand Messaging"", ""Career Development""]","[""Brand Activation"", ""Brand Messaging"", ""Career Development""]",[],[],[]
231136,2026-06-26,,,https://job-boards.greenhouse.io/eve/jobs/4296214009,"Vice President of Sales, Large Accounts",Marketing Managers,"Vice President of Sales, Large Accounts",0,Eve,False,Contract,,,False,Associate's degree,Associate's degree,"{'min': '', 'max': '', 'currency': '', 'period': '', 'summary': ''}",,,,Remote,Remote,,Remote,,5241,,Marketing Managers,"[""Accountability"", ""Artificial Intelligence""]","[""Artificial Intelligence""]","[""Accountability""]",[],[]
431316,2026-06-01,,,https://apply.workable.com/j/4D91952567/apply,Licensed Clinical Marriage & Family Therapist (LCMFT),Marriage and Family Therapists,Licensed Clinical Marriage & Family Therapist,0,Gotham-Enterprises,False,Full Time,,,False,Associate's degree,Master's degree,"{'min': '', 'max': '', 'currency': '', 'period': '', 'summary': ''}",,,,Remote,"Columbia, Maryland",Columbia,Maryland,,5241,,Marriage and Family Therapists,,,,,
76894,2026-06-04,,,https://handandstonesolonmacedonia.careerplug.com/jobs/3439850/apps/new,Licensed Massage Therapist,Massage Therapists,Licensed Massage Therapist,0,"Hand & Stone - 2645 W Osceola Pwky - Kissimmee, FL",False,Part Time,,,False,Postsecondary nondegree award,Postsecondary nondegree award,USD 45 - 70 per HOUR,45.0,70.0,hourly,Unknown,"Macedonia, Ohio, United States",Ohio,United States,,5241,,Massage Therapists,,,,,
377161,2026-06-10,,,https://boards.greenhouse.io/cottinghambutlerinsuranceservicesinc/jobs/5253848008?gh_jid=5253848008,Condition Management Account Coordinator,Medical Assistants,Condition Management Account Coordinator,0,Cottinghambutlerinsuranceservicesinc,False,,,,False,Postsecondary nondegree award,Postsecondary nondegree award,"{'min': '', 'max': '', 'currency': '', 'period': '', 'summary': ''}",,,,Remote,"Des Moines, Iowa",Des Moines,Iowa,,5241,,Medical Assistants,"[""Care Coordination""]","[""Care Coordination""]",[],[],[]
377154,2026-06-10,,,https://boards.greenhouse.io/cottinghambutlerinsuranceservicesinc/jobs/5253858008?gh_jid=5253858008,Condition Management Account Coordinator,Medical Assistants,Condition Management Account Coordinator,0,Cottinghambutlerinsuranceservicesinc,False,,,,False,Postsecondary nondegree award,Postsecondary nondegree award,"{'min': '', 'max': '', 'currency': '', 'period': '', 'summary': ''}",,,,Remote,"Davenport, Iowa",Davenport,Iowa,,5241,,Medical Assistants,"[""Care Coordination""]","[""Care Coordination""]",[],[],[]
159880,2026-06-05,,,https://www.paycomonline.net/v4/ats/web.php/portal/B9060FA191452C5A95E164DF45ED20A3/jobs/358258,Medical Assistant,Medical Assistants,Medical Assistant,0,"Ross Medical Education Center, LLC",False,Part Time,,,False,Postsecondary nondegree award,Master's degree,,,,,Unknown,"New Baltimore, Michigan, United States",Michigan,United States,,5241,,Medical Assistants,"[""Accountability""]",[],"[""Accountability""]",[],[]
741741,2026-07-15,,,https://jobs.lever.co/life/ae9edcab-001a-4de8-afe6-b75fccb7e3e3,Senior DevOps Engineer,Network and Computer Systems Administrators,Senior DevOps Engineer,0,Life,False,Full Time,,,False,Bachelor's degree,Bachelor's degree,USD 0 Yearly,0.0,0.0,annual,Unknown,"Edmond, Oklahoma",Edmond,Oklahoma,,5241,,Network and Computer Systems Administrators,,,,,
325993,2026-06-18,,,https://apply.workable.com/j/68FADD9F70/apply,Front Desk Administrator,Nurse Practitioners,Front Desk Administrator,0,Mindful-Support-Services,False,Full Time,,,False,Doctoral or professional degree,Doctoral or professional degree,"{'min': '', 'max': '', 'currency': '', 'period': '', 'summary': ''}",,,,On-site,"Westminster, Colorado",Westminster,Colorado,,5241,,Nurse Practitioners,"[""Billing""]","[""Billing""]",[],[],[]
356789,2026-06-15,,,https://apply.workable.com/j/820BE114CD/apply,Front Desk Administrator - Tigard + Highlands,Nurse Practitioners,Front Desk Administrator - Tigard + Highlands,0,Mindful-Support-Services,False,"Full Time, Part Time",,,False,Doctoral or professional degree,Doctoral or professional degree,"{'min': '', 'max': '', 'currency': '', 'period': '', 'summary': ''}",,,,On-site,"Portland, Oregon",Portland,Oregon,,5241,,Nurse Practitioners,"[""Billing""]","[""Billing""]",[],[],[]
391116,2026-06-09,,,https://apply.workable.com/j/0A34F556BB/apply,Front Desk Receptionist - Downtown Spokane,Nurse Practitioners,Front Desk Receptionist - Downtown Spokane,0,Mindful-Support-Services,False,Full Time,,,False,Doctoral or professional degree,Doctoral or professional degree,"{'min': '', 'max': '', 'currency': '', 'period': '', 'summary': ''}",,,,On-site,"Washington, District of Columbia",Washington,District of Columbia,"Washington-Arlington-Alexandria, DC-VA-MD-WV",5241,,Nurse Practitioners,"[""Billing""]","[""Billing""]",[],[],[]
326286,2026-06-18,,,https://apply.workable.com/j/E54D323467/apply,"Front Desk Receptionist - Lacey, WA",Nurse Practitioners,"Front Desk Receptionist - Lacey, WA",0,Mindful-Support-Services,False,Full Time,,,False,Doctoral or professional degree,Doctoral or professional degree,"{'min': '', 'max': '', 'currency': '', 'period': '', 'summary': ''}",,,,On-site,"Washington, District of Columbia",Washington,District of Columbia,"Washington-Arlington-Alexandria, DC-VA-MD-WV",5241,,Nurse Practitioners,"[""Billing""]","[""Billing""]",[],[],[]
107814,2026-06-05,,,https://recruiting.ultipro.com/UNI1017UCPGU/JobBoard/0920ff2f-86b9-48b7-8930-03e668c278e1/OpportunityDetail?opportunityId=ccfd0208-4217-4279-ad0e-850eb65ddf49,Registered Nurse for Day Hab (RN) $3K Sign-on/Retention BONUS!!,Nurse Practitioners,Registered Nurse for Day Hab $3K Sign-on/Retention BONUS!!,0,Upstate Cerebral Palsy,False,Full Time,,,False,Associate's degree,Bachelor's degree,,,,,Unknown,"Barneveld, New York, United States, Boonville, New York, United States, Utica, New York, United States",New York,United States,,5241,,Nurse Practitioners,"[""Adobe Acrobat""]","[""Adobe Acrobat""]",[],[],[]
234310,2026-06-26,,,https://careers-healthpro-rehab.icims.com/jobs/133070/certified-occupational-therapist-assistant--%28ota%29/job?in_iframe=1,Certified Occupational Therapist Assistant (OTA),Occupational Therapists,Certified Occupational Therapist Assistant,0,Healthpro-Rehab,False,Full Time,,,False,Doctoral or professional degree,Doctoral or professional degree,"{'min': '', 'max': '', 'currency': '', 'period': '', 'summary': ''}",,,,Unknown,"Burlington, North Carolina",Burlington,North Carolina,,5241,,Occupational Therapists,,,,,
116571,2026-06-05,,,https://workforcenow.adp.com/mascsr/default/mdf/recruitment/recruitment.html?cid=cd85669d-3b73-4493-a4ce-73701e44cf08&jobId=575156,Full-time Occupational Therapist ( OT ),Occupational Therapists,Occupational Therapist,0,A.g. Rhodes,False,Full Time,,,False,Postsecondary nondegree award,Postsecondary nondegree award,,,,,Unknown,"Marietta, Georgia, United States",Georgia,United States,,5241,,Occupational Therapists,,,,,
434779,2026-05-29,,,https://careers-healthpro-rehab.icims.com/jobs/132125/occupational-therapist-%28ot%29/job?in_iframe=1,Occupational Therapist (OT),Occupational Therapists,Occupational Therapist,0,Healthpro-Rehab,False,Full Time,,,False,Doctoral or professional degree,Doctoral or professional degree,"{'min': '', 'max': '', 'currency': '', 'period': '', 'summary': ''}",,,,Unknown,"Hamden | Ct Branford | Ct Hamden | Ct Hamden | Ct New Haven | Ct Guilford, Connecticut",Hamden | Ct Branford | Ct Hamden | Ct Hamden | Ct New Haven | Ct Guilford,Connecticut,,5241,,Occupational Therapists,,,,,
420893,2026-06-02,,,https://careers-healthpro-rehab.icims.com/jobs/132224/occupational-therapist-%28ot%29/job?in_iframe=1,Occupational Therapist (OT),Occupational Therapists,Occupational Therapist,0,Healthpro-Rehab,False,Full Time,,,False,Doctoral or professional degree,Doctoral or professional degree,"{'min': '', 'max': '', 'currency': '', 'period': '', 'summary': ''}",,,,Unknown,"Port Charlotte, Florida",Port Charlotte,Florida,,5241,,Occupational Therapists,,,,,
349889,2026-06-15,,,https://careers-healthpro-rehab.icims.com/jobs/132646/occupational-therapist-%28ot%29/job?in_iframe=1,Occupational Therapist (OT),Occupational Therapists,Occupational Therapist,0,Healthpro-Rehab,False,Full Time,,,False,Doctoral or professional degree,Doctoral or professional degree,"{'min': '', 'max': '', 'currency': '', 'period': '', 'summary': ''}",,,,Unknown,"Leesburg, Florida",Leesburg,Florida,,5241,,Occupational Therapists,,,,,
249796,2026-06-25,,,https://careers-healthpro-rehab.icims.com/jobs/133054/occupational-therapist-%28ot%29/job?in_iframe=1,Occupational Therapist (OT),Occupational Therapists,Occupational Therapist,0,Healthpro-Rehab,False,Full Time,,,False,Doctoral or professional degree,Doctoral or professional degree,"{'min': '', 'max': '', 'currency': '', 'period': '', 'summary': ''}",,,,Unknown,"Bradenton, Florida",Bradenton,Florida,,5241,,Occupational Therapists,,,,,
282860,2026-06-23,,,https://careers-healthpro-rehab.icims.com/jobs/132947/occupational-therapist-%28ot%29/job?in_iframe=1,Occupational Therapist (OT),Occupational Therapists,Occupational Therapist,0,Healthpro-Rehab,False,Full Time,,,False,Doctoral or professional degree,Doctoral or professional degree,"{'min': '', 'max': '', 'currency': '', 'period': '', 'summary': ''}",,,,Unknown,"Manning, South Carolina",Manning,South Carolina,,5241,,Occupational Therapists,,,,,
398121,2026-06-08,,,https://apply.workable.com/j/5248D9638F/apply,Bilingual Immigration Staff Attorney (NJ Based),Paralegals and Legal Assistants,Bilingual Immigration Staff Attorney,0,Mangonelawfirm,True,Full Time,,,False,Associate's degree,Associate's degree,"{'min': '', 'max': '', 'currency': '', 'period': '', 'summary': ''}",,,,Unknown,"Morris Plains, New Jersey",Morris Plains,New Jersey,,5241,,Paralegals and Legal Assistants,"[""Administrative Support"", ""Case Management"", ""Case Management Systems""]","[""Administrative Support"", ""Case Management"", ""Case Management Systems""]",[],[],[]
398001,2026-06-08,,,https://apply.workable.com/j/0A4AA1C1BF/apply,Immigration Staff Attorney,Paralegals and Legal Assistants,Immigration Staff Attorney,0,Mangonelawfirm,True,,,,False,Associate's degree,Associate's degree,"{'min': '', 'max': '', 'currency': '', 'period': '', 'summary': ''}",,,,Remote,United States,,,,5241,,Paralegals and Legal Assistants,"[""Administrative Support"", ""Case Management"", ""Case Management Systems""]","[""Administrative Support"", ""Case Management"", ""Case Management Systems""]",[],[],[]
264793,2026-06-24,,,https://www.roka.com/pages/careers?gh_jid=6100606004,Creative Director,Photographers,Creative Director,0,Roka,False,Full Time,,,False,Associate's degree,Associate's degree,"{'min': '', 'max': '', 'currency': '', 'period': '', 'summary': ''}",,,,Hybrid,"Austin, Texas",Austin,Texas,,5241,,Photographers,"[""Aesthetics"", ""Business Objectives""]",[],"[""Aesthetics"", ""Business Objectives""]",[],[]
9370,2026-05-23,,,https://livenation.wd503.myworkdayjobs.com/en-US/LNExternalSite/job/Boston-MA-USA/Onsite-Marketing-Representative---Leader-Bank-Pavilion_JR-90341,"Onsite Marketing Representative (Leader Bank Pavilion, Part Time)",Photographers,Marketing Representative,0,Live Nation,False,Part Time,,,False,Associate's degree,Bachelor's degree,,,,,On-site,"Boston, MA, USA, United States of America",USA,United States of America,,5241,,Photographers,,,,,
318869,2026-06-18,,,https://careers-healthpro-rehab.icims.com/jobs/132771/licensed-physical-therapist-assistant-%28pta%29/job?in_iframe=1,Licensed Physical Therapist Assistant (PTA),Physical Therapists,Licensed Physical Therapist Assistant,0,Healthpro-Rehab,False,Full Time,,,False,Doctoral or professional degree,Doctoral or professional degree,"{'min': '', 'max': '', 'currency': '', 'period': '', 'summary': ''}",,,,Unknown,"Shelby, North Carolina",Shelby,North Carolina,,5241,,Physical Therapists,,,,,
234311,2026-06-26,,,https://careers-healthpro-rehab.icims.com/jobs/133071/licensed-physical-therapist-assistant-%28pta%29/job?in_iframe=1,Licensed Physical Therapist Assistant (PTA),Physical Therapists,Licensed Physical Therapist Assistant,0,Healthpro-Rehab,False,Full Time,,,False,Doctoral or professional degree,Doctoral or professional degree,"{'min': '', 'max': '', 'currency': '', 'period': '', 'summary': ''}",,,,Unknown,"Kingstree, South Carolina",Kingstree,South Carolina,,5241,,Physical Therapists,,,,,
293676,2026-06-22,,,https://jobs.smartrecruiters.com/USPhysicalTherapy2/3743990013727316-physical-therapist?oga=true,Physical Therapist,Physical Therapists,Physical Therapist,0,Usphysicaltherapy2,False,Part Time,,,False,Postsecondary nondegree award,Postsecondary nondegree award,"{'min': '', 'max': '', 'currency': '', 'period': '', 'summary': ''}",,,,Unknown,"Mechanicsville, Virginia",Mechanicsville,Virginia,,5241,,Physical Therapists,,,,,
265268,2026-06-24,,,https://jobs.smartrecruiters.com/USPhysicalTherapy2/3743990013763642-physical-therapist-sign-on-bonus-?oga=true,Physical Therapist (Sign On Bonus!),Physical Therapists,Physical Therapist,0,Usphysicaltherapy2,False,Full Time,,,False,Postsecondary nondegree award,Postsecondary nondegree award,"{'min': '', 'max': '', 'currency': '', 'period': '', 'summary': ''}",,,,Unknown,"Follansbee, West Virginia",Follansbee,West Virginia,,5241,,Physical Therapists,,,,,
288228,2026-06-23,,,https://ibnjjb.fa.ocs.oraclecloud.com/?keyword=&mode=jobs&lang=en&site_number=CX_1#346903,"Physical Therapist , Outpatient",Physical Therapists,"Physical Therapist , Outpatient",0,Ibnjjb.fa.ocs.oraclecloud.com,False,"Full Time, Part Time",,,False,Postsecondary nondegree award,Associate's degree,"{'min': '', 'max': '', 'currency': '', 'period': '', 'summary': ''}",,,,Unknown,"Zachary, Louisiana",Zachary,Louisiana,,5241,,Physical Therapists,,,,,
386240,2026-06-09,,,https://careers-healthpro-rehab.icims.com/jobs/132389/physical-therapist-assistant-%28pta%29/job?in_iframe=1,Physical Therapist Assistant (PTA),Physical Therapists,Physical Therapist Assistant,0,Healthpro-Rehab,False,Full Time,,,False,Doctoral or professional degree,Doctoral or professional degree,"{'min': '', 'max': '', 'currency': '', 'period': '', 'summary': ''}",,,,Unknown,"Southbury, Connecticut",Southbury,Connecticut,,5241,,Physical Therapists,,,,,
308145,2026-06-19,,,https://job-boards.greenhouse.io/skinclique/jobs/4291280009,Provider Recruiting Specialist - Aesthetics,Physician Assistants,Provider Recruiting Specialist - Aesthetics,0,Skinclique,False,,,,False,Associate's degree,Associate's degree,"{'min': '', 'max': '', 'currency': '', 'period': '', 'summary': ''}",,,,Remote,United States,,,,5241,,Physician Assistants,"[""Accountability"", ""Aesthetics"", ""Business Development""]","[""Business Development""]","[""Accountability"", ""Aesthetics""]",[],[]
85137,2026-06-05,,,https://recruiting.paylocity.com/Recruiting/Jobs/Details/4230880,Plumber,Plumber,Plumber,0,Abstrakt Marketing Group,False,Full Time,,,False,High school diploma or equivalent,High school diploma or equivalent,USD 35 - 40 per HOUR,35.0,40.0,hourly,Unknown,"Manchester Township, Pennsylvania, United States",Pennsylvania,United States,,5241,,Models,,,,,
285201,2026-06-23,,,https://account.amazon.jobs/jobs/10456970/apply,"Principal, Indirect Tax, Pan International Stores Tax","Principal, Indirect Tax, Pan International Stores Tax","Principal, Indirect Tax, Pan International Stores Tax",0,Amazon,False,Full Time,,,True,High school diploma or equivalent,High school diploma or equivalent,"{'min': '', 'max': '', 'currency': '', 'period': '', 'summary': ''}",,,,Unknown,"Washington, District of Columbia",Washington,District of Columbia,"Washington-Arlington-Alexandria, DC-VA-MD-WV",5241,,Models,"[""Accounting"", ""Business Objectives""]","[""Accounting""]","[""Business Objectives""]",[],[]
387348,2026-06-09,,,https://account.amazon.jobs/jobs/10444198/apply,"Principal, Ocean Freight Business Development, Amazon Global Logistics","Principal, Ocean Freight Business Development, Amazon Global Logistics","Principal, Ocean Freight Business Development, Amazon Global Logistics",0,Amazon,False,Full Time,,,False,Associate's degree,Associate's degree,"{'min': '', 'max': '', 'currency': '', 'period': '', 'summary': ''}",,,,Unknown,"Washington, District of Columbia",Washington,District of Columbia,"Washington-Arlington-Alexandria, DC-VA-MD-WV",5241,,Models,"[""Advising"", ""Business Development""]","[""Business Development""]","[""Advising""]",[],[]
174575,2026-06-05,,,https://kqf.isolvedhire.com/jobs/1788515,"1st/2nd Shift Food Production - Hudsonville, MI",Project Management Specialists,"1st/2nd Shift Food Production - Hudsonville, MI",0,Kent Quality Foods,False,Full Time,,,False,Bachelor's degree,Bachelor's degree,USD 16.75 - 18.25 per HOUR,16.75,18.25,hourly,On-site,"Jamestown Charter Township, Michigan, United States",Michigan,United States,,5241,,Project Management Specialists,,,,,
178609,2026-06-05,,,https://midland.bamboohr.com/careers/42,3rd shift Material Handler,Project Management Specialists,3rd shift Material Handler,0,Midland Transport,False,Full Time,,,False,Associate's degree,Associate's degree,USD 19.5 - 22.5 per HOUR,19.5,22.5,hourly,On-site,"Normal, Illinois, United States",Illinois,United States,,5241,,Project Management Specialists,,,,,
168744,2026-06-05,,,https://pgatour.wd5.myworkdayjobs.com/TPCExternal/job/Cromwell-CT/AM-Server--Part-Time---Seasonal-_R014868,AM Server (Part-Time) (Seasonal),Project Management Specialists,AM Server,0,TPC Las Vegas,False,"Part Time, Temporary",,,False,High school diploma or equivalent,Associate's degree,USD 6.38 per HOUR,6.38,6.38,hourly,Unknown,"Cromwell, Connecticut, United States",Connecticut,United States,,5241,,Project Management Specialists,"[""Accountability""]",[],"[""Accountability""]",[],[]
294111,2026-06-22,,,https://jobs.smartrecruiters.com/Xplor/744000133398959-account-executive?oga=true,Account Executive,Project Management Specialists,Account Executive,0,Xplor,False,Full Time,,,False,Associate's degree,Associate's degree,"{'min': '', 'max': '', 'currency': '', 'period': '', 'summary': ''}",,,,Remote,"Saginaw, Michigan",Saginaw,Michigan,,5241,,Project Management Specialists,"[""Artificial Intelligence""]","[""Artificial Intelligence""]",[],[],[]
309657,2026-06-19,,,https://cast.ai/careers/apply/?gh_jid=4288143009,Account Executive - Southeast - Midwest,Project Management Specialists,Account Executive - Southeast - Midwest,0,Castaigroupinc,False,,,,False,Associate's degree,Associate's degree,"{'min': '', 'max': '', 'currency': '', 'period': '', 'summary': ''}",,,,Remote,"; Nashville, Tennessee",; Nashville,Tennessee,,5241,,Project Management Specialists,"[""Akamai"", ""Automation"", ""Calculators""]","[""Akamai"", ""Automation""]","[""Calculators""]",[],[]
392227,2026-06-08,,,https://ats.rippling.com/excel/jobs/be4b3ada-b7fc-45cb-9687-df3726b38694,Account Manager - Revenue,Project Management Specialists,Account Manager - Revenue,0,Excel,False,Full Time,,,False,Associate's degree,Associate's degree,"{'min': '', 'max': '', 'currency': '', 'period': '', 'summary': ''}",,,,Remote,United States,,,,5241,,Project Management Specialists,"[""Account Management"", ""Accountability"", ""Analytical Skills""]","[""Account Management""]","[""Accountability"", ""Analytical Skills""]",[],[]
87215,2026-06-05,,,https://workforcenow.adp.com/mascsr/default/mdf/recruitment/recruitment.html?cid=f55317dc-e487-4325-9d73-159aa96c20cf&jobId=565196,Accountant,Project Management Specialists,Accountant,0,MSI Computer Corp. (MSI USA),False,Full Time,,,False,Associate's degree,Master's degree,USD 25 - 31 per HOUR,25.0,31.0,hourly,On-site,"Los Angeles County, California, United States",California,United States,,5241,,Project Management Specialists,"[""Accounting"", ""Analytical Skills""]","[""Accounting""]","[""Analytical Skills""]",[],[]
74531,2026-06-05,,,https://recruiting.paylocity.com/Recruiting/Jobs/Details/4228335,Accounting Manager,Project Management Specialists,Accounting Manager,0,Fairlawn,False,Full Time,,,False,Associate's degree,Bachelor's degree,USD 100000 - 115000 per YEAR,100000.0,115000.0,annual,On-site,"Champaign, Illinois, United States",Illinois,United States,,5241,,Project Management Specialists,"[""Accountability"", ""Accounting"", ""Accounts Payable"", ""Accruals"", ""Adaptability"", ""Bank Reconciliations"", ""Budgeting""]","[""Accounting"", ""Accounts Payable"", ""Accruals"", ""Bank Reconciliations""]","[""Accountability"", ""Adaptability"", ""Budgeting""]",[],[]
398669,2026-06-07,,,https://ats.rippling.com/gfg-career-page/jobs/a89d8885-d824-402c-8bb6-e558d438696f,Accounting Manager - Client Lead,Project Management Specialists,Accounting Manager - Client Lead,0,Gfg-Career-Page,True,Full Time,,,False,Associate's degree,Master's degree,"{'min': '', 'max': '', 'currency': '', 'period': '', 'summary': ''}",,,,Remote,Remote (),,Remote (),,5241,,Project Management Specialists,"[""Accounting"", ""Accounting Operations"", ""Accounting Research"", ""Capital Allocation""]","[""Accounting"", ""Accounting Operations"", ""Accounting Research"", ""Capital Allocation""]",[],[],[]
371571,2026-06-11,,,https://ats.rippling.com/gfg-career-page/jobs/f464a6e6-fb33-4d3d-9fb8-3d97a731b5cc,Accounting Senior Manager - CPG Team Lead,Project Management Specialists,Accounting Senior Manager - CPG Team Lead,0,Gfg-Career-Page,True,Temporary,,,False,Associate's degree,Bachelor's degree,"{'min': '', 'max': '', 'currency': '', 'period': '', 'summary': ''}",,,,Remote,Remote (),,Remote (),,5241,,Project Management Specialists,"[""Accountability"", ""Accounting"", ""Capital Allocation"", ""Career Development""]","[""Accounting"", ""Capital Allocation"", ""Career Development""]","[""Accountability""]",[],[]
226476,2026-06-12,,,https://recruiting.paylocity.com/Recruiting/Jobs/Details/2779999,Administrative Assistant- Day Hab,Project Management Specialists,Administrative Assistant- Day Hab,0,"Warren, Washington, Albany Counties ARC",False,Full Time,,,False,High school diploma or equivalent,Associate's degree,USD 20.50 Hourly,20.5,20.5,hourly,Unknown,"Slingerlands, New York",Slingerlands,New York,,5241,,Project Management Specialists,"[""Ability To Meet Deadlines"", ""Billing""]","[""Billing""]","[""Ability To Meet Deadlines""]",[],[]
30406,2026-06-03,,,,Appointment Coordinator for Life Insurance,Project Management Specialists,Appointment Coordinator for Life Insurance,0,Kuhn's Generational Wealth Management,False,"Full Time, Part Time",,,False,Postsecondary nondegree award,Associate's degree,,,,,Remote,United States,,,,5241,,Project Management Specialists,,,,,
174466,2026-06-05,2026-09-03,90.0,https://farberhebrewdayschool.applytojob.com/apply/Bij0SKvGRC/Art-Teacher-Kindergarten12th-Grade,Art Teacher - Kindergarten-12th Grade,Project Management Specialists,Art Teacher - Kindergarten-12th Grade,0,Farber Hebrew Day School,False,"Full Time, Part Time",,,False,Postsecondary nondegree award,Bachelor's degree,,,,,On-site,"Southfield, Michigan, United States",Michigan,United States,,5241,,Project Management Specialists,,,,,
110327,2026-06-05,,,https://babbidge-construction-company-inc.careerplug.com/jobs/3440100/apps/new,Assistant Controller,Project Management Specialists,Assistant Controller,0,Babbidge Construction Company,True,Full Time,,,False,Associate's degree,Associate's degree,,,,,Remote,"New Haven, Connecticut, United States",Connecticut,United States,,5241,,Project Management Specialists,"[""Accounting"", ""Accounts Payable"", ""Accounts Receivable"", ""Billing"", ""Cash Management""]","[""Accounting"", ""Accounts Payable"", ""Accounts Receivable"", ""Billing"", ""Cash Management""]",[],[],[]
359183,2026-06-13,,,https://jobs.smartrecruiters.com/Dominos/744000132012499-assistant-manager-01276-6022-s-harvey?oga=true,Assistant Manager (01276) - 6022 S Harvey,Project Management Specialists,Assistant Manager - 6022 S Harvey,0,Dominos,False,Full Time,,,False,Associate's degree,Associate's degree,"{'min': '', 'max': '', 'currency': '', 'period': '', 'summary': ''}",,,,On-site,"Muskegon, Michigan",Muskegon,Michigan,,5241,,Project Management Specialists,"[""Cash Control""]","[""Cash Control""]",[],[],[]
304384,2026-06-21,,,https://jobs.smartrecruiters.com/Dominos/744000133197831-assistant-manager-01004-34781-grand-river-avenue?oga=true,Assistant Manager(01004) 34781 Grand River Avenue,Project Management Specialists,Assistant Manager 34781 Grand River Avenue,0,Dominos,False,Part Time,,,False,Associate's degree,Associate's degree,"{'min': '', 'max': '', 'currency': '', 'period': '', 'summary': ''}",,,,Unknown,"Farmington, Michigan",Farmington,Michigan,,5241,,Project Management Specialists,,,,,
322661,2026-06-18,,,https://emcm.fa.us2.oraclecloud.com/?keyword=&mode=jobs&lang=en&site_number=CX_1#2349121,"Assistant, Plant Maintenance Technician",Project Management Specialists,"Assistant, Plant Maintenance Technician",0,Emcm.fa.us2.oraclecloud.com,False,,,,False,Associate's degree,Associate's degree,"{'min': '', 'max': '', 'currency': '', 'period': '', 'summary': ''}",,,,Unknown,"Philadelphia, Pennsylvania",Philadelphia,Pennsylvania,,5241,,Project Management Specialists,,,,,
398034,2026-06-08,,,https://apply.workable.com/j/213719542D/apply,Associate Attorney,Project Management Specialists,Associate Attorney,0,Kubicki-Draper,False,Full Time,,,False,Associate's degree,Associate's degree,"{'min': '', 'max': '', 'currency': '', 'period': '', 'summary': ''}",,,,Hybrid,"Fort Myers, Florida",Fort Myers,Florida,,5241,,Project Management Specialists,"[""Advocacy""]",[],"[""Advocacy""]",[],[]
412154,2026-06-04,,,https://apply.workable.com/j/01EA70C5DD/apply,Associate Attorney,Project Management Specialists,Associate Attorney,0,Kubicki-Draper,True,Full Time,,,False,Associate's degree,Associate's degree,"{'min': '', 'max': '', 'currency': '', 'period': '', 'summary': ''}",,,,Hybrid,"Orlando, Florida",Orlando,Florida,,5241,,Project Management Specialists,,,,,
425270,2026-06-02,,,https://apply.workable.com/j/EE832956FC/apply,Associate Attorney - Labor & Employment,Project Management Specialists,Associate Attorney - Labor & Employment,0,Ohagan-Meyer,False,Full Time,,,False,Associate's degree,Associate's degree,"{'min': '', 'max': '', 'currency': '', 'period': '', 'summary': ''}",,,,Hybrid,"Woodland Hills, California",Woodland Hills,California,,5241,,Project Management Specialists,"[""Analytical Skills""]",[],"[""Analytical Skills""]",[],[]
123713,2026-06-05,2026-09-01,88.0,https://jobs.perfettivanmelle.com/job/Erlanger-Associate-Brand-Manager-KY-41018/1391504033/,Associate Brand Manager,Project Management Specialists,Associate Brand Manager,0,Perfetti Van Melle,False,Temporary,,,False,Associate's degree,Bachelor's degree,,,,,Hybrid,"Erlanger, Kentucky, United States",Kentucky,United States,,5241,,Project Management Specialists,"[""Accountability"", ""Analytical Skills"", ""Brand Management"", ""Brand Strategy""]","[""Brand Management"", ""Brand Strategy""]","[""Accountability"", ""Analytical Skills""]",[],[]
263221,2026-06-24,,,https://jobs.smartrecruiters.com/AbbVie/3743990013777506-associate-director-strategic-initiatives-pmo-icex?oga=true,"Associate Director, Strategic Initiatives & PMO - ICEx",Project Management Specialists,"Associate Director, Strategic Initiatives & PMO - ICEx",0,Abbvie,False,Full Time,,,False,Postsecondary nondegree award,Bachelor's degree,"{'min': '', 'max': '', 'currency': '', 'period': '', 'summary': ''}",,,,Unknown,"Mettawa, Illinois",Mettawa,Illinois,,5241,,Project Management Specialists,"[""Aesthetics"", ""Business Operations"", ""Business Problems""]","[""Business Operations"", ""Business Problems""]","[""Aesthetics""]",[],[]
89851,2026-06-05,,,https://jobs.workable.com/view/dw1nqChYWNFG6uJmLsYN6Y/auto-parts-advisor-janesville-nissan-in-janesville-at-home-run-auto-group,Auto Parts Advisor-Janesville Nissan,Project Management Specialists,Auto Parts Advisor-Janesville Nissan,0,Home RUN Auto Group,False,Full Time,,,False,Bachelor's degree,Bachelor's degree,USD 60000 per YEAR,60000.0,60000.0,annual,Unknown,"Janesville, Wisconsin, United States",Wisconsin,United States,,5241,,Project Management Specialists,,,,,
85396,2026-06-05,,,https://recruiting.paylocity.com/Recruiting/Jobs/Details/4230400,Automotive Diesel Mechanic,Project Management Specialists,Automotive Diesel Mechanic,0,WorkForce Services Inc.,True,Full Time,,,False,High school diploma or equivalent,Associate's degree,USD 35 - 42 per HOUR,35.0,42.0,hourly,Unknown,"Harriburg, PA, US",PA,US,,5241,,Project Management Specialists,,,,,
85366,2026-06-05,,,https://recruiting.paylocity.com/Recruiting/Jobs/Details/4230493,Automotive Diesel Mechanic,Project Management Specialists,Automotive Diesel Mechanic,0,WorkForce Services Inc.,True,Full Time,,,False,High school diploma or equivalent,Associate's degree,USD 36 - 42 per HOUR,36.0,42.0,hourly,Unknown,"Harrisburg, Pennsylvania, United States",Pennsylvania,United States,,5241,,Project Management Specialists,,,,,
140793,2026-06-05,,,https://careers.hireology.com/anciravolkswagensanantonio/2781230/description,Automotive Sales Manager,Project Management Specialists,Automotive Sales Manager,0,Ancira Volkswagen,False,Full Time,,,False,Associate's degree,Associate's degree,USD 120000 - 180000 per YEAR,120000.0,180000.0,annual,Unknown,"Leon Valley, Texas, United States",Texas,United States,,5241,,Project Management Specialists,"[""Automotive Industry"", ""Automotive Sales"", ""Business Development""]","[""Automotive Industry"", ""Automotive Sales"", ""Business Development""]",[],[],[]
96417,2026-06-05,,,https://workforcenow.adp.com/mascsr/default/mdf/recruitment/recruitment.html?cid=5dc9c9a1-4dff-40f1-a65d-e4d32ff0cc61&jobId=593148,Automotive Service Advisor/Writer,Project Management Specialists,Automotive Service Advisor/Writer,0,McGrath Family Of Dealerships,False,Full Time,,,False,Associate's degree,Associate's degree,USD 50000 - 120000 per YEAR,50000.0,120000.0,annual,Unknown,"Cedar Rapids, Iowa, United States",Iowa,United States,,5241,,Project Management Specialists,,,,,
368318,2026-06-12,,,https://apply.workable.com/j/584E3A7938/apply,BCBA (Spanish Preferred),Project Management Specialists,BCBA,0,Behavioral-Health-Works,False,Full Time,,,False,Postsecondary nondegree award,Master's degree,"{'min': '', 'max': '', 'currency': '', 'period': '', 'summary': ''}",,,,Hybrid,"Cinco Ranch, Texas",Cinco Ranch,Texas,,5241,,Project Management Specialists,"[""Applied Behavior Analysis"", ""Behavioral Health"", ""Career Development""]","[""Applied Behavior Analysis"", ""Behavioral Health"", ""Career Development""]",[],[],[]
140797,2026-06-05,,,https://job-boards.greenhouse.io/the858emily123program/jobs/5236304008,Behavioral Health Specialist,Project Management Specialists,Behavioral Health Specialist,0,The Emily Program,True,Full Time,,,False,Associate's degree,Bachelor's degree,USD 20 - 24 per HOUR,20.0,24.0,hourly,Unknown,"Columbus, Ohio, United States",Ohio,United States,,5241,,Project Management Specialists,"[""Behavioral Health""]","[""Behavioral Health""]",[],[],[]
97555,2026-06-05,,,https://jobs.smartrecruiters.com/AubergeCollection/744000130539094-benefits-manager,Benefits Manager,Project Management Specialists,Benefits Manager,0,Auberge Collection,False,Contract,,,False,Associate's degree,Doctoral or professional degree,USD 110000 - 130000 per YEAR,110000.0,130000.0,annual,Unknown,"Bethesda, Maryland, United States",Maryland,United States,,5241,,Project Management Specialists,"[""Accounting"", ""Accruals"", ""Automation"", ""Benchmarking"", ""Benefits Administration"", ""Budgeting"", ""Business Administration""]","[""Accounting"", ""Accruals"", ""Automation"", ""Benchmarking"", ""Benefits Administration""]","[""Budgeting"", ""Business Administration""]",[],[]
434811,2026-05-29,,,https://careers-propark.icims.com/jobs/10070/bookkeeper/job?in_iframe=1,Bookkeeper,Project Management Specialists,Bookkeeper,0,Propark,False,"Full Time, Part Time, Temporary",,,False,Associate's degree,Associate's degree,"{'min': '', 'max': '', 'currency': '', 'period': '', 'summary': ''}",,,,Unknown,"New Haven, Connecticut",New Haven,Connecticut,,5241,,Project Management Specialists,"[""Accounting"", ""Bookkeeping"", ""Cash Receipts""]","[""Accounting"", ""Bookkeeping"", ""Cash Receipts""]",[],[],[]
86610,2026-06-05,,,https://recruiting.paylocity.com/Recruiting/Jobs/Details/4229579,Box Truck Driver,Project Management Specialists,Box Truck Driver,0,Meyer Logistics Inc.,False,Full Time,,,False,Bachelor's degree,Bachelor's degree,USD 19 per HOUR,19.0,19.0,hourly,Unknown,"Lauderdale Lakes, Florida, United States",Florida,United States,,5241,,Project Management Specialists,,,,,
174568,2026-06-05,,,https://cfbank.isolvedhire.com/jobs/1788523,Branch Manager,Project Management Specialists,Branch Manager,0,Community First Bank - WI,False,Full Time,,,False,Associate's degree,Associate's degree,"MonetaryAmount, USD, {'@type': 'QuantitativeValue', 'value': '', 'unitText': 'YEAR'}",,,annual,On-site,"Richland Center, Wisconsin, United States",Wisconsin,United States,,5241,,Project Management Specialists,"[""Banking""]","[""Banking""]",[],[],[]
141458,2026-06-05,,,https://jobs.gem.com/daxko/am9icG9zdDqytGxkRD7Fo3cwFMc7CT17,Business Development Representative,Project Management Specialists,Business Development Representative,0,Daxko,False,Full Time,,,False,High school diploma or equivalent,Associate's degree,,,,,Hybrid,"Birmingham, Alabama, United States",Alabama,United States,,5241,,Project Management Specialists,"[""Business Development""]","[""Business Development""]",[],[],[]
400579,2026-06-05,,,https://jobs.gem.com/daxko/am9icG9zdDqytGxkRD7Fo3cwFMc7CT17,Business Development Representative,Project Management Specialists,Business Development Representative,0,Daxko,False,Full Time,,,False,High school diploma or equivalent,Associate's degree,Where you fall within the compensation range is based on how you demonstrate the skills and competencies needed for the role. We typically reserve the upper half of our compensation bands for team members who have grown within Daxko. In addition to base s,,,annual,Hybrid,Birmingham,,Birmingham,,5241,,Project Management Specialists,"[""Business Development""]","[""Business Development""]",[],[],[]
296974,2026-06-22,,,https://account.amazon.jobs/jobs/10455383/apply,Business Intelligence Manager,Project Management Specialists,Business Intelligence Manager,1,Amazon,False,Full Time,,,False,Associate's degree,Associate's degree,"{'min': '', 'max': '', 'currency': '', 'period': '', 'summary': ''}",,,,Unknown,"Culver City, California",Culver City,California,,5241,,Project Management Specialists,"[""Automation"", ""Business Intelligence""]","[""Automation"", ""Business Intelligence""]",[],[],[]
225585,2026-06-06,,,https://recruiting.paylocity.com/Recruiting/Jobs/Details/4233216,Busser,Project Management Specialists,Busser,0,Wild Eggs,False,"Full Time, Part Time",,,False,Associate's degree,Associate's degree,,,,,Unknown,"New Albany, Indiana, United States",Indiana,United States,,5241,,Project Management Specialists,,,,,
425241,2026-06-02,,,https://apply.workable.com/j/DFBB491D46/apply,Busser,Project Management Specialists,Busser,0,East-Bank-Club,False,Full Time,,,False,Associate's degree,Associate's degree,"{'min': '', 'max': '', 'currency': '', 'period': '', 'summary': ''}",,,,Unknown,"Chicago, Illinois",Chicago,Illinois,,5241,,Project Management Specialists,,,,,
315764,2026-06-19,,,https://apply.workable.com/j/0C5B195033/apply,Caregiver Afternoons,Project Management Specialists,Caregiver Afternoons,0,Phoenix-Home-Care-And-Hospice,False,"Full Time, Part Time",,,False,Associate's degree,Associate's degree,"{'min': '', 'max': '', 'currency': '', 'period': '', 'summary': ''}",,,,Unknown,"Sappington, Missouri",Sappington,Missouri,,5241,,Project Management Specialists,"[""Caregiving""]","[""Caregiving""]",[],[],[]
368240,2026-06-12,,,https://apply.workable.com/j/2C7541E37B/apply,Caregiver/CNA,Project Management Specialists,Caregiver/CNA,0,Phoenix-Home-Care-And-Hospice,False,Full Time,,,False,Postsecondary nondegree award,Associate's degree,"{'min': '', 'max': '', 'currency': '', 'period': '', 'summary': ''}",,,,Unknown,"Lake Saint Louis, Missouri",Lake Saint Louis,Missouri,,5241,,Project Management Specialists,"[""Caregiving""]","[""Caregiving""]",[],[],[]
368556,2026-06-12,,,https://apply.workable.com/j/E4C0A71A75/apply,Caregiver/CNA,Project Management Specialists,Caregiver/CNA,0,Phoenix-Home-Care-And-Hospice,False,Full Time,,,False,Postsecondary nondegree award,Associate's degree,"{'min': '', 'max': '', 'currency': '', 'period': '', 'summary': ''}",,,,Unknown,"St. Peters, Missouri",St. Peters,Missouri,,5241,,Project Management Specialists,"[""Caregiving""]","[""Caregiving""]",[],[],[]
412339,2026-06-04,,,https://apply.workable.com/j/869C1BAC02/apply,Caregiver/CNA Flexible Schedule,Project Management Specialists,Caregiver/CNA Flexible Schedule,0,Phoenix-Home-Care-And-Hospice,False,"Full Time, Part Time",,,False,Associate's degree,Associate's degree,"{'min': '', 'max': '', 'currency': '', 'period': '', 'summary': ''}",,,,Unknown,"Jefferson City, Missouri",Jefferson City,Missouri,,5241,,Project Management Specialists,"[""Caregiving""]","[""Caregiving""]",[],[],[]
393486,2026-06-08,,,https://careers-propark.icims.com/jobs/10132/cashier/job?in_iframe=1,Cashier,Project Management Specialists,Cashier,0,Propark,False,"Full Time, Part Time, Contract, Temporary",,,False,High school diploma or equivalent,Associate's degree,"{'min': '', 'max': '', 'currency': '', 'period': '', 'summary': ''}",,,,Unknown,"Hartford, Connecticut",Hartford,Connecticut,,5241,,Project Management Specialists,"[""Cash Handling""]","[""Cash Handling""]",[],[],[]
309769,2026-06-19,,,https://careers-propark.icims.com/jobs/10202/cashier/job?in_iframe=1,Cashier,Project Management Specialists,Cashier,0,Propark,False,"Full Time, Part Time, Contract, Temporary",,,False,High school diploma or equivalent,Associate's degree,"{'min': '', 'max': '', 'currency': '', 'period': '', 'summary': ''}",,,,Unknown,"New Hyde Park, New York",New Hyde Park,New York,,5241,,Project Management Specialists,"[""Cash Handling""]","[""Cash Handling""]",[],[],[]
282945,2026-06-23,,,https://careers-propark.icims.com/jobs/10222/cashier/job?in_iframe=1,Cashier,Project Management Specialists,Cashier,0,Propark,False,"Full Time, Part Time, Contract, Temporary",,,False,High school diploma or equivalent,Associate's degree,"{'min': '', 'max': '', 'currency': '', 'period': '', 'summary': ''}",,,,Unknown,"New Haven, Connecticut",New Haven,Connecticut,,5241,,Project Management Specialists,"[""Cash Handling""]","[""Cash Handling""]",[],[],[]
95443,2026-06-05,,,https://careers.hireology.com/cedarcitymotorco/2780725/description,Cashier/Receptionist,Project Management Specialists,Cashier/Receptionist,0,Cedar City Motor Company,False,Part Time,,,False,Associate's degree,Associate's degree,,,,,Unknown,"Cedar City, Utah, United States",Utah,United States,,5241,,Project Management Specialists,"[""Accounting"", ""Accounts Payable"", ""Accounts Receivable""]","[""Accounting"", ""Accounts Payable"", ""Accounts Receivable""]",[],[],[]
247396,2026-06-25,,,https://job-boards.greenhouse.io/lifeskillsautismacademy/jobs/8609039002,Center-Based Behavior Technician,Project Management Specialists,Center-Based Behavior Technician,0,Lifeskillsautismacademy,False,Full Time,,,False,High school diploma or equivalent,Associate's degree,"{'min': '', 'max': '', 'currency': '', 'period': '', 'summary': ''}",,,,Unknown,"Tempe, Arizona",Tempe,Arizona,,5241,,Project Management Specialists,"[""Acting"", ""Applied Behavior Analysis""]","[""Acting"", ""Applied Behavior Analysis""]",[],[],[]
247397,2026-06-25,,,https://job-boards.greenhouse.io/centriaautism/jobs/8609040002,Center-Based Behavior Technician,Project Management Specialists,Center-Based Behavior Technician,0,Centriaautism,False,Full Time,,,False,High school diploma or equivalent,Associate's degree,"{'min': '', 'max': '', 'currency': '', 'period': '', 'summary': ''}",,,,Unknown,"Tempe, Arizona",Tempe,Arizona,,5241,,Project Management Specialists,"[""Acting"", ""Applied Behavior Analysis""]","[""Acting"", ""Applied Behavior Analysis""]",[],[],[]
247398,2026-06-25,,,https://job-boards.greenhouse.io/lifeskillsautismacademy/jobs/8609041002,Center-Based Registered Behavior Technician (RBT),Project Management Specialists,Center-Based Registered Behavior Technician,0,Lifeskillsautismacademy,False,Full Time,,,False,High school diploma or equivalent,Associate's degree,"{'min': '', 'max': '', 'currency': '', 'period': '', 'summary': ''}",,,,Unknown,"Tempe, Arizona",Tempe,Arizona,,5241,,Project Management Specialists,"[""Acting"", ""Applied Behavior Analysis""]","[""Acting"", ""Applied Behavior Analysis""]",[],[],[]
247399,2026-06-25,,,https://job-boards.greenhouse.io/centriaautism/jobs/8609042002,Center-Based Registered Behavior Technician (RBT),Project Management Specialists,Center-Based Registered Behavior Technician,0,Centriaautism,False,Full Time,,,False,High school diploma or equivalent,Associate's degree,"{'min': '', 'max': '', 'currency': '', 'period': '', 'summary': ''}",,,,Unknown,"Tempe, Arizona",Tempe,Arizona,,5241,,Project Management Specialists,"[""Acting"", ""Applied Behavior Analysis""]","[""Acting"", ""Applied Behavior Analysis""]",[],[],[]
370742,2026-06-11,,,https://careers-healthpro-rehab.icims.com/jobs/131886/certified-occupational-therapy-assistant-%28cota%29/job?in_iframe=1,Certified Occupational Therapy Assistant (COTA),Project Management Specialists,Certified Occupational Therapy Assistant,0,Healthpro-Rehab,False,"Full Time, Part Time",,,False,Bachelor's degree,Bachelor's degree,"{'min': '', 'max': '', 'currency': '', 'period': '', 'summary': ''}",,,,Unknown,"Omaha, Nebraska",Omaha,Nebraska,,5241,,Project Management Specialists,,,,,
92690,2026-06-05,,,https://myjobs.adp.com/kimptonhotelsandrestaurantscareers/cx/job-details?reqId=5001203906000,Chef de Cuisine,Project Management Specialists,Chef de Cuisine,0,Kimpton Hotels & Restaurants,False,Full Time,,,False,Postsecondary nondegree award,Associate's degree,,,,,Unknown,"Charlottesville, Virginia, United States",Virginia,United States,,5241,,Project Management Specialists,"[""Accounting"", ""Accounting Software"", ""Business Metrics""]","[""Accounting"", ""Accounting Software"", ""Business Metrics""]",[],[],[]
361615,2026-06-12,,,https://sproutsocial.com/careers/open-positions/8003068/?gh_jid=8003068,"Chief of Staff, R&D",Project Management Specialists,"Chief of Staff, R&D",0,Sproutsocial,False,Contract,,,False,Associate's degree,Associate's degree,"{'min': '', 'max': '', 'currency': '', 'period': '', 'summary': ''}",,,,Remote,Remote,,Remote,,5241,,Project Management Specialists,"[""Accountability"", ""Agility"", ""Analytics"", ""Capacity Planning""]","[""Agility"", ""Analytics"", ""Capacity Planning""]","[""Accountability""]",[],[]
167939,2026-06-05,,,https://ccfs.wd503.myworkdayjobs.com/External_Career_Site/job/Helena-MT-Liquor/Class-A-Delivery-Driver_JR100561,Class A Delivery Driver,Project Management Specialists,Class A Delivery Driver,0,CrossCountry Freight Solutions,False,"Full Time, Part Time",,,False,Associate's degree,Associate's degree,USD 35 per HOUR,35.0,35.0,hourly,Unknown,"Helena, Montana, United States",Montana,United States,,5241,,Project Management Specialists,,,,,
168980,2026-06-05,,,https://mmc.wd1.myworkdayjobs.com/MMC/job/Leawood---W-133rd-Street/Client-Coordinator---Agribusiness-Insurance_R_354384,Client Coordinator - Agribusiness Insurance,Project Management Specialists,Client Coordinator - Agribusiness Insurance,0,Marsh McLennan,False,Contract,,,False,High school diploma or equivalent,Master's degree,,,,,Hybrid,"Leawood, Kansas, United States",Kansas,United States,,5241,,Project Management Specialists,"[""Advising"", ""Agribusiness"", ""Business Insurance""]","[""Agribusiness"", ""Business Insurance""]","[""Advising""]",[],[]
168973,2026-06-05,,,https://mmc.wd1.myworkdayjobs.com/MMC/job/Leawood---W-133rd-Street/Client-Coordinator---Transportation-Insurance_R_354385-1,Client Coordinator - Transportation Insurance,Project Management Specialists,Client Coordinator - Transportation Insurance,0,Marsh McLennan,False,Contract,,,False,High school diploma or equivalent,Associate's degree,,,,,Hybrid,"Leawood, Kansas, United States",Kansas,United States,,5241,,Project Management Specialists,"[""Advising"", ""Agency Management"", ""Billing"", ""Billing Inquiries"", ""Business Insurance""]","[""Agency Management"", ""Billing"", ""Billing Inquiries"", ""Business Insurance""]","[""Advising""]",[],[]
338436,2026-06-16,,,https://jobs.ashbyhq.com/sailorhealth/fe97ba7e-fc95-4250-a62b-47cdab0f7a66/application,"Clinical Psychologist for Seniors ( , PSYPACT)",Project Management Specialists,Clinical Psychologist for Seniors,0,Sailorhealth,True,"Full Time, Part Time, Contract",,,False,Associate's degree,Doctoral or professional degree,"{'min': '', 'max': '', 'currency': '', 'period': '', 'summary': ''}",,,,Remote,USA,,,,5241,,Project Management Specialists,"[""Care Coordination""]","[""Care Coordination""]",[],[],[]
368359,2026-06-12,,,https://apply.workable.com/j/6A555C21ED/apply,Collections Manager,Project Management Specialists,Collections Manager,0,Byrider,False,Full Time,,,False,Bachelor's degree,Bachelor's degree,"{'min': '', 'max': '', 'currency': '', 'period': '', 'summary': ''}",,,,Unknown,"Racine, Wisconsin",Racine,Wisconsin,,5241,,Project Management Specialists,"[""Business Acumen""]",[],"[""Business Acumen""]",[],[]
234106,2026-06-26,,,https://remoteok.com/remote-jobs/remote-collections-manager-national-service-bureau-1134155,Collections Manager,Project Management Specialists,Collections Manager,0,National Service Bureau,False,,,,False,Bachelor's degree,Bachelor's degree,"{'min': '', 'max': '', 'currency': '', 'period': 'YEAR', 'summary': ''}",,,annual,Remote,"Sarasota, Florida",Sarasota,Florida,,5241,,Project Management Specialists,"[""Accounts Receivable"", ""Accounts Receivable Management""]","[""Accounts Receivable"", ""Accounts Receivable Management""]",[],[],[]
93789,2026-06-05,,,https://careers.hireology.com/elitehomecareofsouthcarolina/2780794/description,Columbia Caregiver,Project Management Specialists,Columbia Caregiver,0,"Elite Home Care, Day Centers & Transportation",False,Part Time,,,False,Associate's degree,Associate's degree,,,,,Unknown,"Columbia, South Carolina, United States",South Carolina,United States,,5241,,Project Management Specialists,"[""Caregiving""]","[""Caregiving""]",[],[],[]
362062,2026-06-12,,,https://jobs.smartrecruiters.com/VuoriInc/744000131935250-community-coordinator?oga=true,Community Coordinator,Project Management Specialists,Community Coordinator,0,Vuoriinc,False,Full Time,,,False,Associate's degree,Associate's degree,"{'min': '', 'max': '', 'currency': '', 'period': '', 'summary': ''}",,,,Unknown,"Carlsbad, California",Carlsbad,California,,5241,,Project Management Specialists,,,,,
94458,2026-06-05,,,https://recruitingbypaycor.com/career/JobIntroduction.action?clientId=8a7883c68cf53477018d13c8dfce13bf&id=8a7883a89e6b0bf7019e98675b70470a&source=&lang=en,Cook - PM Shift,Project Management Specialists,Cook - PM Shift,0,"Crestview Management, LLC",False,Full Time,,,False,High school diploma or equivalent,Associate's degree,,,,,Unknown,"Clearwater, Florida, United States",Florida,United States,,5241,,Project Management Specialists,,,,,
85696,2026-06-05,,,https://recruiting.paylocity.com/Recruiting/Jobs/Details/4230063,Copy of Guest Experience Manager,Project Management Specialists,Copy of Guest Experience Manager,0,Fitzgerald Auto Mall,False,Full Time,,,False,Bachelor's degree,Bachelor's degree,USD 45000 - 75000 per YEAR,45000.0,75000.0,annual,Unknown,"Clearwater, Florida, United States",Florida,United States,,5241,,Project Management Specialists,"[""Acting"", ""Automotive Industry""]","[""Acting"", ""Automotive Industry""]",[],[],[]
339083,2026-06-16,,,https://jobs.ashbyhq.com/polygon-labs/137e28c0-797c-498e-b558-41cf5dabbae9/application,Corporate Controller,Project Management Specialists,Corporate Controller,0,Polygon-Labs,False,Full Time,,,False,Associate's degree,Associate's degree,"{'min': '', 'max': '', 'currency': '', 'period': '', 'summary': ''}",,,,Remote,Remote,,Remote,,5241,,Project Management Specialists,"[""Accounting"", ""Automation"", ""Blockchain""]","[""Accounting"", ""Automation"", ""Blockchain""]",[],[],[]
208419,2026-06-06,,,https://careers.snowflake.com/us/en/job/SNCOUS17D4ACAD676D4A8883BA18C248DD552EEXTERNALENUS9E76599C25914B2DADDE95507BD3B3DD/Corporate-Counsel-2-Product,Corporate Counsel (Product),Project Management Specialists,Corporate Counsel,0,Snowflake,False,Contract,,,False,Associate's degree,Associate's degree,$177k - $232k per year,177000.0,232000.0,annual,Hybrid,"Menlo Park, California, United States",California,United States,,5241,,Project Management Specialists,"[""Accounting"", ""Adaptability"", ""Advocacy""]","[""Accounting""]","[""Adaptability"", ""Advocacy""]",[],[]
375939,2026-06-11,,,https://apply.workable.com/j/EEA9060DA7/apply,Crisis Response Worker,Project Management Specialists,Crisis Response Worker,0,Access-Services-3,False,"Full Time, Internship",,,True,Associate's degree,Bachelor's degree,"{'min': '', 'max': '', 'currency': '', 'period': '', 'summary': ''}",,,,On-site,"Plymouth Mtng, Pennsylvania",Plymouth Mtng,Pennsylvania,,5241,,Project Management Specialists,,,,,
97803,2026-06-05,,,https://jobs.workable.com/view/jgMxD5Sqite5wd3mV4vDr8/customer-delivery-associate-in-grants-pass-at-ewing-outdoor-supply,Customer Delivery Associate,Project Management Specialists,Customer Delivery Associate,0,Ewing Outdoor Supply,False,Full Time,,,False,Associate's degree,Associate's degree,USD 19 - 21 per HOUR,19.0,21.0,hourly,Unknown,"Grants Pass, Oregon, United States",Oregon,United States,,5241,,Project Management Specialists,"[""Career Development""]","[""Career Development""]",[],[],[]
352486,2026-06-15,,,https://ibqbjb.fa.ocs.oraclecloud.com/?keyword=&mode=jobs&lang=en&site_number=CX_1#146330,Customer Experience Professional,Project Management Specialists,Customer Experience Professional,0,Ibqbjb.fa.ocs.oraclecloud.com,False,,,,False,High school diploma or equivalent,Bachelor's degree,"{'min': '', 'max': '', 'currency': '', 'period': '', 'summary': ''}",,,,Hybrid,"Muncie, Indiana",Muncie,Indiana,,5241,,Project Management Specialists,"[""Automation"", ""Business Administration""]","[""Automation""]","[""Business Administration""]",[],[]
86491,2026-06-05,2027-06-05,365.0,https://careers-transcat.icims.com/jobs/5508/customer-service-coordinator/job,Customer Service Coordinator,Project Management Specialists,Customer Service Coordinator,0,Transcat,False,Other,,,False,High school diploma or equivalent,Associate's degree,,,,,Unknown,"Houston, Texas, United States",Texas,United States,,5241,,Project Management Specialists,"[""Calibration""]","[""Calibration""]",[],[],[]
86490,2026-06-05,2027-06-05,365.0,https://careers-transcat.icims.com/jobs/5520/customer-service-coordinator/job,Customer Service Coordinator,Project Management Specialists,Customer Service Coordinator,0,Transcat,False,Other,,,False,High school diploma or equivalent,Associate's degree,,,,,Unknown,"Jefferson, Pennsylvania, United States",Pennsylvania,United States,,5241,,Project Management Specialists,"[""Calibration""]","[""Calibration""]",[],[],[]
360587,2026-06-12,,,https://job-boards.greenhouse.io/terraclear/jobs/6027053004,"Customer Success Representative - Sioux Falls, SD or Des Moines, IA",Project Management Specialists,"Customer Success Representative - Sioux Falls, SD or Des Moines, IA",0,Terraclear,False,Full Time,,,False,Associate's degree,Associate's degree,"{'min': '', 'max': '', 'currency': '', 'period': '', 'summary': ''}",,,,Unknown,"Sioux Falls, South Dakota",Sioux Falls,South Dakota,,5241,,Project Management Specialists,"[""Analytical Skills"", ""Artificial Intelligence"", ""Automation""]","[""Artificial Intelligence"", ""Automation""]","[""Analytical Skills""]",[],[]
304262,2026-06-21,,,https://jobs.smartrecruiters.com/Dominos/744000133206100-delivery-driver-dominos-3180-somerset-?oga=true,DELIVERY DRIVER DOMINOS (3180) SOMERSET $$$,Project Management Specialists,DELIVERY DRIVER DOMINOS SOMERSET $$$,0,Dominos,False,Part Time,,,False,Bachelor's degree,Bachelor's degree,"{'min': '', 'max': '', 'currency': '', 'period': '', 'summary': ''}",,,,Unknown,"Somerset, Massachusetts",Somerset,Massachusetts,,5241,,Project Management Specialists,,,,,
97596,2026-06-05,,,https://recruiting.ultipro.com/DEA1003/JobBoard/b3b450e1-e621-c3bc-979a-cbfe8c17f808/OpportunityDetail?opportunityId=c5a43077-b6d5-4b56-8acb-c06b15a6f05a,Delivery Driver,Project Management Specialists,Delivery Driver,0,Dead River Company,False,Full Time,,,False,High school diploma or equivalent,Associate's degree,,,,,Unknown,"Rockland, Maine, United States",Maine,United States,,5241,,Project Management Specialists,,,,,
310899,2026-06-19,,,https://jobs.smartrecruiters.com/Dominos/744000132976238-delivery-driver?oga=true,Delivery Driver,Project Management Specialists,Delivery Driver,0,Dominos,False,"Full Time, Part Time",,,False,Associate's degree,Associate's degree,"{'min': '', 'max': '', 'currency': '', 'period': '', 'summary': ''}",,,,Unknown,"Marshalltown, Iowa",Marshalltown,Iowa,,5241,,Project Management Specialists,,,,,
304426,2026-06-21,,,https://jobs.smartrecruiters.com/Dominos/744000133201180-delivery-driver?oga=true,Delivery Driver,Project Management Specialists,Delivery Driver,0,Dominos,False,"Full Time, Part Time",,,False,Associate's degree,Associate's degree,"{'min': '', 'max': '', 'currency': '', 'period': '', 'summary': ''}",,,,Unknown,"Eagan, Minnesota",Eagan,Minnesota,,5241,,Project Management Specialists,,,,,
280535,2026-06-23,,,https://jobs.smartrecruiters.com/Dominos/744000133676979-delivery-driver?oga=true,Delivery Driver,Project Management Specialists,Delivery Driver,0,Dominos,False,"Full Time, Part Time",,,False,Associate's degree,Associate's degree,"{'min': '', 'max': '', 'currency': '', 'period': '', 'summary': ''}",,,,Unknown,"Lincoln, Nebraska",Lincoln,Nebraska,,5241,,Project Management Specialists,,,,,
271828,2026-06-24,,,https://jobs.smartrecruiters.com/Dominos/744000133718386-delivery-driver?oga=true,Delivery Driver,Project Management Specialists,Delivery Driver,0,Dominos,False,"Full Time, Part Time",,,False,Associate's degree,Associate's degree,"{'min': '', 'max': '', 'currency': '', 'period': '', 'summary': ''}",,,,Unknown,"Oak Park Heights, Minnesota",Oak Park Heights,Minnesota,,5241,,Project Management Specialists,,,,,
228156,2026-06-27,,,https://jobs.smartrecruiters.com/Dominos/744000134588985-delivery-driver-1723-?oga=true,Delivery Driver (1723),Project Management Specialists,Delivery Driver,0,Dominos,False,"Full Time, Part Time",,,False,Associate's degree,Associate's degree,"{'min': '', 'max': '', 'currency': '', 'period': '', 'summary': ''}",,,,Unknown,"Des Moines, Iowa",Des Moines,Iowa,,5241,,Project Management Specialists,,,,,
130786,2026-06-05,,,https://jobs.smartrecruiters.com/Dominos/744000113771147-delivery-driver-3710-all-shifts-,Delivery Driver 3710 ALL SHIFTS $$$,Project Management Specialists,Delivery Driver 3710 ALL SHIFTS $$$,0,Domino's,False,Part Time,,,False,Bachelor's degree,Bachelor's degree,USD 21 per HOUR,21.0,21.0,hourly,Unknown,"Greenfield, Massachusetts, United States",Massachusetts,United States,,5241,,Project Management Specialists,,,,,
306212,2026-06-20,,,https://jobs.smartrecruiters.com/Dominos/744000133169214-delivery-driver-3710-all-shifts-?oga=true,Delivery Driver 3710 ALL SHIFTS $$$,Project Management Specialists,Delivery Driver 3710 ALL SHIFTS $$$,0,Dominos,False,Part Time,,,False,Bachelor's degree,Bachelor's degree,"{'min': '', 'max': '', 'currency': '', 'period': '', 'summary': ''}",,,,Unknown,"Greenfield, Massachusetts",Greenfield,Massachusetts,,5241,,Project Management Specialists,,,,,
284365,2026-06-23,,,https://jobs.smartrecruiters.com/Dominos/744000133491972-delivery-driver-3950-all-shifts-needed-?oga=true,Delivery Driver 3950 ALL SHIFTS NEEDED!! $$$,Project Management Specialists,Delivery Driver 3950 ALL SHIFTS NEEDED!! $$$,0,Dominos,False,Part Time,,,False,Bachelor's degree,Bachelor's degree,"{'min': '', 'max': '', 'currency': '', 'period': '', 'summary': ''}",,,,Unknown,"Middletown, Rhode Island",Middletown,Rhode Island,,5241,,Project Management Specialists,,,,,
349370,2026-06-15,,,https://jobs.smartrecruiters.com/Dominos/744000132212880-delivery-driver-dominos-3195-nights-and-weekends-?oga=true,Delivery Driver DOMINOS 3195 NIGHTS AND WEEKENDS $$$,Project Management Specialists,Delivery Driver DOMINOS 3195 NIGHTS AND WEEKENDS $$$,0,Dominos,False,Part Time,,,False,Bachelor's degree,Bachelor's degree,"{'min': '', 'max': '', 'currency': '', 'period': '', 'summary': ''}",,,,Unknown,"Brattleboro, Vermont",Brattleboro,Vermont,,5241,,Project Management Specialists,,,,,
339771,2026-06-16,,,https://jobs.smartrecruiters.com/Dominos/744000132429467-delivery-driver-dominos-3903-night-shifts-needed-?oga=true,Delivery Driver DOMINOS 3903 NIGHT SHIFTS NEEDED!! $$$,Project Management Specialists,Delivery Driver DOMINOS 3903 NIGHT SHIFTS NEEDED!! $$$,0,Dominos,False,Part Time,,,False,Bachelor's degree,Bachelor's degree,"{'min': '', 'max': '', 'currency': '', 'period': '', 'summary': ''}",,,,Unknown,"Riverside, Rhode Island",Riverside,Rhode Island,,5241,,Project Management Specialists,,,,,
341487,2026-06-16,,,https://jobs.smartrecruiters.com/Dominos/744000132313118-delivery-driver-dominos-3930-nights-and-weekends-?oga=true,Delivery Driver DOMINOS 3930 NIGHTS AND WEEKENDS $$$,Project Management Specialists,Delivery Driver DOMINOS 3930 NIGHTS AND WEEKENDS $$$,0,Dominos,False,Part Time,,,False,Bachelor's degree,Bachelor's degree,"{'min': '', 'max': '', 'currency': '', 'period': '', 'summary': ''}",,,,Unknown,"Pawtucket, Rhode Island",Pawtucket,Rhode Island,,5241,,Project Management Specialists,,,,,
310945,2026-06-19,,,https://jobs.smartrecruiters.com/Dominos/744000132972670-delivery-driver-dominos-3951-all-shifts-?oga=true,Delivery Driver DOMINOS 3951 ALL SHIFTS $$$,Project Management Specialists,Delivery Driver DOMINOS 3951 ALL SHIFTS $$$,0,Dominos,False,Part Time,,,False,Bachelor's degree,Bachelor's degree,"{'min': '', 'max': '', 'currency': '', 'period': '', 'summary': ''}",,,,Unknown,"Middletown, Rhode Island",Middletown,Rhode Island,,5241,,Project Management Specialists,,,,,
306376,2026-06-20,,,https://jobs.smartrecruiters.com/Dominos/744000133164700-delivery-driver-dominos-cranston-3920-all-shifts-?oga=true,Delivery Driver DOMINOS Cranston 3920 ALL SHIFTS $$$,Project Management Specialists,Delivery Driver DOMINOS Cranston 3920 ALL SHIFTS $$$,0,Dominos,False,Part Time,,,False,Bachelor's degree,Bachelor's degree,"{'min': '', 'max': '', 'currency': '', 'period': '', 'summary': ''}",,,,Unknown,"Cranston, Rhode Island",Cranston,Rhode Island,,5241,,Project Management Specialists,,,,,
311203,2026-06-19,,,https://jobs.smartrecruiters.com/Dominos/744000132965827-delivery-driver-dominos-keene-weekdays-and-nights-?oga=true,Delivery Driver DOMINOS Keene WEEKDAYS AND NIGHTS!! $$$,Project Management Specialists,Delivery Driver DOMINOS Keene WEEKDAYS AND NIGHTS!! $$$,0,Dominos,False,Part Time,,,False,Bachelor's degree,Bachelor's degree,"{'min': '', 'max': '', 'currency': '', 'period': '', 'summary': ''}",,,,Unknown,"Keene, New Hampshire",Keene,New Hampshire,,5241,,Project Management Specialists,,,,,
255734,2026-06-25,,,https://jobs.smartrecruiters.com/Dominos/744000134045419-delivery-driver-dominos-3915-closing-drivers-needed-?oga=true,Delivery Driver DOMINOS!! 3915 CLOSING DRIVERS NEEDED $$$$$,Project Management Specialists,Delivery Driver DOMINOS!! 3915 CLOSING DRIVERS NEEDED $$$$$,0,Dominos,False,Part Time,,,False,Bachelor's degree,Bachelor's degree,"{'min': '', 'max': '', 'currency': '', 'period': '', 'summary': ''}",,,,Unknown,"Bristol, Rhode Island",Bristol,Rhode Island,,5241,,Project Management Specialists,,,,,
306072,2026-06-20,,,https://jobs.smartrecruiters.com/Dominos/744000133172417-delivery-driver-dominos-3921-all-shifts-?oga=true,Delivery Driver DOMINOS!! 3921 ALL SHIFTS!! $$$,Project Management Specialists,Delivery Driver DOMINOS!! 3921 ALL SHIFTS!! $$$,0,Dominos,False,Part Time,,,False,Bachelor's degree,Bachelor's degree,"{'min': '', 'max': '', 'currency': '', 'period': '', 'summary': ''}",,,,Unknown,"Providence, Rhode Island",Providence,Rhode Island,,5241,,Project Management Specialists,,,,,
252315,2026-06-25,,,https://jobs.smartrecruiters.com/Dominos/744000134142621-delivery-driver-dominos-bennington-?oga=true,Delivery Driver Dominos Bennington $$$,Project Management Specialists,Delivery Driver Dominos Bennington $$$,0,Dominos,False,Part Time,,,False,Bachelor's degree,Bachelor's degree,"{'min': '', 'max': '', 'currency': '', 'period': '', 'summary': ''}",,,,Unknown,"Bennington, Vermont",Bennington,Vermont,,5241,,Project Management Specialists,,,,,
311008,2026-06-19,,,https://jobs.smartrecruiters.com/Dominos/744000132970895-delivery-driver-04634-274-n-frederick-ave?oga=true,Delivery Driver(04634) 274 N Frederick Ave,Project Management Specialists,Delivery Driver 274 N Frederick Ave,0,Dominos,False,Full Time,,,False,Associate's degree,Associate's degree,"{'min': '', 'max': '', 'currency': '', 'period': '', 'summary': ''}",,,,Unknown,"Gaithersburg, Maryland",Gaithersburg,Maryland,,5241,,Project Management Specialists,"[""Accountability""]",[],"[""Accountability""]",[],[]
310711,2026-06-19,,,https://jobs.smartrecruiters.com/Dominos/744000132981331-delivery-driver-04668-411-e-dover-st?oga=true,Delivery Driver(04668) 411 E Dover St,Project Management Specialists,Delivery Driver 411 E Dover St,0,Dominos,False,Full Time,,,False,Associate's degree,Associate's degree,"{'min': '', 'max': '', 'currency': '', 'period': '', 'summary': ''}",,,,Unknown,"Easton, Maryland",Easton,Maryland,,5241,,Project Management Specialists,"[""Accountability""]",[],"[""Accountability""]",[],[]
304240,2026-06-21,,,https://jobs.smartrecruiters.com/Dominos/744000133208318-delivery-driver-04682-13050-middlebrook-rd?oga=true,Delivery Driver(04682) 13050 Middlebrook Rd,Project Management Specialists,Delivery Driver 13050 Middlebrook Rd,0,Dominos,False,Full Time,,,False,Associate's degree,Associate's degree,"{'min': '', 'max': '', 'currency': '', 'period': '', 'summary': ''}",,,,Unknown,"Germantown, Maryland",Germantown,Maryland,,5241,,Project Management Specialists,"[""Accountability""]",[],"[""Accountability""]",[],[]
304147,2026-06-21,,,https://jobs.smartrecruiters.com/Dominos/744000133212599-delivery-driver-04685-21040-e-frederick-rd?oga=true,Delivery Driver(04685) 21040 E Frederick Rd,Project Management Specialists,Delivery Driver 21040 E Frederick Rd,0,Dominos,False,Full Time,,,False,Associate's degree,Associate's degree,"{'min': '', 'max': '', 'currency': '', 'period': '', 'summary': ''}",,,,Unknown,"Germantown, Maryland",Germantown,Maryland,,5241,,Project Management Specialists,"[""Accountability""]",[],"[""Accountability""]",[],[]
296634,2026-06-22,,,https://jobs.smartrecruiters.com/Dominos/744000133239639-delivery-driver-04938-?oga=true,Delivery Driver(04938),Project Management Specialists,Delivery Driver,0,Dominos,False,Full Time,,,False,Associate's degree,Associate's degree,"{'min': '', 'max': '', 'currency': '', 'period': '', 'summary': ''}",,,,Unknown,"Crystal River, Florida",Crystal River,Florida,,5241,,Project Management Specialists,,,,,
304124,2026-06-21,,,https://jobs.smartrecruiters.com/Dominos/744000133213089-delivery-driver-06062-18037-georgia-ave?oga=true,Delivery Driver(06062) 18037 Georgia Ave,Project Management Specialists,Delivery Driver 18037 Georgia Ave,0,Dominos,False,Full Time,,,False,Associate's degree,Associate's degree,"{'min': '', 'max': '', 'currency': '', 'period': '', 'summary': ''}",,,,Unknown,"Olney, Maryland",Olney,Maryland,,5241,,Project Management Specialists,"[""Accountability""]",[],"[""Accountability""]",[],[]
255006,2026-06-25,,,https://jobs.smartrecruiters.com/Dominos/744000134067003-delivery-driver-09456-?oga=true,Delivery Driver(09456),Project Management Specialists,Delivery Driver,0,Dominos,False,Full Time,,,False,Associate's degree,Associate's degree,"{'min': '', 'max': '', 'currency': '', 'period': '', 'summary': ''}",,,,Unknown,"Homosassa, Florida",Homosassa,Florida,,5241,,Project Management Specialists,,,,,
228019,2026-06-27,,,https://jobs.smartrecruiters.com/Dominos/744000134592080-delivery-drivers-csr-managers?oga=true,"Delivery Drivers , CSR , Managers",Project Management Specialists,"Delivery Drivers , CSR , Managers",0,Dominos,False,Part Time,,,False,Bachelor's degree,Bachelor's degree,"{'min': '', 'max': '', 'currency': '', 'period': '', 'summary': ''}",,,,Unknown,"Danville, Pennsylvania",Danville,Pennsylvania,,5241,,Project Management Specialists,,,,,
140327,2026-06-05,,,https://fa-eomf-saasfaprod1.fa.ocs.oraclecloud.com/hcmUI/CandidateExperience/en/sites/CX_1002/job/7094,Dental Assistant (Endodontics),Project Management Specialists,Dental Assistant,0,"UT Health SA, Greehey Ccri",False,Full Time,,,False,Bachelor's degree,Bachelor's degree,,,,,Unknown,"San Antonio, Texas, United States",Texas,United States,,5241,,Project Management Specialists,,,,,
347142,2026-06-16,,,https://apply.workable.com/j/6E15D97705/apply,Dental Front Desk,Project Management Specialists,Dental Front Desk,0,High-End-Hiring-3,False,Full Time,,,False,Bachelor's degree,Bachelor's degree,"{'min': '', 'max': '', 'currency': '', 'period': '', 'summary': ''}",,,,On-site,"Los Angeles, California",Los Angeles,California,,5241,,Project Management Specialists,,,,,
304714,2026-06-21,,,https://www.welcometothejungle.com/en/companies/IjoO7n/jobs/deployment-strategist_us_fdrhnejr,Deployment Strategist,Project Management Specialists,Deployment Strategist,0,Sift,False,Full Time,,,False,Associate's degree,Associate's degree,"USD 125,000 - 175,000 Yearly",125000.0,175000.0,annual,Unknown,United States,,,,5241,,Project Management Specialists,,,,,
391238,2026-06-09,,,https://apply.workable.com/j/4E9203E65B/apply,Design Assistant,Project Management Specialists,Design Assistant,0,Bci-Brands,False,"Full Time, Temporary",,,False,Associate's degree,Associate's degree,"{'min': '', 'max': '', 'currency': '', 'period': '', 'summary': ''}",,,,Unknown,"New York, New York",New York,New York,"New York-Newark-Jersey City, NY-NJ",5241,,Project Management Specialists,,,,,
351711,2026-06-15,,,https://sbr.bamboohr.com/careers/475,Direct Support Professional (DSP) Tuesday- Saturday 4 pm - 12 am,Project Management Specialists,Direct Support Professional Tuesday- Saturday 4 pm - 12 am,0,Sbr,False,Full Time,,,False,High school diploma or equivalent,Associate's degree,USD 18 - 21 Hourly,18.0,21.0,hourly,On-site,"Philadelphia, Pennsylvania",Philadelphia,Pennsylvania,,5241,,Project Management Specialists,"[""Advocacy""]",[],"[""Advocacy""]",[],[]
74718,2026-06-05,,,https://recruiting.paylocity.com/Recruiting/Jobs/Details/4228101,Direct Support Professional 1:1,Project Management Specialists,Direct Support Professional 1:1,0,The Cottages of St. Cloud,False,"Full Time, Part Time",,,False,Associate's degree,Associate's degree,USD 15 - 17.5 per HOUR,15.0,17.5,hourly,Unknown,"Sauk Rapids, Minnesota, United States",Minnesota,United States,,5241,,Project Management Specialists,,,,,
104747,2026-06-05,,,https://workforcenow.adp.com/mascsr/default/mdf/recruitment/recruitment.html?cid=5e73afbe-c8c1-4dc3-875b-eeb71e6a710c&jobId=594654,Direct Support Professional Back End (Night)-Entry Level,Project Management Specialists,Direct Support Professional Back End -Entry Level,0,Andrus Childrens Center,False,Full Time,,,False,Postsecondary nondegree award,Associate's degree,USD 20.07 - 29.63 per HOUR,20.07,29.63,hourly,Unknown,"Yonkers, New York, United States",New York,United States,,5241,,Project Management Specialists,,,,,
98245,2026-06-05,,,https://workforcenow.adp.com/mascsr/default/mdf/recruitment/recruitment.html?cid=5e73afbe-c8c1-4dc3-875b-eeb71e6a710c&jobId=594663,Direct Support Professional Front End (Day) PM-Entry Level,Project Management Specialists,Direct Support Professional Front End PM-Entry Level,0,Andrus Childrens Center,False,Full Time,,,False,Postsecondary nondegree award,Associate's degree,USD 18.35 - 27.91 per HOUR,18.35,27.91,hourly,Unknown,"Yonkers, New York, United States",New York,United States,,5241,,Project Management Specialists,,,,,
98217,2026-06-05,,,https://careers.hireology.com/outoftheboxsolutions/2780619/description,Direct Support Professional Gresham,Project Management Specialists,Direct Support Professional Gresham,0,"Out Of The Box Solutions, LLC",False,Part Time,,,False,High school diploma or equivalent,Associate's degree,USD 24 per HOUR,24.0,24.0,hourly,Unknown,"Gresham, Oregon, United States",Oregon,United States,,5241,,Project Management Specialists,"[""Caregiving""]","[""Caregiving""]",[],[],[]
99590,2026-06-05,,,https://careers.hireology.com/outoftheboxsolutions/2780577/description,Direct Support Professional Sandy/ Estacada,Project Management Specialists,Direct Support Professional Sandy/ Estacada,0,"Out Of The Box Solutions, LLC",False,Part Time,,,False,High school diploma or equivalent,Associate's degree,USD 24 per HOUR,24.0,24.0,hourly,Unknown,"Estacada, Oregon, United States",Oregon,United States,,5241,,Project Management Specialists,"[""Caregiving""]","[""Caregiving""]",[],[],[]
95751,2026-06-05,,,https://workforcenow.adp.com/mascsr/default/mdf/recruitment/recruitment.html?cid=5e73afbe-c8c1-4dc3-875b-eeb71e6a710c&jobId=594666,Direct Support Professional-Wed-Sat Back End Day PM-Entry Level,Project Management Specialists,Direct Support Professional-Wed-Sat Back End Day PM-Entry Level,0,Andrus Childrens Center,False,Full Time,,,False,Postsecondary nondegree award,Associate's degree,USD 18.35 - 27.91 per HOUR,18.35,27.91,hourly,Unknown,"Yonkers, New York, United States",New York,United States,,5241,,Project Management Specialists,,,,,
428773,2026-06-01,,,https://efuq.fa.us6.oraclecloud.com/?keyword=&mode=jobs&lang=en&site_number=CX_1#20087,Director Guest Services,Project Management Specialists,Director Guest Services,0,Efuq.fa.us6.oraclecloud.com,False,,,,False,High school diploma or equivalent,Associate's degree,"{'min': '', 'max': '', 'currency': '', 'period': '', 'summary': ''}",,,,Unknown,"Myrtle Beach, South Carolina",Myrtle Beach,South Carolina,,5241,,Project Management Specialists,"[""Accounting"", ""Acting""]","[""Accounting"", ""Acting""]",[],[],[]
425138,2026-06-02,,,https://apply.workable.com/j/A3093255BB/apply,Director Partnerships and Alliances,Project Management Specialists,Director Partnerships and Alliances,0,Innovaccer-Analytics,False,"Full Time, Contract",,,False,Postsecondary nondegree award,Postsecondary nondegree award,"{'min': '', 'max': '', 'currency': '', 'period': '', 'summary': ''}",,,,Hybrid,"Princeton, New Jersey",Princeton,New Jersey,,5241,,Project Management Specialists,"[""AI Agents"", ""Analytics""]","[""AI Agents"", ""Analytics""]",[],[],[]
435513,2026-05-29,,,https://www.welcometothejungle.com/en/companies/vnguXN/jobs/director-of-corporate-communications-fixed-term_austin_sigl6ghf,"Director of Corporate Communications (Fixed-Term, )",Project Management Specialists,Director of Corporate Communications,0,Culture Amp,False,"Part Time, Temporary",,,False,Associate's degree,Associate's degree,"USD 210,000 - 240,000 Yearly",210000.0,240000.0,annual,Remote,Austin,,Austin,,5241,,Project Management Specialists,"[""Analyst Relations""]","[""Analyst Relations""]",[],[],[]
413796,2026-06-03,,,https://motional.com/open-positions/?gh_jid=7762406003#/7762406003,"Director of Technical Program Management, Autonomous System",Project Management Specialists,"Director of Technical Program Management, Autonomous System",0,Motional,False,,,,False,Associate's degree,Master's degree,"{'min': '', 'max': '', 'currency': '', 'period': '', 'summary': ''}",,,,Hybrid,"Boston, Massachusetts",Boston,Massachusetts,,5241,,Project Management Specialists,"[""Autonomous System"", ""Autonomous Vehicles""]","[""Autonomous System"", ""Autonomous Vehicles""]",[],[],[]
413794,2026-06-03,,,https://motional.com/open-positions/?gh_jid=7762448003#/7762448003,"Director of Technical Program Management, Autonomous System",Project Management Specialists,"Director of Technical Program Management, Autonomous System",0,Motional,False,,,,False,Associate's degree,Master's degree,"{'min': '', 'max': '', 'currency': '', 'period': '', 'summary': ''}",,,,Hybrid,"Pittsburgh, Pennsylvania",Pittsburgh,Pennsylvania,,5241,,Project Management Specialists,"[""Autonomous System"", ""Autonomous Vehicles""]","[""Autonomous System"", ""Autonomous Vehicles""]",[],[],[]
413795,2026-06-03,,,https://motional.com/open-positions/?gh_jid=7762461003#/7762461003,"Director of Technical Program Management, Autonomous System",Project Management Specialists,"Director of Technical Program Management, Autonomous System",0,Motional,False,,,,False,Associate's degree,Master's degree,"{'min': '', 'max': '', 'currency': '', 'period': '', 'summary': ''}",,,,Hybrid,"Las Vegas, Nevada",Las Vegas,Nevada,,5241,,Project Management Specialists,"[""Autonomous System"", ""Autonomous Vehicles""]","[""Autonomous System"", ""Autonomous Vehicles""]",[],[],[]
361382,2026-06-12,,,https://jobs.smartrecruiters.com/EntCreditUnion1/744000131966483-director-credit-risk-management?oga=true,"Director, Credit Risk Management",Project Management Specialists,"Director, Credit Risk Management",0,Entcreditunion1,False,Full Time,,,False,Postsecondary nondegree award,Master's degree,"{'min': '', 'max': '', 'currency': '', 'period': '', 'summary': ''}",,,,Unknown,"Colorado Springs, Colorado",Colorado Springs,Colorado,,5241,,Project Management Specialists,"[""Accounting"", ""Analytics"", ""Bank Secrecy"", ""Bank Secrecy Act"", ""Banking""]","[""Accounting"", ""Analytics"", ""Bank Secrecy"", ""Bank Secrecy Act"", ""Banking""]",[],[],[]
361372,2026-06-12,,,https://jobs.smartrecruiters.com/EntCreditUnion1/744000131967579-director-credit-risk-management?oga=true,"Director, Credit Risk Management",Project Management Specialists,"Director, Credit Risk Management",0,Entcreditunion1,False,Full Time,,,False,Postsecondary nondegree award,Master's degree,"{'min': '', 'max': '', 'currency': '', 'period': '', 'summary': ''}",,,,Unknown,"Apple Valley, Minnesota",Apple Valley,Minnesota,,5241,,Project Management Specialists,"[""Accounting"", ""Analytics"", ""Bank Secrecy"", ""Bank Secrecy Act"", ""Banking""]","[""Accounting"", ""Analytics"", ""Bank Secrecy"", ""Bank Secrecy Act"", ""Banking""]",[],[],[]
87933,2026-06-05,,,https://jobs.smartrecruiters.com/VuoriInc/744000130571569-director-customs-global-trade,"Director, Customs & Global Trade",Project Management Specialists,"Director, Customs & Global Trade",0,Vuori,False,Temporary,,,False,Associate's degree,Bachelor's degree,USD 173000 - 222495 per YEAR,173000.0,222495.0,annual,On-site,"Carlsbad, California, United States",California,United States,,5241,,Project Management Specialists,"[""Agency Management"", ""Audit Processes""]","[""Agency Management"", ""Audit Processes""]",[],[],[]
392061,2026-06-08,,,https://jobs.smartrecruiters.com/VuoriInc/744000130879261-director-customs-global-trade?oga=true,"Director, Customs & Global Trade",Project Management Specialists,"Director, Customs & Global Trade",0,Vuoriinc,False,Temporary,,,False,Associate's degree,Bachelor's degree,"{'min': '', 'max': '', 'currency': '', 'period': '', 'summary': ''}",,,,Unknown,"Carlsbad, California",Carlsbad,California,,5241,,Project Management Specialists,"[""Agency Management"", ""Audit Processes""]","[""Agency Management"", ""Audit Processes""]",[],[],[]
318226,2026-06-18,,,https://clean-air-task-force.breezy.hr/p/25b0ef146616-director-mass-market-acquisition-and-engagement,"Director, Mass Market Acquisition and Engagement",Project Management Specialists,"Director, Mass Market Acquisition and Engagement",0,Clean Air Task Force,False,Full Time,,,False,Associate's degree,Associate's degree,"USD 145,000 - 165,000 Yearly",145000.0,165000.0,annual,Remote,United States,,,,5241,,Project Management Specialists,"[""A/B Testing"", ""Accounting"", ""Advocacy"", ""Analytics"", ""Artificial Intelligence"", ""Audience Segmentation"", ""Automation"", ""Brand Awareness""]","[""A/B Testing"", ""Accounting"", ""Analytics"", ""Artificial Intelligence"", ""Audience Segmentation"", ""Automation"", ""Brand Awareness""]","[""Advocacy""]",[],[]
136755,2026-06-05,,,https://job-boards.greenhouse.io/alertmedia/jobs/8512065002,"Director, Strategic Customer Success",Project Management Specialists,"Director, Strategic Customer Success",0,AlertMedia,False,Full Time,,,False,Associate's degree,Associate's degree,,,,,Hybrid,"Austin, Texas, United States",Texas,United States,,5241,,Project Management Specialists,"[""Account Growth"", ""Account Management"", ""Accountability"", ""Acting"", ""Advocacy"", ""Assertiveness"", ""Business Continuity"", ""Business Objectives"", ""Career Development""]","[""Account Growth"", ""Account Management"", ""Acting"", ""Business Continuity"", ""Career Development""]","[""Accountability"", ""Advocacy"", ""Assertiveness"", ""Business Objectives""]",[],[]
398473,2026-06-07,,,https://jobs.smartrecruiters.com/Dominos/744000130677179-domino-s-delivery-expert?oga=true,Domino's Delivery Expert,Project Management Specialists,Domino's Delivery Expert,0,Dominos,False,"Full Time, Part Time",,,False,Associate's degree,Associate's degree,"{'min': '', 'max': '', 'currency': '', 'period': '', 'summary': ''}",,,,Unknown,"Traverse City, Michigan",Traverse City,Michigan,,5241,,Project Management Specialists,,,,,
80711,2026-06-04,,,https://workforcenow.adp.com/mascsr/default/mdf/recruitment/recruitment.html?cid=72f9b508-2cec-4b53-b9fc-f457138466e1&jobId=524515,Driver - Aggregate Hauling,Project Management Specialists,Driver - Aggregate Hauling,0,Bristol Management Services,False,Full Time,,,False,Associate's degree,Associate's degree,USD 24 - 26 per HOUR,24.0,26.0,hourly,Unknown,"Lincoln, California, United States",California,United States,,5241,,Project Management Specialists,,,,,
174467,2026-06-05,2026-09-03,90.0,https://farberhebrewdayschool.applytojob.com/apply/l6oFZYq7Qi/Early-Childhood-Paraprofessional,Early Childhood Paraprofessional,Project Management Specialists,Early Childhood Paraprofessional,0,Farber Hebrew Day School,False,Full Time,,,False,High school diploma or equivalent,Associate's degree,,,,,Unknown,"Southfield, Michigan, United States",Michigan,United States,,5241,,Project Management Specialists,,,,,
93512,2026-06-05,,,https://careers.hireology.com/elitehomecareofsouthcarolina/2780812/description,Elgin Caregiver,Project Management Specialists,Elgin Caregiver,0,"Elite Home Care, Day Centers & Transportation",False,Part Time,,,False,Associate's degree,Associate's degree,,,,,Unknown,"Elgin, South Carolina, United States",South Carolina,United States,,5241,,Project Management Specialists,"[""Caregiving""]","[""Caregiving""]",[],[],[]
347048,2026-06-16,,,https://apply.workable.com/j/3D693289C0/apply,Employment Specialist,Project Management Specialists,Employment Specialist,0,Myaccord,False,Full Time,,,False,Associate's degree,Bachelor's degree,"{'min': '', 'max': '', 'currency': '', 'period': '', 'summary': ''}",,,,Hybrid,"Saint Paul, Minnesota",Saint Paul,Minnesota,,5241,,Project Management Specialists,,,,,
332746,2026-06-17,,,https://www.welcometothejungle.com/en/companies/n2yk9u/jobs/enterprise-account-executive_austin_t4wyliwt,Enterprise Account Executive,Project Management Specialists,Enterprise Account Executive,0,ClosingLock,False,Full Time,,,False,Associate's degree,Associate's degree,"{'min': '', 'max': '', 'currency': '', 'period': 'YEAR', 'summary': ''}",,,annual,Unknown,Austin,,Austin,,5241,,Project Management Specialists,"[""Account Growth"", ""Build Pipeline""]","[""Account Growth"", ""Build Pipeline""]",[],[],[]
264815,2026-06-24,,,https://careers-kimley-horn.icims.com/jobs/24544/environmental-scientist-%26-project-manager/job?in_iframe=1,Environmental Scientist & Project Manager,Project Management Specialists,Environmental Scientist & Project Manager,0,Kimley-Horn,False,Full Time,,,False,Associate's degree,Master's degree,"{'min': '', 'max': '', 'currency': '', 'period': '', 'summary': ''}",,,,Unknown,"Phoenix, Arizona",Phoenix,Arizona,,5241,,Project Management Specialists,"[""Biology"", ""Botany"", ""Business Planning""]","[""Biology"", ""Botany"", ""Business Planning""]",[],[],[]
232463,2026-06-26,,,https://ats.rippling.com/ehs-support-llc/jobs/6fd6e696-671b-4226-a994-afbdd323da73,"Environmental, Health & Safety Compliance Specialist",Project Management Specialists,"Environmental, Health & Safety Compliance Specialist",0,Ehs-Support-LLC,True,Internship,,,True,Associate's degree,Bachelor's degree,"{'min': '', 'max': '', 'currency': '', 'period': '', 'summary': ''}",,,,Remote,Remote (),,Remote (),,5241,,Project Management Specialists,"[""Active Listening"", ""Airtable"", ""Budgeting"", ""Business Development""]","[""Airtable"", ""Business Development""]","[""Active Listening"", ""Budgeting""]",[],[]
415330,2026-06-03,,,https://pauldavis.bamboohr.com/careers/1479,Estimator,Project Management Specialists,Estimator,0,Pauldavis,False,Full Time,,,False,Associate's degree,Bachelor's degree,"USD 60,000 - 75,000 Yearly",60000.0,75000.0,annual,Remote,"Colorado Springs, Colorado",Colorado Springs,Colorado,,5241,,Project Management Specialists,,,,,
409363,2026-06-04,,,https://pauldavis.bamboohr.com/careers/1499,Estimator,Project Management Specialists,Estimator,0,Pauldavis,False,Full Time,,,False,Associate's degree,Bachelor's degree,"USD 60,000 - 75,000 Yearly",60000.0,75000.0,annual,Unknown,"Denver, Colorado",Denver,Colorado,,5241,,Project Management Specialists,,,,,
337442,2026-06-17,,,https://apply.workable.com/j/488B518C6D/apply,Executive Administrative Assistant to CEO,Project Management Specialists,Executive Administrative Assistant to CEO,0,Trivium,False,Full Time,,,False,Associate's degree,Associate's degree,"{'min': '', 'max': '', 'currency': '', 'period': '', 'summary': ''}",,,,On-site,"Downtown Miami, Florida",Downtown Miami,Florida,,5241,,Project Management Specialists,,,,,
418472,2026-06-03,,,https://apply.workable.com/j/8D158B9654/apply,Executive Assistant to the COO,Project Management Specialists,Executive Assistant to the COO,0,D2b-Groups,False,Full Time,,,False,Associate's degree,Associate's degree,"{'min': '', 'max': '', 'currency': '', 'period': '', 'summary': ''}",,,,Unknown,"Brentwood, Tennessee",Brentwood,Tennessee,,5241,,Project Management Specialists,"[""Calendar Management""]","[""Calendar Management""]",[],[],[]
20743,2026-05-23,,,https://app.idealtraits.com/career/Barcelo-&-Associates/354147IND,Experienced Insurance Sales Representative,Project Management Specialists,Experienced Insurance Sales Representative,0,Barcelo & Associates,False,Temporary,,,False,Associate's degree,Associate's degree,"$50,000 - $95,000 a year",50000.0,95000.0,annual,Remote,United States,,,,5241,,Project Management Specialists,,,,,
117941,2026-06-05,,,https://jobs.dayforcehcm.com/en-US/icsystem/CANDIDATEPORTAL/jobs/815,Experienced Third-Party Collection Specialist,Project Management Specialists,Experienced Third-Party Collection Specialist,0,IC System,False,Full Time,,,False,Associate's degree,Associate's degree,,,,,Remote,"Saint Paul, Minnesota, United States",Minnesota,United States,,5241,,Project Management Specialists,,,,,
120519,2026-06-05,,,https://jobs.dayforcehcm.com/en-US/gate/Hospitality/jobs/57653,FEMALE LOCKER ROOM ATTENDANT,Project Management Specialists,FEMALE LOCKER ROOM ATTENDANT,0,The Spa At Ponte Vedra Inn & Club,False,Full Time,,,False,Bachelor's degree,Bachelor's degree,,,,,Unknown,"Ponte Vedra Beach, Florida, United States",Florida,United States,,5241,,Project Management Specialists,,,,,
120461,2026-06-05,,,https://jobs.dayforcehcm.com/en-US/gate/HospitalityPVIC/jobs/57663,FEMALE SPA ATTENDANT,Project Management Specialists,FEMALE SPA ATTENDANT,0,The Spa At Ponte Vedra Inn & Club,False,Full Time,,,False,Bachelor's degree,Bachelor's degree,,,,,Unknown,"Ponte Vedra Beach, Florida, United States",Florida,United States,,5241,,Project Management Specialists,,,,,
80119,2026-06-04,,,https://ats.rippling.com/mamahuhu-llc/jobs/fc6fc348-a091-4832-bc56-8bc994c88478,FOH Team Member for Mamahuhu Noe Valley (AM Shifts),Project Management Specialists,FOH Team Member for Mamahuhu Noe Valley,0,Mamahuhu,False,"Full Time, Part Time",,,False,Associate's degree,Associate's degree,USD 19.18 - 20 per HOUR,19.18,20.0,hourly,Unknown,"San Francisco, California, United States",California,United States,,5241,,Project Management Specialists,,,,,
179898,2026-06-05,,,https://www.paycomonline.net/v4/ats/web.php/portal/70F627DB75965D0CECE738406E2BCBD7/jobs/269838,FT Customer Service Representative,Project Management Specialists,FT Customer Service Representative,0,Planet Fitness,False,Full Time,,,False,High school diploma or equivalent,Associate's degree,USD 12 per HOUR,12.0,12.0,hourly,Unknown,"Monroe, North Carolina, United States",North Carolina,United States,,5241,,Project Management Specialists,,,,,
381849,2026-06-10,,,https://jobs.cvshealth.com/job/R0909287,"Field Advocate, Dedicated to Deutsche Bank (Jacksonville, Florida)",Project Management Specialists,"Field Advocate, Dedicated to Deutsche Bank",0,Jobs.cvshealth.com,False,,,,False,Bachelor's degree,Bachelor's degree,"{'min': '', 'max': '', 'currency': '', 'period': '', 'summary': ''}",,,,Unknown,"Tallahassee, Florida",Tallahassee,Florida,,5241,,Project Management Specialists,"[""Benefits Administration""]","[""Benefits Administration""]",[],[],[]
418192,2026-06-03,,,https://apply.workable.com/j/2CB16EA067/apply,Field Service Dispatcher,Project Management Specialists,Field Service Dispatcher,0,D2b-Groups,False,Full Time,,,False,High school diploma or equivalent,Associate's degree,"{'min': '', 'max': '', 'currency': '', 'period': '', 'summary': ''}",,,,Unknown,"Sumter, South Carolina",Sumter,South Carolina,,5241,,Project Management Specialists,,,,,
402263,2026-06-05,,,https://careers-loretto2.icims.com/jobs/51928/food-service-worker-%28auburn%29/job?in_iframe=1,Food Service Associate,Project Management Specialists,Food Service Associate,0,Loretto2,False,Part Time,,,False,High school diploma or equivalent,Associate's degree,"{'min': '', 'max': '', 'currency': '', 'period': '', 'summary': ''}",,,,Unknown,"Auburn, New York",Auburn,New York,,5241,,Project Management Specialists,,,,,
179180,2026-06-05,2027-06-05,365.0,https://careers-loretto2.icims.com/jobs/51928/food-service-worker-%28auburn%29/job,Food Service Associate - Part Time,Project Management Specialists,Food Service Associate,0,Loretto,False,Part Time,,,False,High school diploma or equivalent,Associate's degree,USD 19.3 - 19.66 per HOUR,19.3,19.66,hourly,Unknown,"City of Auburn, New York, United States",New York,United States,,5241,,Project Management Specialists,,,,,
383046,2026-06-10,,,https://apply.workable.com/j/C4B11258BE/apply,Foreman - Detail thermoplastic,Project Management Specialists,Foreman - Detail thermoplastic,0,Trp-Infrastructures,False,Full Time,,,False,Bachelor's degree,Bachelor's degree,"{'min': '', 'max': '', 'currency': '', 'period': '', 'summary': ''}",,,,On-site,"Theodore, Alabama",Theodore,Alabama,,5241,,Project Management Specialists,,,,,
428767,2026-06-01,,,https://iazbqy.fa.ocs.oraclecloud.com/?keyword=&mode=jobs&lang=en&site_number=CX_1#2002660,Forklift Driver,Project Management Specialists,Forklift Driver,0,Iazbqy.fa.ocs.oraclecloud.com,False,Full Time,,,False,Associate's degree,Associate's degree,"{'min': '', 'max': '', 'currency': '', 'period': '', 'summary': ''}",,,,Unknown,"Montgomery, Illinois",Montgomery,Illinois,,5241,,Project Management Specialists,,,,,
171337,2026-06-05,,,https://www.paycomonline.net/v4/ats/web.php/portal/B9CB9154C59C87D59A3F948184C09C15/jobs/299597,Front Desk Associate,Project Management Specialists,Front Desk Associate,0,Coastal Spine & Pain Center,False,Full Time,,,False,High school diploma or equivalent,Associate's degree,,,,,Unknown,"Orange Park, Florida, United States",Florida,United States,,5241,,Project Management Specialists,,,,,
74253,2026-06-05,,,https://recruiting.paylocity.com/Recruiting/Jobs/Details/4228368,Front End Developer,Project Management Specialists,Front End Developer,0,Meyer Distributing,False,Full Time,,,False,Postsecondary nondegree award,Bachelor's degree,USD 75000 - 95000 per YEAR,75000.0,95000.0,annual,Unknown,"Indianapolis, Indiana, United States",Indiana,United States,,5241,,Project Management Specialists,"[""ASP.NET""]","[""ASP.NET""]",[],[],[]
83685,2026-06-04,,,https://recruiting.paylocity.com/Recruiting/Jobs/Details/4226034,Front Office Assistant,Project Management Specialists,Front Office Assistant,0,"Oral & Facial Surgery Of The Shoals, LLC",False,Full Time,,,False,High school diploma or equivalent,Associate's degree,,,,,Unknown,"Franklin, Tennessee, United States",Tennessee,United States,,5241,,Project Management Specialists,,,,,
159035,2026-06-05,2027-06-05,365.0,https://jobs-mb2dental.icims.com/jobs/24529/front-office-assistant/job,Front Office Assistant,Project Management Specialists,Front Office Assistant,0,Valley View Dental Dr. Irina Hayrapetyan,False,Full Time,,,False,Bachelor's degree,Bachelor's degree,USD 34 per HOUR,34.0,34.0,hourly,Unknown,"Castro Valley, California, United States",California,United States,,5241,,Project Management Specialists,,,,,
102240,2026-06-05,,,https://workforcenow.adp.com/mascsr/default/mdf/recruitment/recruitment.html?cid=d4432443-1733-4d77-9d88-503c677c1c54&jobId=1000424,Full Time Kitchen Supervisor - Courtyard by Marriott Rochester,Project Management Specialists,Kitchen Supervisor - Courtyard by Marriott Rochester,0,Terratron,False,Full Time,,,False,Associate's degree,Associate's degree,USD 20 - 24 per HOUR,20.0,24.0,hourly,Unknown,"Rochester, Minnesota, United States",Minnesota,United States,,5241,,Project Management Specialists,"[""Bartending"", ""Cash Handling""]","[""Bartending"", ""Cash Handling""]",[],[],[]
166445,2026-06-05,,,https://recruit.hirebridge.com/v3/careercenter/v2/details.aspx?jid=651223&cid=6741,Full-Time Registered Nurse (12 hour Night shift),Project Management Specialists,Registered Nurse,0,Goodwin Living,False,Full Time,,,False,Associate's degree,Associate's degree,USD 45 - 50 per HOUR,45.0,50.0,hourly,On-site,"District of Columbia, United States",District of Columbia,United States,,5241,,Project Management Specialists,"[""Career Development""]","[""Career Development""]",[],[],[]
368363,2026-06-12,,,https://apply.workable.com/j/6B7C1C2988/apply,"Funeral Sales Representative - Loves Park, IL",Project Management Specialists,"Funeral Sales Representative - Loves Park, IL",0,Precoa,False,Full Time,,,False,Associate's degree,Associate's degree,"{'min': '', 'max': '', 'currency': '', 'period': '', 'summary': ''}",,,,Hybrid,"Loves Park, Illinois",Loves Park,Illinois,,5241,,Project Management Specialists,,,,,
337473,2026-06-17,,,https://apply.workable.com/j/59469E1E82/apply,Funeral Sales Representative - McCammon-Ammons-Click Funeral Home,Project Management Specialists,Funeral Sales Representative - McCammon-Ammons-Click Funeral Home,0,Precoa,False,Full Time,,,False,Associate's degree,Associate's degree,"{'min': '', 'max': '', 'currency': '', 'period': '', 'summary': ''}",,,,Hybrid,"Maryville, Tennessee",Maryville,Tennessee,,5241,,Project Management Specialists,,,,,
375599,2026-06-11,,,https://apply.workable.com/j/328FA230D0/apply,Funeral Sales Representative - Westcott Funeral Home,Project Management Specialists,Funeral Sales Representative - Westcott Funeral Home,0,Precoa,False,Full Time,,,False,Associate's degree,Associate's degree,"{'min': '', 'max': '', 'currency': '', 'period': '', 'summary': ''}",,,,Hybrid,"Cottonwood, Arizona",Cottonwood,Arizona,,5241,,Project Management Specialists,,,,,
82261,2026-06-04,,,https://workforcenow.adp.com/mascsr/default/mdf/recruitment/recruitment.html?cid=2591dc24-5a19-4917-8ba3-1a885770dcae&jobId=567670,Garden Show & Lighting Production Manager,Project Management Specialists,Garden Show & Lighting Production Manager,0,Filoli,False,"Full Time, Temporary",,,False,Master's degree,Master's degree,USD 102000 - 115000 per YEAR,102000.0,115000.0,annual,Unknown,"Woodside, California, United States",California,United States,,5241,,Project Management Specialists,"[""Accountability"", ""Agility"", ""Budgeting""]","[""Agility""]","[""Accountability"", ""Budgeting""]",[],[]
134197,2026-06-05,,,https://jobs.smartrecruiters.com/Dominos/744000130330865-general-manager-02042-3910-schofield-ave,General Manager(02042) - 3910 Schofield Ave,Project Management Specialists,General Manager - 3910 Schofield Ave,0,Domino's,False,Full Time,,,False,Associate's degree,Associate's degree,,,,,Unknown,"Schofield, Wisconsin, United States",Wisconsin,United States,,5241,,Project Management Specialists,"[""Budgeting"", ""Business Process""]","[""Business Process""]","[""Budgeting""]",[],[]
306431,2026-06-20,,,https://jobs.smartrecruiters.com/Dominos/744000133157970-general-manager-02042-3910-schofield-ave?oga=true,General Manager(02042) - 3910 Schofield Ave,Project Management Specialists,General Manager - 3910 Schofield Ave,0,Dominos,False,Full Time,,,False,Associate's degree,Associate's degree,"{'min': '', 'max': '', 'currency': '', 'period': '', 'summary': ''}",,,,Unknown,"Schofield, Wisconsin",Schofield,Wisconsin,,5241,,Project Management Specialists,"[""Budgeting"", ""Business Process""]","[""Business Process""]","[""Budgeting""]",[],[]
391840,2026-06-08,,,https://job-boards.greenhouse.io/postman/jobs/7761719003,Global Field Events Lead,Project Management Specialists,Global Field Events Lead,0,Postman,False,,,,False,Associate's degree,Associate's degree,"{'min': '', 'max': '', 'currency': '', 'period': '', 'summary': ''}",,,,On-site,"New York, New York",New York,New York,"New York-Newark-Jersey City, NY-NJ",5241,,Project Management Specialists,"[""Accountability"", ""Brainstorming""]",[],"[""Accountability"", ""Brainstorming""]",[],[]
398750,2026-06-07,,,https://www.welcometothejungle.com/en/companies/eu6GF3/jobs/brand-and-creative-marketing-designer_us_6rue5zfd,Graphic Designer,Project Management Specialists,Graphic Designer,0,Pager,False,Full Time,,,False,Associate's degree,Bachelor's degree,"USD 100,000 - 115,000 Yearly",100000.0,115000.0,annual,Unknown,United States,,,,5241,,Project Management Specialists,"[""Adobe Creative Cloud""]","[""Adobe Creative Cloud""]",[],[],[]
282520,2026-06-23,,,https://careers-kimley-horn.icims.com/jobs/24504/graphic-designer/job?in_iframe=1,Graphic Designer,Project Management Specialists,Graphic Designer,0,Kimley-Horn,False,Full Time,,,False,Associate's degree,Bachelor's degree,"{'min': '', 'max': '', 'currency': '', 'period': '', 'summary': ''}",,,,Remote,"Jacksonville, Florida",Jacksonville,Florida,,5241,,Project Management Specialists,"[""Adobe After Effects"", ""Branding"", ""Brochures""]","[""Adobe After Effects"", ""Branding"", ""Brochures""]",[],[],[]
425242,2026-06-02,,,https://apply.workable.com/j/E167D24A7E/apply,Grill Cook,Project Management Specialists,Grill Cook,0,East-Bank-Club,False,Full Time,,,False,Associate's degree,Associate's degree,"{'min': '', 'max': '', 'currency': '', 'period': '', 'summary': ''}",,,,Unknown,"Chicago, Illinois",Chicago,Illinois,,5241,,Project Management Specialists,,,,,
265360,2026-06-24,,,https://jobs.lever.co/jobgether/862103a5-8b41-4208-bedb-5645bee0ecf0/apply,Growth Operations Program Manager,Project Management Specialists,Growth Operations Program Manager,0,Jobgether,False,Full Time,,,False,Associate's degree,Bachelor's degree,"{'min': '', 'max': '', 'currency': '', 'period': '', 'summary': ''}",,,,Remote,US,,,,5241,,Project Management Specialists,"[""Accountability"", ""Asana"", ""Automation"", ""Billing""]","[""Asana"", ""Automation"", ""Billing""]","[""Accountability""]",[],[]
155745,2026-06-05,2026-08-07,63.0,https://www.paycomonline.net/v4/ats/web.php/portal/2764C2D4BD15905B1BBC0D72EE026E5F/jobs/164388,HVAC Install Helper,Project Management Specialists,HVAC Install Helper,0,"Sutton Brothers Hvac, Plumbing & Electrical",False,Full Time,,,False,High school diploma or equivalent,Associate's degree,USD 27 - 37 per HOUR,27.0,37.0,hourly,Unknown,"Kernersville, North Carolina, United States",North Carolina,United States,,5241,,Project Management Specialists,,,,,
86344,2026-06-05,,,https://recruiting.paylocity.com/Recruiting/Jobs/Details/4229604,HVAC Service Technician,Project Management Specialists,HVAC Service Technician,0,Abstrakt Marketing Group,False,Full Time,,,False,Postsecondary nondegree award,Associate's degree,USD 20 - 50 per HOUR,20.0,50.0,hourly,Unknown,"North Canton, Ohio, United States",Ohio,United States,,5241,,Project Management Specialists,"[""Boilers"", ""Building Controls""]","[""Boilers"", ""Building Controls""]",[],[],[]
282352,2026-06-23,,,https://jobs.lever.co/jobgether/020beaf8-c914-4239-a63a-24a8d4418320/apply,Head of Experimentation,Project Management Specialists,Head of Experimentation,0,Jobgether,False,Contract,,,False,Associate's degree,Associate's degree,"{'min': '', 'max': '', 'currency': '', 'period': '', 'summary': ''}",,,,Remote,US,,,,5241,,Project Management Specialists,"[""Account Management"", ""Advertising Strategy"", ""Asana"", ""Automation""]","[""Account Management"", ""Advertising Strategy"", ""Asana"", ""Automation""]",[],[],[]
348444,2026-06-15,,,https://jobs.ashbyhq.com/everai/f2d5722a-2f7e-4925-ba63-8abee17dab0c/application,Head of Studio — AI Vertical Drama (Full,Project Management Specialists,Head of Studio — AI Vertical Drama (Full,0,Everai,False,Contract,,,False,Associate's degree,Associate's degree,"USD 115,000 - 205,000 Yearly",115000.0,205000.0,annual,Remote,United States of America,,,,5241,,Project Management Specialists,"[""Calibration"", ""Casting""]","[""Calibration"", ""Casting""]",[],[],[]
412625,2026-06-03,,,https://jobs.smartrecruiters.com/ForwardLogistixPartnersInc/3743990013460016-hiring-now-package-delivery-driver-ft-pt-from-22-00-to-22-50-hr-join-today-?oga=true,Hiring NOW Package Delivery Driver - / from $22.00 to Join Today!!!,Project Management Specialists,Hiring NOW Package Delivery Driver - / from $22.00 to Join Today!!!,0,Forwardlogistixpartnersinc,False,"Full Time, Part Time",,,False,Associate's degree,Associate's degree,"{'min': '', 'max': '', 'currency': '', 'period': '', 'summary': ''}",,,,On-site,"Fredericksburg, Virginia",Fredericksburg,Virginia,,5241,,Project Management Specialists,,,,,
167840,2026-06-05,2026-09-03,90.0,https://symmetryfinancialgroupthedelaneyagency.applytojob.com/apply/oYqHqzct9F/Home-Based-Insurance-Sales-Representative,Home Based Insurance Sales Representative,Project Management Specialists,Home Based Insurance Sales Representative,0,Delaney Agency,False,Full Time,,,False,Associate's degree,Associate's degree,,,,,Remote,"Burlington, Vermont, United States",Vermont,United States,,5241,,Project Management Specialists,,,,,
83502,2026-06-04,,,https://careers.hireology.com/qualitysuitesfishers/2780102/description,Hotel Housekeeper,Project Management Specialists,Hotel Housekeeper,0,Spark By Hilton Fishers,False,"Full Time, Part Time",,,False,Associate's degree,Associate's degree,,,,,Unknown,"Fishers, Indiana, United States",Indiana,United States,,5241,,Project Management Specialists,"[""Billing""]","[""Billing""]",[],[],[]
362841,2026-06-12,,,https://careers-propark.icims.com/jobs/10163/hotel-valet-supervisor/job?in_iframe=1,Hotel Valet Supervisor,Project Management Specialists,Hotel Valet Supervisor,0,Propark,False,"Full Time, Part Time, Temporary",,,False,Associate's degree,Master's degree,"{'min': '', 'max': '', 'currency': '', 'period': '', 'summary': ''}",,,,Unknown,"Boston, Massachusetts",Boston,Massachusetts,,5241,,Project Management Specialists,,,,,
81062,2026-06-04,,,https://recruiting.ultipro.com/CON1029CHEC/JobBoard/1d42a8b7-7823-4daa-bbbd-97ab3ca103de/OpportunityDetail?opportunityId=5229345a-0b81-44b3-8a72-927a41c7f43a,Housekeeping Manager (AAA Four Diamond Renaissance Hotel),Project Management Specialists,Housekeeping Manager,0,Concord Hospitality Enterprises,False,Full Time,,,False,Associate's degree,Associate's degree,USD 20 per HOUR,20.0,20.0,hourly,Unknown,"Wauwatosa, Wisconsin, United States",Wisconsin,United States,,5241,,Project Management Specialists,,,,,
187142,2026-04-15,,,,Human Resources Coordinator,Project Management Specialists,Human Resources Coordinator,0,Absolute POS,False,Full Time,,,False,Associate's degree,Associate's degree,$27.50 an hour,27.5,27.5,hourly,Remote,United States,,,,5241,,Project Management Specialists,"[""Applicant Tracking Systems"", ""Benefits Administration""]","[""Applicant Tracking Systems"", ""Benefits Administration""]",[],[],[]
85484,2026-06-05,,,https://recruiting.paylocity.com/Recruiting/Jobs/Details/4230365,Ice Delivery Driver,Project Management Specialists,Ice Delivery Driver,0,Holtzman Corp.,False,Full Time,,,False,Bachelor's degree,Bachelor's degree,,,,,Unknown,"Asheboro, North Carolina, United States",North Carolina,United States,,5241,,Project Management Specialists,,,,,
315843,2026-06-19,,,https://apply.workable.com/j/4D002F2E10/apply,Immediate Opening Supervisor 2nd Shift (Floater),Project Management Specialists,Immediate Opening Supervisor 2nd Shift,0,Tft-Global-USA-Inc,False,Temporary,,,False,Associate's degree,Associate's degree,"{'min': '', 'max': '', 'currency': '', 'period': '', 'summary': ''}",,,,Unknown,"Spring Hill, Tennessee",Spring Hill,Tennessee,,5241,,Project Management Specialists,"[""Appraisals""]","[""Appraisals""]",[],[],[]
316110,2026-06-19,,,https://apply.workable.com/j/EF745FF5E6/apply,Immediate Opening for Supervisor 3rd Shift,Project Management Specialists,Immediate Opening for Supervisor 3rd Shift,0,Tft-Global-USA-Inc,False,Full Time,,,False,Associate's degree,Associate's degree,"{'min': '', 'max': '', 'currency': '', 'period': '', 'summary': ''}",,,,Unknown,"Spring Hill, Tennessee",Spring Hill,Tennessee,,5241,,Project Management Specialists,"[""Appraisals""]","[""Appraisals""]",[],[],[]
83329,2026-06-04,,,https://job-boards.greenhouse.io/horacemannagents/jobs/6014484004,"Insurance Agent - Bel Air, MD",Project Management Specialists,"Insurance Agent - Bel Air, MD",0,Horace Mann,False,Contract,,,False,Associate's degree,Doctoral or professional degree,,,,,Unknown,"Bel Air, Maryland, United States",Maryland,United States,,5241,,Project Management Specialists,"[""Business Development""]","[""Business Development""]",[],[],[]
82389,2026-06-04,,,https://job-boards.greenhouse.io/horacemannagents/jobs/6014507004,"Insurance Agent - Camden, NC",Project Management Specialists,"Insurance Agent - Camden, NC",0,Horace Mann,False,Contract,,,False,Associate's degree,Associate's degree,,,,,Unknown,"Camden, North Carolina, United States",North Carolina,United States,,5241,,Project Management Specialists,"[""Business Success"", ""Casualty Insurance""]","[""Business Success"", ""Casualty Insurance""]",[],[],[]
83278,2026-06-04,,,https://job-boards.greenhouse.io/horacemannagents/jobs/6014485004,"Insurance Agent - Columbia, MD",Project Management Specialists,"Insurance Agent - Columbia, MD",0,Horace Mann,False,Contract,,,False,Associate's degree,Doctoral or professional degree,,,,,Unknown,"Columbia, Maryland, United States",Maryland,United States,,5241,,Project Management Specialists,"[""Business Development""]","[""Business Development""]",[],[],[]
83431,2026-06-04,,,https://job-boards.greenhouse.io/horacemannagents/jobs/6014480004,"Insurance Agent - Lexington, MD",Project Management Specialists,"Insurance Agent - Lexington, MD",0,Horace Mann,False,Contract,,,False,Associate's degree,Doctoral or professional degree,,,,,Unknown,"Leonardtown, Maryland, United States, Lexington Park, Maryland, United States, St. Mary's County, Maryland, United States",Maryland,United States,,5241,,Project Management Specialists,"[""Business Development""]","[""Business Development""]",[],[],[]
92203,2026-06-05,,,https://job-boards.greenhouse.io/horacemannagents/jobs/6015355004,"Insurance Agent - Rutland, VT",Project Management Specialists,"Insurance Agent - Rutland, VT",0,Horace Mann,False,Contract,,,False,Associate's degree,Associate's degree,,,,,Unknown,"Rutland, Vermont, United States",Vermont,United States,,5241,,Project Management Specialists,"[""Business Development""]","[""Business Development""]",[],[],[]
103213,2026-06-05,,,https://recruiting2.ultipro.com/CON1039CONSH/JobBoard/dfaeb5a3-4e9b-409b-a3ee-58878b2fbda9/OpportunityDetail?opportunityId=0d0a93da-0bac-4129-a385-b1ec03b2f49b,"Insurance Agent- Sales, Customer Service",Project Management Specialists,"Insurance Agent- Sales, Customer Service",0,Confie,False,Full Time,,,False,High school diploma or equivalent,Associate's degree,USD 17.29 - 20 per HOUR,17.29,20.0,hourly,Unknown,"Aurora, Colorado, United States",Colorado,United States,,5241,,Project Management Specialists,"[""Accounting"", ""Agency Management"", ""Artificial Intelligence""]","[""Accounting"", ""Agency Management"", ""Artificial Intelligence""]",[],[],[]
32195,2026-06-02,,,https://devin-hodo-allstate-agency.careerplug.com/j/030491t,Insurance Sales Representative,Project Management Specialists,Insurance Sales Representative,0,Devin Hodo - Allstate Agency,False,Full Time,,,False,Bachelor's degree,Bachelor's degree,"$47,000 - $70,000 a year",47000.0,70000.0,annual,Remote,United States,,,,5241,,Project Management Specialists,,,,,
103135,2026-06-05,,,https://recruiting2.ultipro.com/CON1039CONSH/JobBoard/dfaeb5a3-4e9b-409b-a3ee-58878b2fbda9/OpportunityDetail?opportunityId=0bf34cbc-51a0-4211-ba6c-1fb03b18d4a3,Insurance Sales Representative - Customer Service,Project Management Specialists,Insurance Sales Representative - Customer Service,0,Confie,False,Full Time,,,False,High school diploma or equivalent,Associate's degree,USD 15 - 18 per HOUR,15.0,18.0,hourly,Unknown,"Albuquerque, New Mexico, United States",New Mexico,United States,,5241,,Project Management Specialists,"[""Accounting"", ""Agency Management"", ""Artificial Intelligence""]","[""Accounting"", ""Agency Management"", ""Artificial Intelligence""]",[],[],[]
150762,2026-06-05,,,https://recruiting.paylocity.com/Recruiting/Jobs/Details/3798260,Irrigation Foreman,Project Management Specialists,Irrigation Foreman,0,Piscataqua Landscaping & Tree Service,False,"Full Time, Temporary",,,False,Associate's degree,Associate's degree,,,,,Unknown,"Eliot, Maine, United States",Maine,United States,,5241,,Project Management Specialists,,,,,
228906,2026-06-27,,,https://jobs.smartrecruiters.com/Dominos/744000134567493-junior-operating-partner-06205-2600-east-st?oga=true,Junior Operating Partner(06205) - 2600 East St,Project Management Specialists,Junior Operating Partner - 2600 East St,0,Dominos,False,Full Time,,,False,Associate's degree,Associate's degree,"{'min': '', 'max': '', 'currency': '', 'period': '', 'summary': ''}",,,,Unknown,"Golden, Colorado",Golden,Colorado,,5241,,Project Management Specialists,"[""Business Acumen""]",[],"[""Business Acumen""]",[],[]
228034,2026-06-27,,,https://jobs.smartrecruiters.com/Dominos/744000134591366-junior-operating-partner-06249-11102-w-colfax-ave?oga=true,Junior Operating Partner(06249) - 11102 W Colfax Ave,Project Management Specialists,Junior Operating Partner - 11102 W Colfax Ave,0,Dominos,False,Full Time,,,False,Associate's degree,Associate's degree,"{'min': '', 'max': '', 'currency': '', 'period': '', 'summary': ''}",,,,Unknown,"Lakewood, Colorado",Lakewood,Colorado,,5241,,Project Management Specialists,"[""Business Acumen""]",[],"[""Business Acumen""]",[],[]
228500,2026-06-27,,,https://jobs.smartrecruiters.com/Dominos/744000134577036-junior-operating-partner-06266-324-dillon-ridge-rd-unit-l?oga=true,"Junior Operating Partner(06266) - 324 Dillon Ridge Rd, Unit L",Project Management Specialists,"Junior Operating Partner - 324 Dillon Ridge Rd, Unit L",0,Dominos,False,Full Time,,,False,Associate's degree,Associate's degree,"{'min': '', 'max': '', 'currency': '', 'period': '', 'summary': ''}",,,,Unknown,"Dillon, Colorado",Dillon,Colorado,,5241,,Project Management Specialists,"[""Business Acumen""]",[],"[""Business Acumen""]",[],[]
296559,2026-06-22,,,https://jobs.smartrecruiters.com/Dominos/744000133242654-junior-operating-partner-06267-255-anglers-drive?oga=true,Junior Operating Partner(06267) - 255 Anglers Drive,Project Management Specialists,Junior Operating Partner - 255 Anglers Drive,0,Dominos,False,Full Time,,,False,Associate's degree,Associate's degree,"{'min': '', 'max': '', 'currency': '', 'period': '', 'summary': ''}",,,,Unknown,"Steamboat Springs, Colorado",Steamboat Springs,Colorado,,5241,,Project Management Specialists,"[""Business Acumen""]",[],"[""Business Acumen""]",[],[]
228897,2026-06-27,,,https://jobs.smartrecruiters.com/Dominos/744000134567472-junior-operating-partner-06274-25597-conifer-rd-103a?oga=true,Junior Operating Partner(06274) - 25597 Conifer Rd #103A,Project Management Specialists,Junior Operating Partner - 25597 Conifer Rd #103A,0,Dominos,False,Full Time,,,False,Associate's degree,Associate's degree,"{'min': '', 'max': '', 'currency': '', 'period': '', 'summary': ''}",,,,Unknown,"Conifer, Colorado",Conifer,Colorado,,5241,,Project Management Specialists,"[""Business Acumen""]",[],"[""Business Acumen""]",[],[]
296590,2026-06-22,,,https://jobs.smartrecruiters.com/Dominos/744000133240710-junior-operating-partner-06277-51-beaver-creek-place?oga=true,Junior Operating Partner(06277) - 51 Beaver Creek Place,Project Management Specialists,Junior Operating Partner - 51 Beaver Creek Place,0,Dominos,False,Full Time,,,False,Associate's degree,Associate's degree,"{'min': '', 'max': '', 'currency': '', 'period': '', 'summary': ''}",,,,Unknown,"Avon, Colorado",Avon,Colorado,,5241,,Project Management Specialists,"[""Business Acumen""]",[],"[""Business Acumen""]",[],[]
228123,2026-06-27,,,https://jobs.smartrecruiters.com/Dominos/744000134590639-junior-operating-partner-06334-1153-bergen-pkwy?oga=true,Junior Operating Partner(06334) - 1153 Bergen Pkwy,Project Management Specialists,Junior Operating Partner - 1153 Bergen Pkwy,0,Dominos,False,Full Time,,,False,Associate's degree,Associate's degree,"{'min': '', 'max': '', 'currency': '', 'period': '', 'summary': ''}",,,,Unknown,"Evergreen, Colorado",Evergreen,Colorado,,5241,,Project Management Specialists,"[""Business Acumen""]",[],"[""Business Acumen""]",[],[]
228595,2026-06-27,,,https://jobs.smartrecruiters.com/Dominos/744000134576526-junior-operating-partner-06337-1111-w-victory-way?oga=true,Junior Operating Partner(06337) - 1111 W. Victory Way,Project Management Specialists,Junior Operating Partner - 1111 W. Victory Way,0,Dominos,False,Full Time,,,False,Associate's degree,Associate's degree,"{'min': '', 'max': '', 'currency': '', 'period': '', 'summary': ''}",,,,Unknown,"Craig, Colorado",Craig,Colorado,,5241,,Project Management Specialists,"[""Business Acumen""]",[],"[""Business Acumen""]",[],[]
228421,2026-06-27,,,https://jobs.smartrecruiters.com/Dominos/744000134582027-junior-operating-partner-08663-8355-north-rampart-range-road-unit-c-107?oga=true,"Junior Operating Partner(08663) - 8355 North Rampart Range Road, Unit C-107",Project Management Specialists,"Junior Operating Partner - 8355 North Rampart Range Road, Unit C-107",0,Dominos,False,Full Time,,,False,Associate's degree,Associate's degree,"{'min': '', 'max': '', 'currency': '', 'period': '', 'summary': ''}",,,,Unknown,"Littleton, Colorado",Littleton,Colorado,,5241,,Project Management Specialists,"[""Business Acumen""]",[],"[""Business Acumen""]",[],[]
412303,2026-06-04,,,https://apply.workable.com/j/6734A3B10A/apply,Junior Shareholder,Project Management Specialists,Junior Shareholder,0,Kubicki-Draper,False,Full Time,,,False,Associate's degree,Associate's degree,"{'min': '', 'max': '', 'currency': '', 'period': '', 'summary': ''}",,,,Hybrid,"Fort Myers, Florida",Fort Myers,Florida,,5241,,Project Management Specialists,"[""Advocacy""]",[],"[""Advocacy""]",[],[]
80961,2026-06-04,,,https://unifirst.taleo.net/careersection/unf_external_simp/jobdetail.ftl?job=2602736&lang=en,Key Account Manager - UniFirst,Project Management Specialists,Key Account Manager - UniFirst,0,UniFirst Corporation,False,Contract,,,False,Associate's degree,Associate's degree,,,,,Unknown,"Aurora, Colorado, United States",Colorado,United States,,5241,,Project Management Specialists,"[""Accountability"", ""Business Development""]","[""Business Development""]","[""Accountability""]",[],[]
157771,2026-06-05,,,https://ioausa.wd5.myworkdayjobs.com/IOA_Careers/job/Florida-Remote/Key-Accounts-Program-Manager--Workers--Compensation---Transportation_R-1378,Key Accounts Program Manager- Workers’ Compensation – Transportation,Project Management Specialists,Key Accounts Program Manager- Workers’ Compensation – Transportation,0,Insurance Office Of America,False,Full Time,,,False,Associate's degree,Bachelor's degree,USD 95000 - 135000 per YEAR,95000.0,135000.0,annual,Hybrid,"Monticello, Florida, United States, Oviedo, Florida, United States, Palm Bay, Florida, United States, Seminole County, Florida, United States, Florida, United States",Florida,United States,,5241,,Project Management Specialists,"[""Account Growth"", ""Accountability"", ""Brokerage"", ""Business Development""]","[""Account Growth"", ""Brokerage"", ""Business Development""]","[""Accountability""]",[],[]
356745,2026-06-15,,,https://apply.workable.com/j/70219471D2/apply,Labor & Employment Partner,Project Management Specialists,Labor & Employment Partner,0,Ohagan-Meyer,False,Full Time,,,False,Associate's degree,Associate's degree,"{'min': '', 'max': '', 'currency': '', 'period': '', 'summary': ''}",,,,Hybrid,"San Francisco, California",San Francisco,California,,5241,,Project Management Specialists,,,,,
354460,2026-06-15,,,https://careers.labcorp.com/job/2620914,Laboratory Manager - Microbiology,Project Management Specialists,Laboratory Manager - Microbiology,0,Careers.labcorp.com,False,,,,False,Bachelor's degree,Bachelor's degree,"{'min': '', 'max': '', 'currency': '', 'period': '', 'summary': ''}",,,,Unknown,"Birmingham, Alabama",Birmingham,Alabama,,5241,,Project Management Specialists,,,,,
412372,2026-06-04,,,https://apply.workable.com/j/97F7A060F4/apply,Lake Area Caregiver/CNA Flexible Schedule,Project Management Specialists,Lake Area Caregiver/CNA Flexible Schedule,0,Phoenix-Home-Care-And-Hospice,False,"Full Time, Part Time",,,False,Associate's degree,Associate's degree,"{'min': '', 'max': '', 'currency': '', 'period': '', 'summary': ''}",,,,Unknown,"Osage Beach, Missouri",Osage Beach,Missouri,,5241,,Project Management Specialists,"[""Caregiving""]","[""Caregiving""]",[],[],[]
255671,2026-06-25,,,https://jobs.smartrecruiters.com/Dominos/744000134047829-late-night-closing-delivery-driver?oga=true,Late night/Closing Delivery Driver,Project Management Specialists,Late night/Closing Delivery Driver,0,Dominos,False,"Full Time, Part Time",,,False,Associate's degree,Associate's degree,"{'min': '', 'max': '', 'currency': '', 'period': '', 'summary': ''}",,,,Unknown,"Dunlap, Tennessee",Dunlap,Tennessee,,5241,,Project Management Specialists,"[""Cash Handling""]","[""Cash Handling""]",[],[],[]
96671,2026-06-05,,,https://cordellcordell.com/about/careers/current-openings/?gh_jid=5240059008,"Law Office Administrator - Portland, ME",Project Management Specialists,"Law Office Administrator - Portland, ME",0,Cordell & Cordell,False,Full Time,,,False,High school diploma or equivalent,Associate's degree,,,,,On-site,"Portland, Maine, United States",Maine,United States,,5241,,Project Management Specialists,"[""Case Management""]","[""Case Management""]",[],[],[]
102373,2026-06-05,,,https://job-boards.greenhouse.io/hrpliving/jobs/4271598009,Leasing Consultant,Project Management Specialists,Leasing Consultant,0,Hawthorne Residential Partners,False,Contract,,,False,High school diploma or equivalent,Associate's degree,,,,,On-site,"Wilmington, North Carolina, United States",North Carolina,United States,,5241,,Project Management Specialists,,,,,
158596,2026-06-05,,,https://kmg-prestige.breezy.hr/p/71e509c088fa-leasing-professional-george-s-creek-apartments--canal-winchester-oh,"Leasing Professional- George's Creek Apartments- Canal Winchester, OH",Project Management Specialists,"Leasing Professional- George's Creek Apartments- Canal Winchester, OH",0,"KMG Prestige, Inc.",False,Full Time,,,False,Associate's degree,Associate's degree,USD 20 per HOUR,20.0,20.0,hourly,Unknown,"Columbus, Ohio, United States",Ohio,United States,,5241,,Project Management Specialists,,,,,
93669,2026-06-05,,,https://careers.hireology.com/elitehomecareofsouthcarolina/2780804/description,Leesville Caregiver,Project Management Specialists,Leesville Caregiver,0,"Elite Home Care, Day Centers & Transportation",False,Part Time,,,False,Associate's degree,Associate's degree,,,,,Unknown,"Leesville, Ohio, United States",Ohio,United States,,5241,,Project Management Specialists,"[""Caregiving""]","[""Caregiving""]",[],[],[]
326317,2026-06-18,,,https://apply.workable.com/j/ED548AB3B7/apply,Legal Admin,Project Management Specialists,Legal Admin,0,Mandarich-Law,False,Full Time,,,False,Associate's degree,Associate's degree,"{'min': '', 'max': '', 'currency': '', 'period': '', 'summary': ''}",,,,Unknown,"New York, New York",New York,New York,"New York-Newark-Jersey City, NY-NJ",5241,,Project Management Specialists,,,,,
375809,2026-06-11,,,https://apply.workable.com/j/AB0EE8A7CD/apply,Legal Assistant,Project Management Specialists,Legal Assistant,0,Mandarich-Law,False,Full Time,,,False,Postsecondary nondegree award,Associate's degree,"{'min': '', 'max': '', 'currency': '', 'period': '', 'summary': ''}",,,,Unknown,"Kennesaw, Georgia",Kennesaw,Georgia,,5241,,Project Management Specialists,,,,,
93728,2026-06-05,,,https://careers.hireology.com/elitehomecareofsouthcarolina/2780798/description,Lexington Caregiver,Project Management Specialists,Lexington Caregiver,0,"Elite Home Care, Day Centers & Transportation",False,Part Time,,,False,Associate's degree,Associate's degree,,,,,Unknown,"Lexington County, South Carolina, United States",South Carolina,United States,,5241,,Project Management Specialists,"[""Caregiving""]","[""Caregiving""]",[],[],[]
406203,2026-06-05,,,https://apply.workable.com/j/DE0B284D49/apply,Licensed Clinical Professional Counselor (LCPC),Project Management Specialists,Licensed Clinical Professional Counselor,0,Gotham-Enterprises,False,Full Time,,,False,Associate's degree,Master's degree,"{'min': '', 'max': '', 'currency': '', 'period': '', 'summary': ''}",,,,Remote,"Greenbelt, Maryland",Greenbelt,Maryland,,5241,,Project Management Specialists,"[""Behavioral Health""]","[""Behavioral Health""]",[],[],[]
398410,2026-06-08,,,https://apply.workable.com/j/E37E00A20A/apply,Licensed Clinical Professional Counselor (LCPC),Project Management Specialists,Licensed Clinical Professional Counselor,0,Gotham-Enterprises,False,Full Time,,,False,Associate's degree,Master's degree,"{'min': '', 'max': '', 'currency': '', 'period': '', 'summary': ''}",,,,Remote,"Helena, Montana",Helena,Montana,,5241,,Project Management Specialists,"[""Care Coordination"", ""Care Planning""]","[""Care Coordination"", ""Care Planning""]",[],[],[]
391252,2026-06-09,,,https://apply.workable.com/j/57737C2E83/apply,Licensed Clinical Professional Counselor (LCPC),Project Management Specialists,Licensed Clinical Professional Counselor,0,Gotham-Enterprises,False,Full Time,,,False,Master's degree,Master's degree,"{'min': '', 'max': '', 'currency': '', 'period': '', 'summary': ''}",,,,Remote,"La Plata, Maryland",La Plata,Maryland,,5241,,Project Management Specialists,,,,,
391528,2026-06-09,,,https://apply.workable.com/j/D51FC25AC5/apply,Licensed Clinical Professional Counselor (LCPC),Project Management Specialists,Licensed Clinical Professional Counselor,0,Gotham-Enterprises,False,Full Time,,,False,Associate's degree,Master's degree,"{'min': '', 'max': '', 'currency': '', 'period': '', 'summary': ''}",,,,Remote,"Hyattsville, Maryland",Hyattsville,Maryland,,5241,,Project Management Specialists,"[""Behavioral Health""]","[""Behavioral Health""]",[],[],[]
405860,2026-06-05,,,https://apply.workable.com/j/01F36FBC4F/apply,Licensed Clinical Social Worker (LCSW),Project Management Specialists,Licensed Clinical Social Worker,0,Gotham-Enterprises,False,Full Time,,,False,Associate's degree,Master's degree,"{'min': '', 'max': '', 'currency': '', 'period': '', 'summary': ''}",,,,Remote,"Kannapolis, North Carolina",Kannapolis,North Carolina,,5241,,Project Management Specialists,"[""Behavioral Health""]","[""Behavioral Health""]",[],[],[]
405938,2026-06-05,,,https://apply.workable.com/j/3A2E627145/apply,Licensed Clinical Social Worker (LCSW),Project Management Specialists,Licensed Clinical Social Worker,0,Gotham-Enterprises,False,Full Time,,,False,Associate's degree,Master's degree,"{'min': '', 'max': '', 'currency': '', 'period': '', 'summary': ''}",,,,Remote,"Mount Airy, North Carolina",Mount Airy,North Carolina,,5241,,Project Management Specialists,"[""Behavioral Health""]","[""Behavioral Health""]",[],[],[]
405998,2026-06-05,,,https://apply.workable.com/j/62A7EF8256/apply,Licensed Clinical Social Worker (LCSW),Project Management Specialists,Licensed Clinical Social Worker,0,Gotham-Enterprises,False,Full Time,,,False,Associate's degree,Master's degree,"{'min': '', 'max': '', 'currency': '', 'period': '', 'summary': ''}",,,,Remote,"Brevard, North Carolina",Brevard,North Carolina,,5241,,Project Management Specialists,"[""Behavioral Health""]","[""Behavioral Health""]",[],[],[]
406039,2026-06-05,,,https://apply.workable.com/j/7F11A5FB83/apply,Licensed Clinical Social Worker (LCSW),Project Management Specialists,Licensed Clinical Social Worker,0,Gotham-Enterprises,False,Full Time,,,False,Master's degree,Master's degree,"{'min': '', 'max': '', 'currency': '', 'period': '', 'summary': ''}",,,,Remote,"East Chicago, Indiana",East Chicago,Indiana,,5241,,Project Management Specialists,"[""Administrative Support"", ""Behavioral Health""]","[""Administrative Support"", ""Behavioral Health""]",[],[],[]
406068,2026-06-05,,,https://apply.workable.com/j/90056CB921/apply,Licensed Clinical Social Worker (LCSW),Project Management Specialists,Licensed Clinical Social Worker,0,Gotham-Enterprises,False,Full Time,,,False,Associate's degree,Master's degree,"{'min': '', 'max': '', 'currency': '', 'period': '', 'summary': ''}",,,,Remote,"Roanoke Rapids, North Carolina",Roanoke Rapids,North Carolina,,5241,,Project Management Specialists,"[""Behavioral Health""]","[""Behavioral Health""]",[],[],[]
121911,2026-06-05,,,https://jobs.workable.com/view/pYs4kCKEnwMsGc3kZvKkdt/remote-licensed-clinical-social-worker-(lcsw)-in-roanoke-rapids-at-gotham-enterprises-ltd,Licensed Clinical Social Worker (LCSW),Project Management Specialists,Licensed Clinical Social Worker,0,Gotham Enterprises LTD,False,Full Time,,,False,Associate's degree,Master's degree,USD 115000 - 120000 per YEAR,115000.0,120000.0,annual,Remote,"Roanoke Rapids, North Carolina, United States",North Carolina,United States,,5241,,Project Management Specialists,"[""Behavioral Health""]","[""Behavioral Health""]",[],[],[]
397996,2026-06-08,,,https://apply.workable.com/j/06D57A5BD8/apply,Licensed Clinical Social Worker (LCSW),Project Management Specialists,Licensed Clinical Social Worker,0,Gotham-Enterprises,False,Full Time,,,False,Master's degree,Master's degree,"{'min': '', 'max': '', 'currency': '', 'period': '', 'summary': ''}",,,,Remote,"Waxahachie, Texas",Waxahachie,Texas,,5241,,Project Management Specialists,,,,,
398114,2026-06-08,,,https://apply.workable.com/j/4EB6D146FD/apply,Licensed Clinical Social Worker (LCSW),Project Management Specialists,Licensed Clinical Social Worker,0,Gotham-Enterprises,False,Full Time,,,False,Associate's degree,Master's degree,"{'min': '', 'max': '', 'currency': '', 'period': '', 'summary': ''}",,,,Remote,"Grapevine, Texas",Grapevine,Texas,,5241,,Project Management Specialists,,,,,
398259,2026-06-08,,,https://apply.workable.com/j/9E295A49E6/apply,Licensed Clinical Social Worker (LCSW),Project Management Specialists,Licensed Clinical Social Worker,0,Gotham-Enterprises,False,Full Time,,,False,Associate's degree,Master's degree,"{'min': '', 'max': '', 'currency': '', 'period': '', 'summary': ''}",,,,Remote,"Lewisville, Texas",Lewisville,Texas,,5241,,Project Management Specialists,,,,,
398388,2026-06-08,,,https://apply.workable.com/j/D6D4AA50CF/apply,Licensed Clinical Social Worker (LCSW),Project Management Specialists,Licensed Clinical Social Worker,0,Gotham-Enterprises,False,Full Time,,,False,Associate's degree,Master's degree,"{'min': '', 'max': '', 'currency': '', 'period': '', 'summary': ''}",,,,Remote,"Jasper, Texas",Jasper,Texas,,5241,,Project Management Specialists,"[""Behavioral Health""]","[""Behavioral Health""]",[],[],[]
431223,2026-06-01,,,https://apply.workable.com/j/0EE1DFA4AD/apply,Licensed Clinical Social Worker (LCSW),Project Management Specialists,Licensed Clinical Social Worker,0,Gotham-Enterprises,False,Full Time,,,False,Associate's degree,Associate's degree,"{'min': '', 'max': '', 'currency': '', 'period': '', 'summary': ''}",,,,Remote,"Vincennes, Indiana",Vincennes,Indiana,,5241,,Project Management Specialists,"[""Care Planning""]","[""Care Planning""]",[],[],[]
431363,2026-06-01,,,https://apply.workable.com/j/7525A694F8/apply,Licensed Clinical Social Worker (LCSW),Project Management Specialists,Licensed Clinical Social Worker,0,Gotham-Enterprises,False,Full Time,,,False,Associate's degree,Master's degree,"{'min': '', 'max': '', 'currency': '', 'period': '', 'summary': ''}",,,,Remote,"Glasgow, Kentucky",Glasgow,Kentucky,,5241,,Project Management Specialists,,,,,
431409,2026-06-01,,,https://apply.workable.com/j/957DB7F92B/apply,Licensed Clinical Social Worker (LCSW),Project Management Specialists,Licensed Clinical Social Worker,0,Gotham-Enterprises,False,Full Time,,,False,Master's degree,Master's degree,"{'min': '', 'max': '', 'currency': '', 'period': '', 'summary': ''}",,,,Remote,"Virginia City, Montana",Virginia City,Montana,,5241,,Project Management Specialists,"[""Care Planning""]","[""Care Planning""]",[],[],[]
431433,2026-06-01,,,https://apply.workable.com/j/A778DA607E/apply,Licensed Clinical Social Worker (LCSW),Project Management Specialists,Licensed Clinical Social Worker,0,Gotham-Enterprises,False,Full Time,,,False,Associate's degree,Associate's degree,"{'min': '', 'max': '', 'currency': '', 'period': '', 'summary': ''}",,,,Remote,"Zionsville, Indiana",Zionsville,Indiana,,5241,,Project Management Specialists,"[""Care Planning""]","[""Care Planning""]",[],[],[]
425043,2026-06-02,,,https://apply.workable.com/j/660FAC9174/apply,Licensed Clinical Social Worker (LCSW),Project Management Specialists,Licensed Clinical Social Worker,0,Gotham-Enterprises,False,Full Time,,,False,Associate's degree,Doctoral or professional degree,"{'min': '', 'max': '', 'currency': '', 'period': '', 'summary': ''}",,,,Remote,"Palmhurst, Texas",Palmhurst,Texas,,5241,,Project Management Specialists,"[""Behavioral Health""]","[""Behavioral Health""]",[],[],[]
425132,2026-06-02,,,https://apply.workable.com/j/9F78E80DFD/apply,Licensed Clinical Social Worker (LCSW),Project Management Specialists,Licensed Clinical Social Worker,0,Gotham-Enterprises,False,Full Time,,,False,Associate's degree,Master's degree,"{'min': '', 'max': '', 'currency': '', 'period': '', 'summary': ''}",,,,Remote,"Ocala, Florida",Ocala,Florida,,5241,,Project Management Specialists,"[""Behavioral Health""]","[""Behavioral Health""]",[],[],[]
418713,2026-06-03,,,https://apply.workable.com/j/DD8B184FC9/apply,Licensed Clinical Social Worker (LCSW),Project Management Specialists,Licensed Clinical Social Worker,0,Gotham-Enterprises,False,Full Time,,,False,Associate's degree,Master's degree,"{'min': '', 'max': '', 'currency': '', 'period': '', 'summary': ''}",,,,Remote,"New Bern, North Carolina",New Bern,North Carolina,,5241,,Project Management Specialists,"[""Behavioral Health""]","[""Behavioral Health""]",[],[],[]
391380,2026-06-09,,,https://apply.workable.com/j/8B323727F2/apply,Licensed Clinical Social Worker (LCSW),Project Management Specialists,Licensed Clinical Social Worker,0,Gotham-Enterprises,False,Full Time,,,False,Master's degree,Master's degree,"{'min': '', 'max': '', 'currency': '', 'period': '', 'summary': ''}",,,,Remote,"Henderson, Kentucky",Henderson,Kentucky,,5241,,Project Management Specialists,,,,,
391383,2026-06-09,,,https://apply.workable.com/j/8CF7A7AA5D/apply,Licensed Clinical Social Worker (LCSW),Project Management Specialists,Licensed Clinical Social Worker,0,Gotham-Enterprises,False,Full Time,,,False,Master's degree,Master's degree,"{'min': '', 'max': '', 'currency': '', 'period': '', 'summary': ''}",,,,Remote,"Owensboro, Kentucky",Owensboro,Kentucky,,5241,,Project Management Specialists,,,,,
391583,2026-06-09,,,https://apply.workable.com/j/F5F745032D/apply,Licensed Clinical Social Worker (LCSW),Project Management Specialists,Licensed Clinical Social Worker,0,Gotham-Enterprises,False,Full Time,,,False,Master's degree,Master's degree,"{'min': '', 'max': '', 'currency': '', 'period': '', 'summary': ''}",,,,Remote,"Paducah, Kentucky",Paducah,Kentucky,,5241,,Project Management Specialists,,,,,
375604,2026-06-11,,,https://apply.workable.com/j/3607B017F6/apply,Licensed Clinical Social Worker (LCSW),Project Management Specialists,Licensed Clinical Social Worker,0,Gotham-Enterprises,False,Full Time,,,False,Master's degree,Master's degree,"{'min': '', 'max': '', 'currency': '', 'period': '', 'summary': ''}",,,,Remote,"Mebane, North Carolina",Mebane,North Carolina,,5241,,Project Management Specialists,"[""Case Management""]","[""Case Management""]",[],[],[]
375931,2026-06-11,,,https://apply.workable.com/j/EBA990B809/apply,Licensed Clinical Social Worker (LCSW),Project Management Specialists,Licensed Clinical Social Worker,0,Gotham-Enterprises,False,Full Time,,,False,Master's degree,Master's degree,"{'min': '', 'max': '', 'currency': '', 'period': '', 'summary': ''}",,,,Remote,"Elizabeth City, North Carolina",Elizabeth City,North Carolina,,5241,,Project Management Specialists,"[""Case Management""]","[""Case Management""]",[],[],[]
412199,2026-06-04,,,https://apply.workable.com/j/2138125AEC/apply,Licensed Independent Clinical Social Worker (LICSW),Project Management Specialists,Licensed Independent Clinical Social Worker,0,Gotham-Enterprises,False,Full Time,,,False,Associate's degree,Master's degree,"{'min': '', 'max': '', 'currency': '', 'period': '', 'summary': ''}",,,,Remote,"Amherst, Massachusetts",Amherst,Massachusetts,,5241,,Project Management Specialists,,,,,
412267,2026-06-04,,,https://apply.workable.com/j/4A557FC238/apply,Licensed Independent Clinical Social Worker (LICSW),Project Management Specialists,Licensed Independent Clinical Social Worker,0,Gotham-Enterprises,False,Full Time,,,False,Associate's degree,Master's degree,"{'min': '', 'max': '', 'currency': '', 'period': '', 'summary': ''}",,,,Remote,"Medford, Massachusetts",Medford,Massachusetts,,5241,,Project Management Specialists,"[""Care Coordination""]","[""Care Coordination""]",[],[],[]
412416,2026-06-04,,,https://apply.workable.com/j/BD313ADFDB/apply,Licensed Independent Clinical Social Worker (LICSW),Project Management Specialists,Licensed Independent Clinical Social Worker,0,Gotham-Enterprises,False,Full Time,,,False,Master's degree,Master's degree,"{'min': '', 'max': '', 'currency': '', 'period': '', 'summary': ''}",,,,Remote,"Malden, Massachusetts",Malden,Massachusetts,,5241,,Project Management Specialists,,,,,
32418,2026-06-02,,,https://app.idealtraits.com/career/Dieter-Insurance-Group---Allstate-Exclusive-Agency/355292IND,Licensed Insurance Sales & Service Representative,Project Management Specialists,Licensed Insurance Sales & Service Representative,0,Dieter Insurance Group - Allstate Exclusive Agency,False,Full Time,,,False,Bachelor's degree,Bachelor's degree,"$42,000 - $95,000 a year",42000.0,95000.0,annual,Remote,United States,,,,5241,,Project Management Specialists,"[""Adaptability""]",[],"[""Adaptability""]",[],[]
405879,2026-06-05,,,https://apply.workable.com/j/110141DF80/apply,Licensed Marriage and Family Therapist (LMFT),Project Management Specialists,Licensed Marriage and Family Therapist,0,Gotham-Enterprises,False,Full Time,,,False,Associate's degree,Master's degree,"{'min': '', 'max': '', 'currency': '', 'period': '', 'summary': ''}",,,,Remote,"Owensboro, Kentucky",Owensboro,Kentucky,,5241,,Project Management Specialists,"[""Administrative Support"", ""Behavioral Health""]","[""Administrative Support"", ""Behavioral Health""]",[],[],[]
405985,2026-06-05,,,https://apply.workable.com/j/59FED27FB2/apply,Licensed Marriage and Family Therapist (LMFT),Project Management Specialists,Licensed Marriage and Family Therapist,0,Gotham-Enterprises,False,Full Time,,,False,Master's degree,Master's degree,"{'min': '', 'max': '', 'currency': '', 'period': '', 'summary': ''}",,,,Remote,"Sunrise, Florida",Sunrise,Florida,,5241,,Project Management Specialists,,,,,
405994,2026-06-05,,,https://apply.workable.com/j/5DD6F2AC8E/apply,Licensed Marriage and Family Therapist (LMFT),Project Management Specialists,Licensed Marriage and Family Therapist,0,Gotham-Enterprises,False,Full Time,,,False,Associate's degree,Master's degree,"{'min': '', 'max': '', 'currency': '', 'period': '', 'summary': ''}",,,,Remote,"Briny Breezes, Florida",Briny Breezes,Florida,,5241,,Project Management Specialists,,,,,
406048,2026-06-05,,,https://apply.workable.com/j/87330AA582/apply,Licensed Marriage and Family Therapist (LMFT),Project Management Specialists,Licensed Marriage and Family Therapist,0,Gotham-Enterprises,False,Full Time,,,False,Master's degree,Master's degree,"{'min': '', 'max': '', 'currency': '', 'period': '', 'summary': ''}",,,,Remote,"Kissimmee, Florida",Kissimmee,Florida,,5241,,Project Management Specialists,,,,,
406181,2026-06-05,,,https://apply.workable.com/j/D1F9B9AEC4/apply,Licensed Marriage and Family Therapist (LMFT),Project Management Specialists,Licensed Marriage and Family Therapist,0,Gotham-Enterprises,False,Full Time,,,False,Associate's degree,Master's degree,"{'min': '', 'max': '', 'currency': '', 'period': '', 'summary': ''}",,,,Remote,"Henderson, Kentucky",Henderson,Kentucky,,5241,,Project Management Specialists,"[""Administrative Support"", ""Behavioral Health""]","[""Administrative Support"", ""Behavioral Health""]",[],[],[]
121825,2026-06-05,,,https://jobs.workable.com/view/ks9n6KLUKNs9dNdLzptPR6/remote-licensed-marriage-and-family-therapist-(lmft)-in-kissimmee-at-gotham-enterprises-ltd,Licensed Marriage and Family Therapist (LMFT),Project Management Specialists,Licensed Marriage and Family Therapist,0,Gotham Enterprises LTD,False,Full Time,,,False,Master's degree,Master's degree,USD 115000 - 120000 per YEAR,115000.0,120000.0,annual,Remote,"Kissimmee, Florida, United States",Florida,United States,,5241,,Project Management Specialists,,,,,
398251,2026-06-08,,,https://apply.workable.com/j/99F0BBC696/apply,Licensed Marriage and Family Therapist (LMFT),Project Management Specialists,Licensed Marriage and Family Therapist,0,Gotham-Enterprises,False,Full Time,,,False,Associate's degree,Master's degree,"{'min': '', 'max': '', 'currency': '', 'period': '', 'summary': ''}",,,,Remote,"Chesapeake, Virginia",Chesapeake,Virginia,,5241,,Project Management Specialists,"[""Behavioral Health""]","[""Behavioral Health""]",[],[],[]
398256,2026-06-08,,,https://apply.workable.com/j/9CF6C75337/apply,Licensed Marriage and Family Therapist (LMFT),Project Management Specialists,Licensed Marriage and Family Therapist,0,Gotham-Enterprises,False,Full Time,,,False,Master's degree,Master's degree,"{'min': '', 'max': '', 'currency': '', 'period': '', 'summary': ''}",,,,Remote,"Newport News, Virginia",Newport News,Virginia,,5241,,Project Management Specialists,"[""Behavioral Health""]","[""Behavioral Health""]",[],[],[]
424979,2026-06-02,,,https://apply.workable.com/j/411A415288/apply,Licensed Marriage and Family Therapist (LMFT),Project Management Specialists,Licensed Marriage and Family Therapist,0,Gotham-Enterprises,False,Full Time,,,False,Master's degree,Master's degree,"{'min': '', 'max': '', 'currency': '', 'period': '', 'summary': ''}",,,,Remote,"Waltham, Massachusetts",Waltham,Massachusetts,,5241,,Project Management Specialists,,,,,
425213,2026-06-02,,,https://apply.workable.com/j/CB37286D11/apply,Licensed Marriage and Family Therapist (LMFT),Project Management Specialists,Licensed Marriage and Family Therapist,0,Gotham-Enterprises,False,Full Time,,,False,Associate's degree,Master's degree,"{'min': '', 'max': '', 'currency': '', 'period': '', 'summary': ''}",,,,Remote,"Amherst, Massachusetts",Amherst,Massachusetts,,5241,,Project Management Specialists,,,,,
418152,2026-06-03,,,https://apply.workable.com/j/1E2D9507BF/apply,Licensed Marriage and Family Therapist (LMFT),Project Management Specialists,Licensed Marriage and Family Therapist,0,Gotham-Enterprises,False,Full Time,,,False,Master's degree,Master's degree,"{'min': '', 'max': '', 'currency': '', 'period': '', 'summary': ''}",,,,Remote,"Logansport, Indiana",Logansport,Indiana,,5241,,Project Management Specialists,"[""Behavioral Health"", ""Care Coordination""]","[""Behavioral Health"", ""Care Coordination""]",[],[],[]
418269,2026-06-03,,,https://apply.workable.com/j/4278D9BB1A/apply,Licensed Marriage and Family Therapist (LMFT),Project Management Specialists,Licensed Marriage and Family Therapist,0,Gotham-Enterprises,False,Full Time,,,False,Associate's degree,Master's degree,"{'min': '', 'max': '', 'currency': '', 'period': '', 'summary': ''}",,,,Remote,"Calverton, Maryland",Calverton,Maryland,,5241,,Project Management Specialists,,,,,
418609,2026-06-03,,,https://apply.workable.com/j/BDB74EF17A/apply,Licensed Marriage and Family Therapist (LMFT),Project Management Specialists,Licensed Marriage and Family Therapist,0,Gotham-Enterprises,False,Full Time,,,False,Master's degree,Master's degree,"{'min': '', 'max': '', 'currency': '', 'period': '', 'summary': ''}",,,,Remote,"Odenton, Maryland",Odenton,Maryland,,5241,,Project Management Specialists,,,,,
418721,2026-06-03,,,https://apply.workable.com/j/DF18CB7183/apply,Licensed Marriage and Family Therapist (LMFT),Project Management Specialists,Licensed Marriage and Family Therapist,0,Gotham-Enterprises,False,Full Time,,,False,Master's degree,Master's degree,"{'min': '', 'max': '', 'currency': '', 'period': '', 'summary': ''}",,,,Remote,"French Lick, Indiana",French Lick,Indiana,,5241,,Project Management Specialists,"[""Behavioral Health""]","[""Behavioral Health""]",[],[],[]
391172,2026-06-09,,,https://apply.workable.com/j/2D37AD5FF2/apply,Licensed Marriage and Family Therapist (LMFT),Project Management Specialists,Licensed Marriage and Family Therapist,0,Gotham-Enterprises,False,Full Time,,,False,Master's degree,Master's degree,"{'min': '', 'max': '', 'currency': '', 'period': '', 'summary': ''}",,,,Remote,"Goldsboro, North Carolina",Goldsboro,North Carolina,,5241,,Project Management Specialists,,,,,
391472,2026-06-09,,,https://apply.workable.com/j/BBA156B36C/apply,Licensed Marriage and Family Therapist (LMFT),Project Management Specialists,Licensed Marriage and Family Therapist,0,Gotham-Enterprises,False,Full Time,,,False,Master's degree,Master's degree,"{'min': '', 'max': '', 'currency': '', 'period': '', 'summary': ''}",,,,Remote,"New Bern, North Carolina",New Bern,North Carolina,,5241,,Project Management Specialists,,,,,
391505,2026-06-09,,,https://apply.workable.com/j/C85233280A/apply,Licensed Marriage and Family Therapist (LMFT),Project Management Specialists,Licensed Marriage and Family Therapist,0,Gotham-Enterprises,False,Full Time,,,False,Associate's degree,Master's degree,"{'min': '', 'max': '', 'currency': '', 'period': '', 'summary': ''}",,,,Remote,"Asheboro, North Carolina",Asheboro,North Carolina,,5241,,Project Management Specialists,"[""Behavioral Health""]","[""Behavioral Health""]",[],[],[]
375558,2026-06-11,,,https://apply.workable.com/j/1BBCB0808B/apply,Licensed Marriage and Family Therapist (LMFT),Project Management Specialists,Licensed Marriage and Family Therapist,0,Gotham-Enterprises,False,Full Time,,,False,Associate's degree,Master's degree,"{'min': '', 'max': '', 'currency': '', 'period': '', 'summary': ''}",,,,Remote,"Columbia Falls, Montana",Columbia Falls,Montana,,5241,,Project Management Specialists,,,,,
375590,2026-06-11,,,https://apply.workable.com/j/2D2E485575/apply,Licensed Marriage and Family Therapist (LMFT),Project Management Specialists,Licensed Marriage and Family Therapist,0,Gotham-Enterprises,False,Full Time,,,False,Associate's degree,Master's degree,"{'min': '', 'max': '', 'currency': '', 'period': '', 'summary': ''}",,,,Remote,"Jordan, Montana",Jordan,Montana,,5241,,Project Management Specialists,,,,,
375716,2026-06-11,,,https://apply.workable.com/j/7B7A49DDEE/apply,Licensed Marriage and Family Therapist (LMFT),Project Management Specialists,Licensed Marriage and Family Therapist,0,Gotham-Enterprises,False,Full Time,,,False,Master's degree,Master's degree,"{'min': '', 'max': '', 'currency': '', 'period': '', 'summary': ''}",,,,Remote,"West Yellowstone, Montana",West Yellowstone,Montana,,5241,,Project Management Specialists,,,,,
375804,2026-06-11,,,https://apply.workable.com/j/A9DED46D40/apply,Licensed Marriage and Family Therapist (LMFT),Project Management Specialists,Licensed Marriage and Family Therapist,0,Gotham-Enterprises,False,Full Time,,,False,Master's degree,Master's degree,"{'min': '', 'max': '', 'currency': '', 'period': '', 'summary': ''}",,,,Remote,"Plentywood, Montana",Plentywood,Montana,,5241,,Project Management Specialists,,,,,
375941,2026-06-11,,,https://apply.workable.com/j/F082D287BE/apply,Licensed Marriage and Family Therapist (LMFT),Project Management Specialists,Licensed Marriage and Family Therapist,0,Gotham-Enterprises,False,Full Time,,,False,Associate's degree,Master's degree,"{'min': '', 'max': '', 'currency': '', 'period': '', 'summary': ''}",,,,Remote,"Thompson Falls, Montana",Thompson Falls,Montana,,5241,,Project Management Specialists,,,,,
375962,2026-06-11,,,https://apply.workable.com/j/FADB7A2511/apply,Licensed Marriage and Family Therapist (LMFT),Project Management Specialists,Licensed Marriage and Family Therapist,0,Gotham-Enterprises,False,Full Time,,,False,Associate's degree,Master's degree,"{'min': '', 'max': '', 'currency': '', 'period': '', 'summary': ''}",,,,Remote,"Malta, Montana",Malta,Montana,,5241,,Project Management Specialists,,,,,
325969,2026-06-18,,,https://apply.workable.com/j/6041C182AB/apply,Licensed Marriage and Family Therapist (LMFT),Project Management Specialists,Licensed Marriage and Family Therapist,0,Gotham-Enterprises,False,Full Time,,,False,Associate's degree,Master's degree,"{'min': '', 'max': '', 'currency': '', 'period': '', 'summary': ''}",,,,Remote,"High Point, North Carolina",High Point,North Carolina,,5241,,Project Management Specialists,,,,,
326239,2026-06-18,,,https://apply.workable.com/j/D0FB1F6453/apply,Licensed Marriage and Family Therapist (LMFT),Project Management Specialists,Licensed Marriage and Family Therapist,0,Gotham-Enterprises,False,Full Time,,,False,Master's degree,Master's degree,"{'min': '', 'max': '', 'currency': '', 'period': '', 'summary': ''}",,,,Remote,"Bowie, Maryland",Bowie,Maryland,,5241,,Project Management Specialists,,,,,
431282,2026-06-01,,,https://apply.workable.com/j/3AABA89A69/apply,Licensed Mental Health Counselor (LMHC),Project Management Specialists,Licensed Mental Health Counselor,0,Gotham-Enterprises,False,Full Time,,,False,Master's degree,Master's degree,"{'min': '', 'max': '', 'currency': '', 'period': '', 'summary': ''}",,,,Remote,"Merrillville, Indiana",Merrillville,Indiana,,5241,,Project Management Specialists,,,,,
418461,2026-06-03,,,https://apply.workable.com/j/87BEC154C7/apply,Licensed Mental Health Counselor (LMHC),Project Management Specialists,Licensed Mental Health Counselor,0,Gotham-Enterprises,False,Full Time,,,False,Associate's degree,Master's degree,"{'min': '', 'max': '', 'currency': '', 'period': '', 'summary': ''}",,,,Remote,"Miami Gardens, Florida",Miami Gardens,Florida,,5241,,Project Management Specialists,,,,,
406199,2026-06-05,,,https://apply.workable.com/j/DA70B209EE/apply,Licensed Preneed Funeral Director,Project Management Specialists,Licensed Preneed Funeral Director,0,Precoa,False,Full Time,,,False,Associate's degree,Associate's degree,"{'min': '', 'max': '', 'currency': '', 'period': '', 'summary': ''}",,,,Hybrid,"Goldsboro, North Carolina",Goldsboro,North Carolina,,5241,,Project Management Specialists,,,,,
346907,2026-06-16,,,https://apply.workable.com/j/01A182A95C/apply,Licensed Preneed Funeral Director (in-person and ) - Keenan Funeral Home,Project Management Specialists,Licensed Preneed Funeral Director - Keenan Funeral Home,0,Precoa,False,Full Time,,,False,Associate's degree,Associate's degree,"{'min': '', 'max': '', 'currency': '', 'period': '', 'summary': ''}",,,,Hybrid,"West Haven, Connecticut",West Haven,Connecticut,,5241,,Project Management Specialists,,,,,
406108,2026-06-05,,,https://apply.workable.com/j/A4C803CE73/apply,Licensed Preneed Funeral Director - Mercadante Funeral Home & Chapel,Project Management Specialists,Licensed Preneed Funeral Director - Mercadante Funeral Home & Chapel,0,Precoa,False,Full Time,,,False,Associate's degree,Associate's degree,"{'min': '', 'max': '', 'currency': '', 'period': '', 'summary': ''}",,,,Hybrid,"Worcester, Massachusetts",Worcester,Massachusetts,,5241,,Project Management Specialists,,,,,
406165,2026-06-05,,,https://apply.workable.com/j/C338D5300F/apply,Licensed Preneed Funeral Director - Powles Staton Funeral Home,Project Management Specialists,Licensed Preneed Funeral Director - Powles Staton Funeral Home,0,Precoa,False,Full Time,,,False,Associate's degree,Associate's degree,"{'min': '', 'max': '', 'currency': '', 'period': '', 'summary': ''}",,,,Hybrid,"Rockwell, North Carolina",Rockwell,North Carolina,,5241,,Project Management Specialists,,,,,
138945,2026-06-05,,,https://jobs.workable.com/view/ktwrNqMzxE4WM7wHaFnvAZ/hybrid-licensed-preneed-funeral-director---powles-staton-funeral-home-in-rockwell-at-precoa,Licensed Preneed Funeral Director - Powles Staton Funeral Home,Project Management Specialists,Licensed Preneed Funeral Director - Powles Staton Funeral Home,0,Precoa,False,Full Time,,,False,Associate's degree,Associate's degree,USD 70000 - 78000 per YEAR,70000.0,78000.0,annual,Unknown,"Rockwell, North Carolina, United States",North Carolina,United States,,5241,,Project Management Specialists,,,,,
347265,2026-06-16,,,https://apply.workable.com/j/AF31440BEF/apply,"Licensed Preneed Funeral Director - Salisbury, MD",Project Management Specialists,"Licensed Preneed Funeral Director - Salisbury, MD",0,Precoa,False,Full Time,,,False,Associate's degree,Doctoral or professional degree,"{'min': '', 'max': '', 'currency': '', 'period': '', 'summary': ''}",,,,Hybrid,"Salisbury, Maryland",Salisbury,Maryland,,5241,,Project Management Specialists,,,,,
398013,2026-06-08,,,https://apply.workable.com/j/11F6DB1651/apply,Licensed Professional Counselor (LPC),Project Management Specialists,Licensed Professional Counselor,0,Gotham-Enterprises,False,Full Time,,,False,Master's degree,Master's degree,"{'min': '', 'max': '', 'currency': '', 'period': '', 'summary': ''}",,,,Remote,"Athens, Georgia",Athens,Georgia,,5241,,Project Management Specialists,,,,,
424892,2026-06-02,,,https://apply.workable.com/j/06EF5B6D05/apply,Licensed Professional Counselor (LPC),Project Management Specialists,Licensed Professional Counselor,0,Gotham-Enterprises,False,Full Time,,,False,Associate's degree,Master's degree,"{'min': '', 'max': '', 'currency': '', 'period': '', 'summary': ''}",,,,Remote,"Danville, Virginia",Danville,Virginia,,5241,,Project Management Specialists,,,,,
412370,2026-06-04,,,https://apply.workable.com/j/9737769925/apply,Licensed Professional Counselor (LPC),Project Management Specialists,Licensed Professional Counselor,0,Gotham-Enterprises,False,Full Time,,,False,Associate's degree,Master's degree,"{'min': '', 'max': '', 'currency': '', 'period': '', 'summary': ''}",,,,Remote,"Enfield, Connecticut",Enfield,Connecticut,,5241,,Project Management Specialists,"[""Behavioral Health""]","[""Behavioral Health""]",[],[],[]
349443,2026-06-15,,,https://jobs.smartrecruiters.com/Eataly/744000132206087-line-cook-eataly-soho?oga=true,Line Cook - Eataly Soho,Project Management Specialists,Line Cook - Eataly Soho,0,Eataly,False,Full Time,,,False,Associate's degree,Associate's degree,"{'min': '', 'max': '', 'currency': '', 'period': '', 'summary': ''}",,,,On-site,"New York, New York",New York,New York,"New York-Newark-Jersey City, NY-NJ",5241,,Project Management Specialists,"[""Breads""]","[""Breads""]",[],[],[]
93923,2026-06-05,,,https://careers.hireology.com/elitehomecareofsouthcarolina/2780782/description,Little Mountain Caregiver,Project Management Specialists,Little Mountain Caregiver,0,"Elite Home Care, Day Centers & Transportation",False,Part Time,,,False,Associate's degree,Associate's degree,,,,,Unknown,"Little Mountain, South Carolina, United States",South Carolina,United States,,5241,,Project Management Specialists,"[""Caregiving""]","[""Caregiving""]",[],[],[]
120513,2026-06-05,,,https://jobs.dayforcehcm.com/en-US/gate/Hospitality/jobs/57716,Lobby Attendant,Project Management Specialists,Lobby Attendant,0,The Spa At Ponte Vedra Inn & Club,False,Full Time,,,False,Bachelor's degree,Bachelor's degree,,,,,Unknown,"Ponte Vedra Beach, Florida, United States",Florida,United States,,5241,,Project Management Specialists,,,,,
174259,2026-06-05,,,https://hrone.wd1.myworkdayjobs.com/Central_Transport/job/CT-OAKLAND-CA/Local-CDL-A-Driver-Day-Shift_JR126980,Local CDL A Driver Day Shift,Project Management Specialists,Local CDL A Driver Day Shift,0,Central Transport,False,Full Time,,,False,Bachelor's degree,Bachelor's degree,,,,,Unknown,"Oakland, California, United States",California,United States,,5241,,Project Management Specialists,,,,,
165852,2026-06-05,,,https://lithia.wd5.myworkdayjobs.com/LithiaCareers/job/Eugene-Nissan-Eugene-OR-97401/Lube-Technician_R110294,Lube Technician,Project Management Specialists,Lube Technician,0,Lithia & Driveway,False,Full Time,,,False,High school diploma or equivalent,Associate's degree,USD 17 - 19 per HOUR,17.0,19.0,hourly,On-site,"Eugene, Oregon, United States",Oregon,United States,,5241,,Project Management Specialists,,,,,
86000,2026-06-05,,,https://recruiting.paylocity.com/Recruiting/Jobs/Details/4229705,MEDICAL CLAIMS ADJUSTER,Project Management Specialists,MEDICAL CLAIMS ADJUSTER,0,Wilson-Mcshane Corporation,False,Full Time,,,False,Associate's degree,Associate's degree,USD 28.8 per HOUR,28.8,28.8,hourly,On-site,"Bloomington, Minnesota, United States",Minnesota,United States,,5241,,Project Management Specialists,,,,,
275184,2026-06-24,,,https://egay.fa.us6.oraclecloud.com/?keyword=&mode=jobs&lang=en&site_number=CX_1#42252,Machine Operator - Day Shift,Project Management Specialists,Machine Operator - Day Shift,0,Egay.fa.us6.oraclecloud.com,False,,,,False,Bachelor's degree,Bachelor's degree,"{'min': '', 'max': '', 'currency': '', 'period': '', 'summary': ''}",,,,Unknown,"San Antonio, Texas",San Antonio,Texas,,5241,,Project Management Specialists,,,,,
96207,2026-06-05,,,https://efuq.fa.us6.oraclecloud.com/hcmUI/CandidateExperience/en/sites/CX/job/20327,Maintenance Technician II,Project Management Specialists,Maintenance Technician II,0,Hilton Grand Vacations,False,Full Time,,,False,Associate's degree,Associate's degree,,,,,Unknown,"Boyne Falls, Michigan, United States",Michigan,United States,,5241,,Project Management Specialists,,,,,
89149,2026-06-05,,,https://jobs.smartrecruiters.com/IQEQ/744000130567510-manager-private-equity-fund-accounting-,Manager - Private Equity Fund Accounting,Project Management Specialists,Manager - Private Equity Fund Accounting,0,IQ-EQ,True,Full Time,,,False,Associate's degree,Bachelor's degree,USD 85000 - 115000 per YEAR,85000.0,115000.0,annual,Hybrid,"Garden City, New York, United States",New York,United States,,5241,,Project Management Specialists,"[""Accounting"", ""Agility"", ""Calculations""]","[""Accounting"", ""Agility"", ""Calculations""]",[],[],[]
89095,2026-06-05,,,https://jobs.smartrecruiters.com/IQEQ/744000130568409-manager-private-equity-fund-accounting-,Manager - Private Equity Fund Accounting,Project Management Specialists,Manager - Private Equity Fund Accounting,0,IQ-EQ,True,Full Time,,,False,Associate's degree,Bachelor's degree,USD 85000 - 115000 per YEAR,85000.0,115000.0,annual,Hybrid,"Dallas, Texas, United States",Texas,United States,,5241,,Project Management Specialists,"[""Accounting"", ""Agility"", ""Calculations""]","[""Accounting"", ""Agility"", ""Calculations""]",[],[],[]
90464,2026-06-05,,,https://efuq.fa.us6.oraclecloud.com/hcmUI/CandidateExperience/en/sites/HiltonGrandVacations/job/20368,Manager Front Office,Project Management Specialists,Manager Front Office,0,Hilton Grand Vacations,False,Full Time,,,False,Associate's degree,Associate's degree,USD 60000 - 70000 per YEAR,60000.0,70000.0,annual,Unknown,"Waikoloa, Hawaii, United States",Hawaii,United States,,5241,,Project Management Specialists,,,,,
326105,2026-06-18,,,https://apply.workable.com/j/923B4773E7/apply,Manager of EHR Integrations,Project Management Specialists,Manager of EHR Integrations,0,Patientiq,False,Full Time,,,False,Associate's degree,Associate's degree,"{'min': '', 'max': '', 'currency': '', 'period': '', 'summary': ''}",,,,Remote,United States,,,,5241,,Project Management Specialists,"[""Capacity Planning""]","[""Capacity Planning""]",[],[],[]
207688,2026-06-04,,,https://jobs.northropgrumman.com/careers/job/1340071801370,Manager of Project Management 3 - Ops and staffing,Project Management Specialists,Manager of Project Management 3 - Ops and staffing,0,Ngc,False,,,,False,Associate's degree,Master's degree,$137.8k - $206.6k per year,137800.0,206600.0,annual,Unknown,United States-Florida-Melbourne,,,,5241,,Project Management Specialists,"[""Business Priorities""]","[""Business Priorities""]",[],[],[]
80327,2026-06-04,,,https://recruiting2.ultipro.com/CAR1054CGMA/JobBoard/49be3260-4e42-4260-b93e-6c36c2807ea9/OpportunityDetail?opportunityId=625b6d25-1f16-4320-baf4-7e07ea192556,"Manager, Project Management",Project Management Specialists,"Manager, Project Management",0,Cardinal Group Companies,True,Full Time,,,False,Associate's degree,Associate's degree,USD 90000 - 98000 per YEAR,90000.0,98000.0,annual,Remote,"Denver, Colorado, United States",Colorado,United States,,5241,,Project Management Specialists,"[""Advising"", ""Business Development""]","[""Business Development""]","[""Advising""]",[],[]
300227,2026-06-22,,,https://hdox.fa.us6.oraclecloud.com/?keyword=&mode=jobs&lang=en&site_number=CX_1#62597,"Manager, Quality Assurance",Project Management Specialists,"Manager, Quality Assurance",0,Hdox.fa.us6.oraclecloud.com,False,,,,False,Associate's degree,Associate's degree,"{'min': '', 'max': '', 'currency': '', 'period': '', 'summary': ''}",,,,Unknown,"Lewisville, Texas",Lewisville,Texas,,5241,,Project Management Specialists,,,,,
88683,2026-06-05,,,https://www.compass.com/careers?gh_jid=7985366,Marketing Advisor,Project Management Specialists,Marketing Advisor,0,Compass,False,Full Time,,,False,Associate's degree,Associate's degree,USD 65000 - 71800 per YEAR,65000.0,71800.0,annual,Unknown,"Kauaʻi County, Hawaii, United States",Hawaii,United States,,5241,,Project Management Specialists,"[""Adobe Creative Suite"", ""Branding"", ""Brochures""]","[""Adobe Creative Suite"", ""Branding"", ""Brochures""]",[],[],[]
140101,2026-06-05,,,https://www.compass.com/careers?gh_jid=7974579,Marketing Advisor,Project Management Specialists,Marketing Advisor,0,Compass,False,Full Time,,,False,Associate's degree,Associate's degree,USD 60000 - 65000 per YEAR,60000.0,65000.0,annual,Unknown,"Wayzata, Minnesota, United States",Minnesota,United States,,5241,,Project Management Specialists,"[""Adobe Creative Suite"", ""Branding"", ""Brochures""]","[""Adobe Creative Suite"", ""Branding"", ""Brochures""]",[],[],[]
400530,2026-06-05,,,https://www.compass.com/careers?gh_jid=7974579,Marketing Advisor,Project Management Specialists,Marketing Advisor,0,Urbancompass,False,,,,False,Associate's degree,Associate's degree,"{'min': '', 'max': '', 'currency': '', 'period': '', 'summary': ''}",,,,Unknown,"Wayzata, Minnesota",Wayzata,Minnesota,,5241,,Project Management Specialists,"[""Adobe Creative Suite"", ""Branding"", ""Brochures""]","[""Adobe Creative Suite"", ""Branding"", ""Brochures""]",[],[],[]
368691,2026-06-11,,,https://www.compass.com/careers?gh_jid=8001934,Marketing Advisor,Project Management Specialists,Marketing Advisor,0,Urbancompass,False,,,,False,Associate's degree,Associate's degree,"{'min': '', 'max': '', 'currency': '', 'period': '', 'summary': ''}",,,,Unknown,"Southlake, Texas",Southlake,Texas,,5241,,Project Management Specialists,"[""Adobe Creative Suite"", ""Branding"", ""Brochures""]","[""Adobe Creative Suite"", ""Branding"", ""Brochures""]",[],[],[]
412688,2026-06-03,,,https://www.compass.com/careers?gh_jid=7974577,Marketing Coordinator,Project Management Specialists,Marketing Coordinator,0,Urbancompass,False,,,,False,Associate's degree,Associate's degree,"{'min': '', 'max': '', 'currency': '', 'period': '', 'summary': ''}",,,,Unknown,"Wayzata, Minnesota",Wayzata,Minnesota,,5241,,Project Management Specialists,"[""Accountability"", ""Adobe Creative Cloud"", ""Branding""]","[""Adobe Creative Cloud"", ""Branding""]","[""Accountability""]",[],[]
368690,2026-06-11,,,https://www.compass.com/careers?gh_jid=8001950,Marketing Specialist,Project Management Specialists,Marketing Specialist,0,Urbancompass,False,,,,False,Associate's degree,Associate's degree,"{'min': '', 'max': '', 'currency': '', 'period': '', 'summary': ''}",,,,Unknown,"Southlake, Texas",Southlake,Texas,,5241,,Project Management Specialists,"[""Adobe Creative Suite"", ""Branding"", ""Brochures""]","[""Adobe Creative Suite"", ""Branding"", ""Brochures""]",[],[],[]
360944,2026-06-12,,,https://jobs.smartrecruiters.com/Achieve1/3743990013608681-mortgage-loan-closer?oga=true,Mortgage Loan Closer,Project Management Specialists,Mortgage Loan Closer,0,Achieve1,False,Contract,,,False,Associate's degree,Associate's degree,"{'min': '', 'max': '', 'currency': '', 'period': '', 'summary': ''}",,,,Hybrid,"Tempe, Arizona",Tempe,Arizona,,5241,,Project Management Specialists,"[""Analytics""]","[""Analytics""]",[],[],[]
86707,2026-06-05,,,https://recruiting.paylocity.com/Recruiting/Jobs/Details/3625517,Mount-Dismount Technician,Project Management Specialists,Mount-Dismount Technician,0,McGriff Tire & Service,False,Full Time,,,False,Associate's degree,Associate's degree,USD 18 - 20 per HOUR,18.0,20.0,hourly,On-site,"Tyler, Texas, United States",Texas,United States,,5241,,Project Management Specialists,,,,,
365107,2026-06-12,,,https://ehkn.fa.ca2.oraclecloud.com/?keyword=&mode=jobs&lang=en&site_number=CX_1#240736,NGM,Project Management Specialists,NGM,0,Ehkn.fa.ca2.oraclecloud.com,False,,,,False,Associate's degree,Bachelor's degree,"{'min': '', 'max': '', 'currency': '', 'period': '', 'summary': ''}",,,,Unknown,"Elko, Nevada",Elko,Nevada,,5241,,Project Management Specialists,"[""Accountability""]",[],"[""Accountability""]",[],[]
394218,2026-06-08,,,https://jobs.ashbyhq.com/zuru/e1fd06cd-06c0-4aa6-b012-e61ea44cd198/application,National Account Manager,Project Management Specialists,National Account Manager,0,Zuru,False,Full Time,,,False,Associate's degree,Associate's degree,"{'min': '', 'max': '', 'currency': '', 'period': '', 'summary': ''}",,,,Unknown,Minneapolis |,,Minneapolis |,,5241,,Project Management Specialists,"[""Account Management"", ""Account Strategy"", ""Accountability"", ""Automation"", ""Business Planning""]","[""Account Management"", ""Account Strategy"", ""Automation"", ""Business Planning""]","[""Accountability""]",[],[]
162328,2026-06-05,,,https://insbrk.wd5.myworkdayjobs.com/One80Careers/job/Remote---US/National-Practice-Account-Manager--Commercial-Insurance-_JR104927,National Practice Account Manager (Commercial Insurance),Project Management Specialists,National Practice Account Manager,0,One80 Intermediaries,False,Contract,,,False,Associate's degree,Associate's degree,USD 51800 - 75000 per YEAR,51800.0,75000.0,annual,Unknown,United States,,,,5241,,Project Management Specialists,"[""Brokerage"", ""Casualty Insurance""]","[""Brokerage"", ""Casualty Insurance""]",[],[],[]
120292,2026-06-05,,,https://jobs.dayforcehcm.com/en-US/gwnynj/CANDIDATEPORTAL/jobs/643,New York City - 61st Street - Thrift Store Sales Specialist,Project Management Specialists,New York City - 61st Street - Thrift Store Sales Specialist,0,Goodwill Industries Of Greater New York And Northern New Jersey,False,"Full Time, Part Time",,,False,Associate's degree,Associate's degree,USD 17.5 per HOUR,17.5,17.5,hourly,Unknown,"New York, New York, United States",New York,United States,,5241,,Project Management Specialists,"[""Allergens""]","[""Allergens""]",[],[],[]
399994,2026-06-06,,,https://apply.workable.com/j/3B3DE2AB1D/apply,Nurse Practitioner,Project Management Specialists,Nurse Practitioner,0,Mrg-Exams,False,Full Time,,,False,Associate's degree,Associate's degree,"{'min': '', 'max': '', 'currency': '', 'period': '', 'summary': ''}",,,,On-site,"Greenwood Village, Colorado",Greenwood Village,Colorado,,5241,,Project Management Specialists,"[""Ability To Meet Deadlines"", ""Analytical Skills""]",[],"[""Ability To Meet Deadlines"", ""Analytical Skills""]",[],[]
326095,2026-06-18,,,https://apply.workable.com/j/8DC0B4F473/apply,Nurse Practitioner or Physician Assistant - Charleston SC,Project Management Specialists,Nurse Practitioner or Physician Assistant - Charleston SC,0,Mrg-Exams,False,Full Time,,,False,Associate's degree,Associate's degree,"{'min': '', 'max': '', 'currency': '', 'period': '', 'summary': ''}",,,,On-site,"Charleston, South Carolina",Charleston,South Carolina,,5241,,Project Management Specialists,"[""Ability To Meet Deadlines"", ""Analytical Skills""]",[],"[""Ability To Meet Deadlines"", ""Analytical Skills""]",[],[]
315745,2026-06-19,,,https://apply.workable.com/j/007DBF78F1/apply,Nurse Practitioner or Physician Assistant - Columbus GA,Project Management Specialists,Nurse Practitioner or Physician Assistant - Columbus GA,0,Mrg-Exams,False,Full Time,,,False,Associate's degree,Associate's degree,"{'min': '', 'max': '', 'currency': '', 'period': '', 'summary': ''}",,,,On-site,"Columbus, Georgia",Columbus,Georgia,,5241,,Project Management Specialists,"[""Ability To Meet Deadlines"", ""Analytical Skills""]",[],"[""Ability To Meet Deadlines"", ""Analytical Skills""]",[],[]
356800,2026-06-15,,,https://apply.workable.com/j/869ED7F990/apply,Nurse Practitioner or Physician Assistant - Norfolk VA,Project Management Specialists,Nurse Practitioner or Physician Assistant - Norfolk VA,0,Mrg-Exams,False,Full Time,,,False,Associate's degree,Associate's degree,"{'min': '', 'max': '', 'currency': '', 'period': '', 'summary': ''}",,,,On-site,"Norfolk, Virginia",Norfolk,Virginia,,5241,,Project Management Specialists,"[""Ability To Meet Deadlines"", ""Analytical Skills""]",[],"[""Ability To Meet Deadlines"", ""Analytical Skills""]",[],[]
382980,2026-06-10,,,https://apply.workable.com/j/A3AD8FB3D4/apply,Nurse Practitioner or Physician Assistant - Richland WA,Project Management Specialists,Nurse Practitioner or Physician Assistant - Richland WA,0,Mrg-Exams,False,Full Time,,,False,Associate's degree,Associate's degree,"{'min': '', 'max': '', 'currency': '', 'period': '', 'summary': ''}",,,,On-site,"Washington, District of Columbia",Washington,District of Columbia,"Washington-Arlington-Alexandria, DC-VA-MD-WV",5241,,Project Management Specialists,"[""Ability To Meet Deadlines"", ""Analytical Skills""]",[],"[""Ability To Meet Deadlines"", ""Analytical Skills""]",[],[]
412449,2026-06-04,,,https://apply.workable.com/j/D21A4EFF12/apply,Nurse Practitioner or Physician Assistant - Roseburg OR,Project Management Specialists,Nurse Practitioner or Physician Assistant - Roseburg OR,0,Mrg-Exams,False,Part Time,,,False,Associate's degree,Associate's degree,"{'min': '', 'max': '', 'currency': '', 'period': '', 'summary': ''}",,,,On-site,"Roseburg, Oregon",Roseburg,Oregon,,5241,,Project Management Specialists,"[""Ability To Meet Deadlines"", ""Analytical Skills""]",[],"[""Ability To Meet Deadlines"", ""Analytical Skills""]",[],[]
406031,2026-06-05,,,https://apply.workable.com/j/780AAA9793/apply,Nurse Practitioner or Physician Assistant - Round Rock TX,Project Management Specialists,Nurse Practitioner or Physician Assistant - Round Rock TX,0,Mrg-Exams,False,Full Time,,,False,Associate's degree,Associate's degree,"{'min': '', 'max': '', 'currency': '', 'period': '', 'summary': ''}",,,,On-site,"Round Rock, Texas",Round Rock,Texas,,5241,,Project Management Specialists,"[""Ability To Meet Deadlines"", ""Analytical Skills""]",[],"[""Ability To Meet Deadlines"", ""Analytical Skills""]",[],[]
337745,2026-06-17,,,https://apply.workable.com/j/D3200C6E26/apply,Nurse Practitioner or Physician Assistant - San Diego CA,Project Management Specialists,Nurse Practitioner or Physician Assistant - San Diego CA,0,Mrg-Exams,False,Full Time,,,False,Associate's degree,Associate's degree,"{'min': '', 'max': '', 'currency': '', 'period': '', 'summary': ''}",,,,On-site,"San Diego, California",San Diego,California,,5241,,Project Management Specialists,"[""Ability To Meet Deadlines"", ""Analytical Skills""]",[],"[""Ability To Meet Deadlines"", ""Analytical Skills""]",[],[]
391174,2026-06-09,,,https://apply.workable.com/j/30ECAFDE2B/apply,Nurse Practitioner or Physician Assistant - Syracuse NY,Project Management Specialists,Nurse Practitioner or Physician Assistant - Syracuse NY,0,Mrg-Exams,False,Part Time,,,False,Associate's degree,Associate's degree,"{'min': '', 'max': '', 'currency': '', 'period': '', 'summary': ''}",,,,On-site,"New York, New York",New York,New York,"New York-Newark-Jersey City, NY-NJ",5241,,Project Management Specialists,"[""Ability To Meet Deadlines"", ""Analytical Skills""]",[],"[""Ability To Meet Deadlines"", ""Analytical Skills""]",[],[]
412362,2026-06-04,,,https://apply.workable.com/j/9427C93668/apply,Nurse Practitioner or Physician Assistant - Vacaville CA,Project Management Specialists,Nurse Practitioner or Physician Assistant - Vacaville CA,0,Mrg-Exams,False,Full Time,,,False,Associate's degree,Associate's degree,"{'min': '', 'max': '', 'currency': '', 'period': '', 'summary': ''}",,,,On-site,"Vacaville, California",Vacaville,California,,5241,,Project Management Specialists,"[""Ability To Meet Deadlines"", ""Analytical Skills""]",[],"[""Ability To Meet Deadlines"", ""Analytical Skills""]",[],[]
425023,2026-06-02,,,https://apply.workable.com/j/5C0DCBBFFD/apply,Nurse Practitioner or Physician Assistant - Yuma AZ,Project Management Specialists,Nurse Practitioner or Physician Assistant - Yuma AZ,0,Mrg-Exams,False,Full Time,,,False,Associate's degree,Associate's degree,"{'min': '', 'max': '', 'currency': '', 'period': '', 'summary': ''}",,,,On-site,"Yuma, Arizona",Yuma,Arizona,,5241,,Project Management Specialists,"[""Ability To Meet Deadlines"", ""Analytical Skills""]",[],"[""Ability To Meet Deadlines"", ""Analytical Skills""]",[],[]
349875,2026-06-15,,,https://careers-healthpro-rehab.icims.com/jobs/132632/occupational-therapist-%28ot%29/job?in_iframe=1,Occupational Therapist (OT),Project Management Specialists,Occupational Therapist,0,Healthpro-Rehab,False,Full Time,,,False,Bachelor's degree,Bachelor's degree,"{'min': '', 'max': '', 'currency': '', 'period': '', 'summary': ''}",,,,Unknown,"Houston, Texas",Houston,Texas,,5241,,Project Management Specialists,,,,,
89040,2026-06-05,,,https://jobs.workable.com/view/vxp4TiDiUE9s6chZixs36V/office-administrator-in-scottsdale-at-concord-servicing,Office Administrator,Project Management Specialists,Office Administrator,0,Concord,False,Full Time,,,False,Associate's degree,Associate's degree,,,,,Unknown,"Scottsdale, Arizona, United States",Arizona,United States,,5241,,Project Management Specialists,"[""Asset Classes"", ""Capital Markets""]","[""Asset Classes"", ""Capital Markets""]",[],[],[]
392244,2026-06-08,,,https://jobs.smartrecruiters.com/Dungarvin/744000130871569-operational-program-director-245d-designated-manager-up-to-5000-sign-on-bonus-?oga=true,Operational Program Director / 245D Designated Manager * Up to $5000 sign on bonus *,Project Management Specialists,Operational Program Director / 245D Designated Manager * Up to $5000 sign on bonus *,0,Dungarvin,False,Full Time,,,False,Associate's degree,Bachelor's degree,"{'min': '', 'max': '', 'currency': '', 'period': '', 'summary': ''}",,,,On-site,"Bloomington, Minnesota",Bloomington,Minnesota,,5241,,Project Management Specialists,"[""Behavioral Science""]","[""Behavioral Science""]",[],[],[]
282797,2026-06-23,,,https://jobs.smartrecruiters.com/Dungarvin/744000133517340-operational-program-director-245d-designated-manager-up-to-5000-sign-on-bonus-?oga=true,Operational Program Director / 245D Designated Manager * Up to $5000 sign on bonus *,Project Management Specialists,Operational Program Director / 245D Designated Manager * Up to $5000 sign on bonus *,0,Dungarvin,False,Full Time,,,False,Associate's degree,Bachelor's degree,"{'min': '', 'max': '', 'currency': '', 'period': '', 'summary': ''}",,,,On-site,"Minneapolis, Minnesota",Minneapolis,Minnesota,,5241,,Project Management Specialists,"[""Behavioral Science""]","[""Behavioral Science""]",[],[],[]
282791,2026-06-23,,,https://jobs.smartrecruiters.com/Dungarvin/744000133519299-operational-program-director-245d-designated-manager-up-to-5000-sign-on-bonus-?oga=true,Operational Program Director / 245D Designated Manager * Up to $5000 sign on bonus *,Project Management Specialists,Operational Program Director / 245D Designated Manager * Up to $5000 sign on bonus *,0,Dungarvin,False,Full Time,,,False,Associate's degree,Bachelor's degree,"{'min': '', 'max': '', 'currency': '', 'period': '', 'summary': ''}",,,,On-site,"Saint Paul, Minnesota",Saint Paul,Minnesota,,5241,,Project Management Specialists,"[""Behavioral Science""]","[""Behavioral Science""]",[],[],[]
280325,2026-06-23,,,https://jobs.smartrecruiters.com/Dungarvin/744000133680763-operational-program-director-245d-designated-manager-up-to-5000-sign-on-bonus-?oga=true,Operational Program Director / 245D Designated Manager * Up to $5000 sign on bonus *,Project Management Specialists,Operational Program Director / 245D Designated Manager * Up to $5000 sign on bonus *,0,Dungarvin,False,Full Time,,,False,Associate's degree,Bachelor's degree,"{'min': '', 'max': '', 'currency': '', 'period': '', 'summary': ''}",,,,On-site,"Woodbury, Minnesota",Woodbury,Minnesota,,5241,,Project Management Specialists,"[""Behavioral Science""]","[""Behavioral Science""]",[],[],[]
279488,2026-06-23,,,https://jobs.smartrecruiters.com/Dungarvin/744000133708759-operational-program-director-245d-designated-manager-up-to-5000-sign-on-bonus-?oga=true,Operational Program Director / 245D Designated Manager * Up to $5000 sign on bonus *,Project Management Specialists,Operational Program Director / 245D Designated Manager * Up to $5000 sign on bonus *,0,Dungarvin,False,Full Time,,,False,Associate's degree,Bachelor's degree,"{'min': '', 'max': '', 'currency': '', 'period': '', 'summary': ''}",,,,On-site,"Brooklyn Park, Minnesota",Brooklyn Park,Minnesota,,5241,,Project Management Specialists,"[""Behavioral Science""]","[""Behavioral Science""]",[],[],[]
153809,2026-06-05,,,https://boards.greenhouse.io/point72/jobs/8357941002?gh_jid=8357941002,Operational Risk Manager,Project Management Specialists,Operational Risk Manager,0,Point72,False,Full Time,,,False,Postsecondary nondegree award,Bachelor's degree,,,,,Unknown,"New York, New York, United States",New York,United States,,5241,,Project Management Specialists,"[""Accountability"", ""Accounting"", ""Analytical Skills"", ""Analytics"", ""Asset Classes"", ""Auditing"", ""Automation"", ""Business Continuity"", ""Business Objectives""]","[""Accounting"", ""Analytics"", ""Asset Classes"", ""Auditing"", ""Automation"", ""Business Continuity""]","[""Accountability"", ""Analytical Skills"", ""Business Objectives""]",[],[]
425011,2026-06-02,,,https://apply.workable.com/j/56EB9F811C/apply,Overnight Crisis Worker,Project Management Specialists,Overnight Crisis Worker,0,Access-Services-3,False,Full Time,,,False,Associate's degree,Bachelor's degree,"{'min': '', 'max': '', 'currency': '', 'period': '', 'summary': ''}",,,,On-site,"Plymouth Mtng, Pennsylvania",Plymouth Mtng,Pennsylvania,,5241,,Project Management Specialists,"[""Behavioral Health""]","[""Behavioral Health""]",[],[],[]
159829,2026-06-05,2026-07-06,31.0,https://www.paycomonline.net/v4/ats/web.php/portal/63f95c354d398561e4ebb223b65e555c/jobs/242507,Part Time Floral Associate- Berkley 6/5/26,Project Management Specialists,Floral Associate- Berkley 6/5/26,0,Westborn Market,False,"Full Time, Part Time, Contract",,,False,Associate's degree,Associate's degree,,,,,Unknown,"Berkley, Michigan, United States",Michigan,United States,,5241,,Project Management Specialists,"[""Cash Register""]","[""Cash Register""]",[],[],[]
246067,2026-06-25,,,https://job-boards.greenhouse.io/yoodliinc/jobs/4298808009,Partner Manager,Project Management Specialists,Partner Manager,0,Yoodliinc,False,,,,False,Postsecondary nondegree award,Associate's degree,"{'min': '', 'max': '', 'currency': '', 'period': '', 'summary': ''}",,,,Hybrid,(Remote),,(Remote),,5241,,Project Management Specialists,,,,,
81329,2026-06-04,,,https://job-boards.greenhouse.io/mercedesbenzofbeverlyhills/jobs/5156221007,Parts Runner,Project Management Specialists,Parts Runner,0,Mercedes Benz Of Beverly Hills,False,Full Time,,,False,Associate's degree,Associate's degree,USD 18 - 21 per HOUR,18.0,21.0,hourly,Unknown,"Beverly Hills, California, United States",California,United States,,5241,,Project Management Specialists,"[""Automotive Industry""]","[""Automotive Industry""]",[],[],[]
81278,2026-06-04,,,https://boards.greenhouse.io/fletcherjonesautomotivegroup/jobs/5156222007?gh_jid=5156222007,Parts Runner,Project Management Specialists,Parts Runner,0,Fletcher Jones Automotive Group,False,Full Time,,,False,Associate's degree,Associate's degree,USD 18 - 21 per HOUR,18.0,21.0,hourly,Unknown,"Beverly Hills, California, United States",California,United States,,5241,,Project Management Specialists,"[""Automotive Industry""]","[""Automotive Industry""]",[],[],[]
335113,2026-06-17,,,https://etud.fa.us8.oraclecloud.com/?keyword=&mode=jobs&lang=en&site_number=CX_1#5009,Patient Appointment Technician,Project Management Specialists,Patient Appointment Technician,0,Etud.fa.us8.oraclecloud.com,False,Full Time,,,False,Associate's degree,Associate's degree,"{'min': '', 'max': '', 'currency': '', 'period': '', 'summary': ''}",,,,Unknown,"Colorado Springs, Colorado",Colorado Springs,Colorado,,5241,,Project Management Specialists,"[""Accountability""]",[],"[""Accountability""]",[],[]
313248,2026-06-19,,,https://elfw.fa.us2.oraclecloud.com/?keyword=&mode=jobs&lang=en&site_number=CX_1#23108,Patient Service Specialist- Family Practice,Project Management Specialists,Patient Service Specialist- Family Practice,0,Elfw.fa.us2.oraclecloud.com,False,Full Time,,,False,High school diploma or equivalent,Associate's degree,"{'min': '', 'max': '', 'currency': '', 'period': '', 'summary': ''}",,,,Unknown,"Waverly, New York",Waverly,New York,,5241,,Project Management Specialists,"[""Billing"", ""Cash Control""]","[""Billing"", ""Cash Control""]",[],[],[]
334397,2026-06-17,,,https://elfw.fa.us2.oraclecloud.com/?keyword=&mode=jobs&lang=en&site_number=CX_1#23096,Patient Service Specialist- General Surgery,Project Management Specialists,Patient Service Specialist- General Surgery,0,Elfw.fa.us2.oraclecloud.com,False,Full Time,,,False,High school diploma or equivalent,Associate's degree,"{'min': '', 'max': '', 'currency': '', 'period': '', 'summary': ''}",,,,Unknown,"Binghamton, New York",Binghamton,New York,,5241,,Project Management Specialists,"[""Billing"", ""Cash Control""]","[""Billing"", ""Cash Control""]",[],[],[]
313234,2026-06-19,,,https://elfw.fa.us2.oraclecloud.com/?keyword=&mode=jobs&lang=en&site_number=CX_1#22934,Patient Service Specialist- Internal Medicine,Project Management Specialists,Patient Service Specialist- Internal Medicine,0,Elfw.fa.us2.oraclecloud.com,False,Full Time,,,True,High school diploma or equivalent,Associate's degree,"{'min': '', 'max': '', 'currency': '', 'period': '', 'summary': ''}",,,,Unknown,"Vestal, New York",Vestal,New York,,5241,,Project Management Specialists,"[""Billing"", ""Cash Control""]","[""Billing"", ""Cash Control""]",[],[],[]
388313,2026-06-09,,,https://elfw.fa.us2.oraclecloud.com/?keyword=&mode=jobs&lang=en&site_number=CX_1#22752,Patient Service Specialist- Office Support,Project Management Specialists,Patient Service Specialist- Office Support,0,Elfw.fa.us2.oraclecloud.com,False,Part Time,,,False,High school diploma or equivalent,Associate's degree,"{'min': '', 'max': '', 'currency': '', 'period': '', 'summary': ''}",,,,Unknown,"Big Flats, New York",Big Flats,New York,,5241,,Project Management Specialists,"[""Billing"", ""Cash Control""]","[""Billing"", ""Cash Control""]",[],[],[]
353120,2026-06-15,,,https://elfw.fa.us2.oraclecloud.com/?keyword=&mode=jobs&lang=en&site_number=CX_1#22838,Patient Service Specialist- Podiatry,Project Management Specialists,Patient Service Specialist- Podiatry,0,Elfw.fa.us2.oraclecloud.com,False,Full Time,,,False,High school diploma or equivalent,Associate's degree,"{'min': '', 'max': '', 'currency': '', 'period': '', 'summary': ''}",,,,Unknown,"Binghamton, New York",Binghamton,New York,,5241,,Project Management Specialists,"[""Billing"", ""Cash Control""]","[""Billing"", ""Cash Control""]",[],[],[]
334390,2026-06-17,,,https://elfw.fa.us2.oraclecloud.com/?keyword=&mode=jobs&lang=en&site_number=CX_1#22942,Patient Service Specialist-Ophthalmology,Project Management Specialists,Patient Service Specialist-Ophthalmology,0,Elfw.fa.us2.oraclecloud.com,False,Full Time,,,False,High school diploma or equivalent,Associate's degree,"{'min': '', 'max': '', 'currency': '', 'period': '', 'summary': ''}",,,,Unknown,"Sayre, Pennsylvania",Sayre,Pennsylvania,,5241,,Project Management Specialists,"[""Billing"", ""Cash Control""]","[""Billing"", ""Cash Control""]",[],[],[]
171268,2026-06-05,2026-09-30,117.0,https://www.paycomonline.net/v4/ats/web.php/portal/1C85A3CD8E04A16C68C0F9106BBCAD49/jobs/85371,Payroll Specialist - Hiring Immediately!,Project Management Specialists,Payroll Specialist - Hiring Immediately!,0,Prentice Hospitality Group,False,Full Time,,,False,Associate's degree,Associate's degree,,,,,Unknown,"Portland, Oregon, United States",Oregon,United States,,5241,,Project Management Specialists,"[""Accounting"", ""Agility"", ""Calculations""]","[""Accounting"", ""Agility"", ""Calculations""]",[],[],[]
240467,2026-06-26,,,https://eimy.fa.us6.oraclecloud.com/?keyword=&mode=jobs&lang=en&site_number=CX_1#49141,Phlebotomist (Better Life Wellness),Project Management Specialists,Phlebotomist,0,Eimy.fa.us6.oraclecloud.com,False,Per Diem,,,False,Bachelor's degree,Bachelor's degree,"{'min': '', 'max': '', 'currency': '', 'period': '', 'summary': ''}",,,,Hybrid,"Rockford, Illinois",Rockford,Illinois,,5241,,Project Management Specialists,,,,,
318863,2026-06-18,,,https://careers-healthpro-rehab.icims.com/jobs/130909/physical-therapist-%28pt%29/job?in_iframe=1,Physical Therapist,Project Management Specialists,Physical Therapist,0,Healthpro-Rehab,False,"Full Time, Part Time",,,False,Associate's degree,Associate's degree,"{'min': '', 'max': '', 'currency': '', 'period': '', 'summary': ''}",,,,Unknown,"Sallisaw, Oklahoma",Sallisaw,Oklahoma,,5241,,Project Management Specialists,,,,,
318864,2026-06-18,,,https://careers-healthpro-rehab.icims.com/jobs/131909/physical-therapist-%28pt%29/job?in_iframe=1,Physical Therapist,Project Management Specialists,Physical Therapist,0,Healthpro-Rehab,False,"Full Time, Part Time",,,False,Bachelor's degree,Bachelor's degree,"{'min': '', 'max': '', 'currency': '', 'period': '', 'summary': ''}",,,,Unknown,"Manhattan, Kansas",Manhattan,Kansas,,5241,,Project Management Specialists,,,,,
321600,2026-06-18,,,https://ertr.fa.us2.oraclecloud.com/?keyword=&mode=jobs&lang=en&site_number=CX_1#114772,Physician Assistant - Ear Nose Throat - Edmond & Yukon,Project Management Specialists,Physician Assistant - Ear Nose Throat - Edmond & Yukon,0,Ertr.fa.us2.oraclecloud.com,False,,,,False,Bachelor's degree,Bachelor's degree,"{'min': '', 'max': '', 'currency': '', 'period': '', 'summary': ''}",,,,Unknown,"Edmond, Oklahoma",Edmond,Oklahoma,,5241,,Project Management Specialists,,,,,
77727,2026-06-04,,,https://job-boards.greenhouse.io/studs-internal-careers/jobs/6014554004,Piercing Field Trainer,Project Management Specialists,Piercing Field Trainer,0,Studs,False,Full Time,,,False,Postsecondary nondegree award,Associate's degree,USD 90000 - 100000 per YEAR,90000.0,100000.0,annual,Remote,"New York, New York, United States",New York,United States,,5241,,Project Management Specialists,"[""Calibration""]","[""Calibration""]",[],[],[]
357351,2026-06-14,,,https://jobs.smartrecruiters.com/Dominos/744000132056064-pizza-delivery-driver?oga=true,Pizza Delivery Driver,Project Management Specialists,Pizza Delivery Driver,0,Dominos,False,"Full Time, Part Time",,,False,Associate's degree,Associate's degree,"{'min': '', 'max': '', 'currency': '', 'period': '', 'summary': ''}",,,,Unknown,"New Ulm, Minnesota",New Ulm,Minnesota,,5241,,Project Management Specialists,,,,,
251589,2026-06-25,,,https://jobs.smartrecruiters.com/Dominos/744000134162071-pizza-delivery-driver?oga=true,Pizza Delivery Driver,Project Management Specialists,Pizza Delivery Driver,0,Dominos,False,"Full Time, Part Time",,,False,Associate's degree,Associate's degree,"{'min': '', 'max': '', 'currency': '', 'period': '', 'summary': ''}",,,,Unknown,"Lakeville, Minnesota",Lakeville,Minnesota,,5241,,Project Management Specialists,,,,,
236899,2026-06-26,,,https://jobs.smartrecruiters.com/Dominos/744000134359445-pizza-delivery-driver?oga=true,Pizza Delivery Driver,Project Management Specialists,Pizza Delivery Driver,0,Dominos,False,"Full Time, Part Time",,,False,Associate's degree,Associate's degree,"{'min': '', 'max': '', 'currency': '', 'period': '', 'summary': ''}",,,,Unknown,"Eagan, Minnesota",Eagan,Minnesota,,5241,,Project Management Specialists,,,,,
236312,2026-06-26,,,https://jobs.smartrecruiters.com/Dominos/744000134378508-part-time-pizza-delivery-driver?oga=true,Pizza Delivery Driver,Project Management Specialists,Pizza Delivery Driver,0,Dominos,False,"Full Time, Part Time",,,False,Associate's degree,Associate's degree,"{'min': '', 'max': '', 'currency': '', 'period': '', 'summary': ''}",,,,Unknown,"Chanhassen, Minnesota",Chanhassen,Minnesota,,5241,,Project Management Specialists,,,,,
168397,2026-06-05,,,https://rentanapt.isolvedhire.com/jobs/1788551,Porter / Groundskeeper,Project Management Specialists,Porter / Groundskeeper,0,Management Support,False,Full Time,,,False,Master's degree,Master's degree,USD 15 - 17 per HOUR,15.0,17.0,hourly,Unknown,"San Antonio, Texas, United States",Texas,United States,,5241,,Project Management Specialists,,,,,
414125,2026-06-03,,,https://careers-kimley-horn.icims.com/jobs/24254/practice-builder---single-family-land-development/job?in_iframe=1,Practice Builder - Single Family Land Development,Project Management Specialists,Practice Builder - Single Family Land Development,0,Kimley-Horn,False,Full Time,,,False,Associate's degree,Associate's degree,"{'min': '', 'max': '', 'currency': '', 'period': '', 'summary': ''}",,,,Unknown,"Orlando, Florida",Orlando,Florida,,5241,,Project Management Specialists,"[""AutoCAD"", ""Budgeting"", ""Business Development"", ""Business Planning""]","[""AutoCAD"", ""Business Development"", ""Business Planning""]","[""Budgeting""]",[],[]
265559,2026-06-24,,,https://careers-kimley-horn.icims.com/jobs/24542/practice-leader---transportation-traffic/job?in_iframe=1,Practice Leader - Transportation/Traffic,Project Management Specialists,Practice Leader - Transportation/Traffic,0,Kimley-Horn,False,Full Time,,,False,Associate's degree,Associate's degree,"{'min': '', 'max': '', 'currency': '', 'period': '', 'summary': ''}",,,,Unknown,"Colorado Springs, Colorado",Colorado Springs,Colorado,,5241,,Project Management Specialists,"[""Business Development"", ""Business Planning""]","[""Business Development"", ""Business Planning""]",[],[],[]
232121,2026-06-26,,,https://job-boards.greenhouse.io/smartsheet/jobs/8031164,Principal Customer Excellence Transformation Manager ( Eligible),Project Management Specialists,Principal Customer Excellence Transformation Manager,0,Smartsheet,False,Full Time,,,False,Postsecondary nondegree award,Associate's degree,"{'min': '', 'max': '', 'currency': '', 'period': '', 'summary': ''}",,,,Remote,"Bellevue, Washington",Bellevue,Washington,,5241,,Project Management Specialists,"[""Accountability"", ""AI Agents"", ""Asana"", ""Business Operations""]","[""AI Agents"", ""Asana"", ""Business Operations""]","[""Accountability""]",[],[]
337810,2026-06-17,,,https://apply.workable.com/j/F1DD79B548/apply,Probate and Trust Administration Paralegal,Project Management Specialists,Probate and Trust Administration Paralegal,0,Williams-Parker,False,Full Time,,,False,Master's degree,Master's degree,"{'min': '', 'max': '', 'currency': '', 'period': '', 'summary': ''}",,,,Unknown,"Sarasota, Florida",Sarasota,Florida,,5241,,Project Management Specialists,"[""Accounting"", ""Adaptability""]","[""Accounting""]","[""Adaptability""]",[],[]
347445,2026-06-15,,,https://careers.airbnb.com/positions/8003178?gh_jid=8003178,Process Risk and Compliance Operations Manager,Project Management Specialists,Process Risk and Compliance Operations Manager,0,Airbnb,False,,,,False,Associate's degree,Bachelor's degree,"{'min': '', 'max': '', 'currency': '', 'period': '', 'summary': ''}",,,,Remote,United States,,,,5241,,Project Management Specialists,"[""Accountability"", ""Automation"", ""Case Management"", ""Case Management Systems""]","[""Automation"", ""Case Management"", ""Case Management Systems""]","[""Accountability""]",[],[]
384538,2026-06-09,,,https://job-boards.greenhouse.io/sharkninjaoperatingllc/jobs/4686829006,Program Manager - Home Environment,Project Management Specialists,Program Manager - Home Environment,0,Sharkninjaoperatingllc,False,,,,False,Associate's degree,Master's degree,"{'min': '', 'max': '', 'currency': '', 'period': '', 'summary': ''}",,,,On-site,United States,,,,5241,,Project Management Specialists,"[""Accountability"", ""Acting""]","[""Acting""]","[""Accountability""]",[],[]
412726,2026-06-03,,,https://instacart.careers/job/?gh_jid=7980420,Program Manager II,Project Management Specialists,Program Manager II,0,Instacart,False,,,,False,Associate's degree,Doctoral or professional degree,"{'min': '', 'max': '', 'currency': '', 'period': '', 'summary': ''}",,,,Remote,Remote,,Remote,,5241,,Project Management Specialists,"[""Accountability"", ""Automation"", ""Business Acumen"", ""Business Objectives"", ""Business Priorities"", ""Business Success""]","[""Automation"", ""Business Priorities"", ""Business Success""]","[""Accountability"", ""Business Acumen"", ""Business Objectives""]",[],[]
317180,2026-06-18,,,https://careers-ccsww.icims.com/jobs/8132/program-manager-ii/job?in_iframe=1,Program Manager II,Project Management Specialists,Program Manager II,0,Ccsww,False,,,,False,Bachelor's degree,Bachelor's degree,"{'min': '', 'max': '', 'currency': '', 'period': '', 'summary': ''}",,,,Unknown,"Olympia, Washington",Olympia,Washington,,5241,,Project Management Specialists,,,,,
121112,2026-06-05,,,https://mclarenhlth.taleo.net/careersection/mclaren_mobile_career_section/jobdetail.ftl?job=26003052&lang=en,"Project Coordinator, Commercial Programs - Michigan",Project Management Specialists,"Project Coordinator, Commercial Programs - Michigan",0,McLaren Health Care,False,Full Time,,,False,High school diploma or equivalent,Bachelor's degree,,,,,Unknown,"Flint, Michigan, United States",Michigan,United States,,5241,,Project Management Specialists,"[""Accounting"", ""Certified Associate In Project Management""]","[""Accounting""]",[],[],"[""Certified Associate In Project Management""]"
41776,2026-06-02,,,https://phh.tbe.taleo.net/phh01/ats/careers/v2/viewRequisition?cws=37&org=BASESOLU&rid=2581,Project Manager,Project Management Specialists,Project Manager,0,"Base-2 Solutions, LLC",False,Contract,,,False,Postsecondary nondegree award,Master's degree,,,,,On-site,United States,,,,5241,,Project Management Specialists,"[""Agile Project Management"", ""Business Development""]","[""Agile Project Management"", ""Business Development""]",[],[],[]
207308,2026-06-04,,,https://taconicbiosciences.applytojob.com/apply/3dSV4nSits/Project-Manager,Project Manager,Project Management Specialists,Project Manager,0,"Taconic Biosciences, Inc.",True,Full Time,,,False,Postsecondary nondegree award,Bachelor's degree,$58k - $70k per year,58000.0,70000.0,annual,Hybrid,"Rensselaer, NY, United States",NY,United States,,5241,,Project Management Specialists,"[""Biology""]","[""Biology""]",[],[],[]
331344,2026-06-17,,,https://careers-shawmut.icims.com/jobs/6877/project-manager/job?in_iframe=1,Project Manager,Project Management Specialists,Project Manager,0,Shawmut,False,Contract,,,False,Associate's degree,Associate's degree,"{'min': '', 'max': '', 'currency': '', 'period': '', 'summary': ''}",,,,Unknown,"Columbia, Maryland",Columbia,Maryland,,5241,,Project Management Specialists,,,,,
266558,2026-06-24,,,https://careers-wcgclinical.icims.com/jobs/1095/project-manager/job?in_iframe=1,Project Manager,Project Management Specialists,Project Manager,0,Wcgclinical,False,,,,False,Bachelor's degree,Bachelor's degree,"{'min': '', 'max': '', 'currency': '', 'period': '', 'summary': ''}",,,,Remote,"Remote, Unavailable",Remote,Unavailable,,5241,,Project Management Specialists,,,,,
214786,2026-06-03,,,https://recruiting2.ultipro.com/MOS1003/JobBoard/47574ea9-340b-dd83-ea2f-a08b809e5a3a/OpportunityDetail?opportunityId=7b023299-8a34-45ab-afbd-9fe0db506812&postingId=6e76ccf7-c2fa-43c5-a0b7-dc178d6e5c26,Project Manager (Remote),Project Management Specialists,Project Manager,0,"Mosaic Consulting Group, LLC",False,,,,False,Postsecondary nondegree award,Bachelor's degree,"Up to $120,000 a year",120000.0,120000.0,annual,Remote,United States,,,,5241,,Project Management Specialists,"[""Business Objectives""]",[],"[""Business Objectives""]",[],[]
209260,2026-06-04,,,https://chameleonintegratedservices.applytojob.com/apply/CgxgcYNrWo/Project-Manager-TRIRIGA,Project Manager - TRIRIGA,Project Management Specialists,Project Manager - TRIRIGA,0,Chameleon Integrated Services,False,Contract,,,False,Bachelor's degree,Bachelor's degree,,,,,On-site,"Atlanta, GA, United States",GA,United States,,5241,,Project Management Specialists,"[""Backlogs""]","[""Backlogs""]",[],[],[]
379692,2026-06-10,,,https://elcn.fa.us2.oraclecloud.com/?keyword=&mode=jobs&lang=en&site_number=CX_1#112690,Project Manager/Senior Mechanical Engineer,Project Management Specialists,Project Manager/Senior Mechanical Engineer,0,Elcn.fa.us2.oraclecloud.com,False,"Full Time, Contract",,,False,Associate's degree,Bachelor's degree,"{'min': '', 'max': '', 'currency': '', 'period': '', 'summary': ''}",,,,Unknown,"Denver, Colorado",Denver,Colorado,,5241,,Project Management Specialists,"[""Architectural Engineering"", ""Boilers"", ""Calculations""]","[""Architectural Engineering"", ""Boilers"", ""Calculations""]",[],[],[]
409802,2026-06-04,,,https://ertr.fa.us2.oraclecloud.com/?keyword=&mode=jobs&lang=en&site_number=CX_1#114218,RN - Labor & Delivery,Project Management Specialists,RN - Labor & Delivery,0,Ertr.fa.us2.oraclecloud.com,False,Full Time,,,False,Associate's degree,Associate's degree,"{'min': '', 'max': '', 'currency': '', 'period': '', 'summary': ''}",,,,Unknown,"Oklahoma City, Oklahoma",Oklahoma City,Oklahoma,,5241,,Project Management Specialists,,,,,
103554,2026-06-05,,,https://fa-evmr-saasfaprod1.fa.ocs.oraclecloud.com/hcmUI/CandidateExperience/en/sites/CX_1/job/37199,Real Estate Project Manager,Project Management Specialists,Real Estate Project Manager,0,Infinera,False,Full Time,,,False,Bachelor's degree,Bachelor's degree,USD 107982.61 - 200539.13 per YEAR,107982.61,200539.13,annual,Unknown,"Dallas, Texas, United States",Texas,United States,,5241,,Project Management Specialists,"[""Business Objectives""]",[],"[""Business Objectives""]",[],[]
159141,2026-06-05,,,https://jobs.jobvite.com/wildwoodseniorliving/job/oxwfAfwC,Receptionist 4:15pm-7pm $15-22.75 (Part Time),Project Management Specialists,Receptionist 4:15pm-7pm $15-22.75,0,The Wildwood Senior Living,False,"Full Time, Part Time",,,False,High school diploma or equivalent,Associate's degree,USD 15 - 22.75 per YEAR,15.0,22.75,annual,On-site,"Joplin, Missouri, United States",Missouri,United States,,5241,,Project Management Specialists,,,,,
170704,2026-06-05,2027-06-05,365.0,https://managementcareers-missionlinen.icims.com/jobs/16181/recruiting-intern---paid/job,Recruiting Intern - PAID,Project Management Specialists,Recruiting Intern - PAID,0,Mission Linen Supply,False,"Full Time, Contract, Internship",,,True,Bachelor's degree,Bachelor's degree,USD 17 - 19 per HOUR,17.0,19.0,hourly,Unknown,"Santa Barbara, California, United States",California,United States,,5241,,Project Management Specialists,"[""Applicant Tracking Systems""]","[""Applicant Tracking Systems""]",[],[],[]
163849,2026-06-05,,,https://jobs.lever.co/soniresources/6d4b82c4-cc57-4e9e-9c7a-4c31faa7b70e,Recruiting Manager - Accounting & Finance Group,Project Management Specialists,Recruiting Manager - Accounting & Finance Group,0,Soni,True,Contract,,,False,Associate's degree,Associate's degree,USD 80000 - 100000 per YEAR,80000.0,100000.0,annual,Unknown,"New York, New York, United States",New York,United States,,5241,,Project Management Specialists,"[""Accountability"", ""Accounting"", ""Business Development""]","[""Accounting"", ""Business Development""]","[""Accountability""]",[],[]
179551,2026-06-05,,,https://jobs.ashbyhq.com/finni-health/b3a72f83-bd97-48fb-ba61-10b12bf0695c,Registered Behavior Technician (RBT),Project Management Specialists,Registered Behavior Technician,0,Finni Health (YC W23),False,Part Time,,,False,Postsecondary nondegree award,Associate's degree,USD 24 - 26 per HOUR,24.0,26.0,hourly,On-site,"Hendersonville, Tennessee, United States",Tennessee,United States,,5241,,Project Management Specialists,"[""Applied Behavior Analysis"", ""Behavior Management"", ""Board Certified Behavior Analyst (BCBA)""]","[""Applied Behavior Analysis"", ""Behavior Management""]",[],[],"[""Board Certified Behavior Analyst (BCBA)""]"
154731,2026-06-05,,,https://frostbank.wd5.myworkdayjobs.com/External/job/Austin-TX---Main-Office/Relationship-Manager-II_R260995,Relationship Manager II,Project Management Specialists,Relationship Manager II,0,Frost,False,Full Time,,,False,Associate's degree,Bachelor's degree,,,,,Unknown,"Austin, Texas, United States",Texas,United States,,5241,,Project Management Specialists,"[""Accounting"", ""Banking"", ""Banking Services""]","[""Accounting"", ""Banking"", ""Banking Services""]",[],[],[]
398011,2026-06-08,,,https://apply.workable.com/j/116248E1B2/apply,Removal Immigration Staff Attorney (NJ Based),Project Management Specialists,Removal Immigration Staff Attorney,0,Mangonelawfirm,True,Full Time,,,False,Associate's degree,Master's degree,"{'min': '', 'max': '', 'currency': '', 'period': '', 'summary': ''}",,,,Hybrid,"Morris Plains, New Jersey",Morris Plains,New Jersey,,5241,,Project Management Specialists,"[""Accountability"", ""Appeals""]","[""Appeals""]","[""Accountability""]",[],[]
147457,2026-06-04,,,https://gormanusa.wd501.myworkdayjobs.com/Gorman/job/Denver-CO/Resident-Services-Coordinator----Avenida-del-Sol---Ruby-Vista_JR100365,Resident Services Coordinator - Avenida del Sol & Ruby Vista,Project Management Specialists,Resident Services Coordinator - Avenida del Sol & Ruby Vista,0,Gorman & Company,False,Full Time,,,False,Associate's degree,Bachelor's degree,USD 27 - 30 per HOUR,27.0,30.0,hourly,Unknown,"Quinte West, Ontario, Canada, Chula Vista, California, United States",California,United States,,5241,,Project Management Specialists,"[""Behavioral Health""]","[""Behavioral Health""]",[],[],[]
232801,2026-06-26,,,https://jobs.smartrecruiters.com/Eataly/744000134517389-restaurant-bartender-eataly-king-of-prussia?oga=true,Restaurant Bartender- Eataly King Of Prussia,Project Management Specialists,Restaurant Bartender- Eataly King Of Prussia,0,Eataly,False,Full Time,,,False,High school diploma or equivalent,Associate's degree,"{'min': '', 'max': '', 'currency': '', 'period': '', 'summary': ''}",,,,Unknown,"King Of Prussia, Pennsylvania",King Of Prussia,Pennsylvania,,5241,,Project Management Specialists,,,,,
178893,2026-06-05,2027-06-05,365.0,https://nationalalamo-erac.icims.com/jobs/555533/return-agent---dulles-airport/job,Return Agent - Dulles Airport,Project Management Specialists,Return Agent - Dulles Airport,0,Enterprise Mobility,False,Full Time,,,False,High school diploma or equivalent,Associate's degree,USD 18.5 per HOUR,18.5,18.5,hourly,Unknown,"Loudoun County, Virginia, United States",Virginia,United States,,5241,,Project Management Specialists,"[""Athletics""]","[""Athletics""]",[],[],[]
100674,2026-06-05,,,https://careers.hireology.com/redrockfordinc/2780553/description,Sales Advisor,Project Management Specialists,Sales Advisor,0,"Red Rock Ford, Inc",False,Contract,,,False,Postsecondary nondegree award,Associate's degree,USD 50000 - 100000 per YEAR,50000.0,100000.0,annual,On-site,"Williston, North Dakota, United States",North Dakota,United States,,5241,,Project Management Specialists,"[""Automotive Sales""]","[""Automotive Sales""]",[],[],[]
226279,2026-06-11,,,https://recruiting.paylocity.com/Recruiting/Jobs/Details/4244510,Sales Advisor - Car Wash - Sign on Bonus!!,Project Management Specialists,Sales Advisor - Car Wash - Sign on Bonus!!,0,LUV Car Wash,False,Full Time,,,False,Associate's degree,Associate's degree,{},,,,Unknown,"West Norriton, Pennsylvania",West Norriton,Pennsylvania,,5241,,Project Management Specialists,,,,,
88114,2026-06-05,,,https://www.comeet.com/jobs/soliduslabs/E6.007/sales-development-representative-gtm--automation/93.C60,Sales Development Representative (GTM & Automation),Project Management Specialists,Sales Development Representative,0,Solidus Labs,False,Full Time,,,False,Bachelor's degree,Bachelor's degree,,,,,Unknown,"New York, New York, United States",New York,United States,,5241,,Project Management Specialists,"[""Analytical Skills"", ""Analytics"", ""Automation""]","[""Analytics"", ""Automation""]","[""Analytical Skills""]",[],[]
326780,2026-06-17,,,https://arpio.breezy.hr/p/49ab7d787971-sales-development-representative-sdr,Sales Development Representative (SDR),Project Management Specialists,Sales Development Representative,0,Arpio,False,Full Time,,,False,Associate's degree,Associate's degree,"{'min': '', 'max': '', 'currency': '', 'period': '', 'summary': ''}",,,,Remote,United States,,,,5241,,Project Management Specialists,,,,,
86989,2026-06-05,,,https://jobs.workable.com/view/e7K4ZdRyMCMWGRd3oGYn9b/sales-development-representative-(sdr)-manager-in-austin-at-roamly,Sales Development Representative (SDR) Manager,Project Management Specialists,Sales Development Representative Manager,0,Roamly,False,Full Time,,,False,Associate's degree,Associate's degree,USD 110000 per YEAR,110000.0,110000.0,annual,Remote,"Austin, Texas, United States",Texas,United States,,5241,,Project Management Specialists,"[""Analytics"", ""Business Development"", ""Career Development""]","[""Analytics"", ""Business Development"", ""Career Development""]",[],[],[]
88074,2026-06-05,,,https://workforcenow.adp.com/mascsr/default/mdf/recruitment/recruitment.html?cid=71837f72-0844-4d38-8274-c2eba3e8126b&jobId=590807,Sales Excellence Manager,Project Management Specialists,Sales Excellence Manager,0,Government Scientific Source,False,Contract,,,False,Associate's degree,Bachelor's degree,USD 130000 - 140000 per YEAR,130000.0,140000.0,annual,Hybrid,"Reston, Virginia, United States",Virginia,United States,,5241,,Project Management Specialists,"[""Accountability"", ""Business Communication"", ""Business Systems""]","[""Business Communication"", ""Business Systems""]","[""Accountability""]",[],[]
87169,2026-06-05,,,https://jobs.workable.com/view/wVsQSgPPozMsrrLinYMfqo/sales-manager%2C-insuretech-in-austin-at-roamly,"Sales Manager, Insuretech",Project Management Specialists,"Sales Manager, Insuretech",0,Roamly,False,Full Time,,,False,Associate's degree,Associate's degree,USD 150000 per YEAR,150000.0,150000.0,annual,Hybrid,"Austin, Texas, United States",Texas,United States,,5241,,Project Management Specialists,"[""Accountability"", ""Agility"", ""Brokerage""]","[""Agility"", ""Brokerage""]","[""Accountability""]",[],[]
311640,2026-06-19,,,https://www.welcometothejungle.com/en/companies/C5Jui5/jobs/sales-strategy-operational-excellence-lead_new-york_wmumkrbq,Sales Strategy & Operational Excellence Lead,Project Management Specialists,Sales Strategy & Operational Excellence Lead,0,Anthropic,False,Full Time,,,False,Associate's degree,Associate's degree,"USD 190,000 - 270,000 Yearly",190000.0,270000.0,annual,Unknown,"New York, New York",New York,New York,"New York-Newark-Jersey City, NY-NJ",5241,,Project Management Specialists,"[""Acting"", ""AI Safety"", ""Anaplan"", ""Business Operations""]","[""Acting"", ""AI Safety"", ""Anaplan"", ""Business Operations""]",[],[],[]
362459,2026-06-12,,,https://careers-devereux.icims.com/jobs/51525/school-based-bcba-%28summers-off%29/job?in_iframe=1,School Based BCBA (Summers Off),Project Management Specialists,School Based BCBA,0,Devereux,False,,,,False,Bachelor's degree,Bachelor's degree,"{'min': '', 'max': '', 'currency': '', 'period': '', 'summary': ''}",,,,Unknown,"Lansdowne, Pennsylvania",Lansdowne,Pennsylvania,,5241,,Project Management Specialists,,,,,
167693,2026-06-05,,,https://jobs.lever.co/globalelitecareers/34a3cde6-2f94-41d3-98ee-e6f672f68b20,Seeking Veterans to Serve Veterans,Project Management Specialists,Seeking Veterans to Serve Veterans,0,Global Elite Consultants,False,Full Time,,,False,Bachelor's degree,Bachelor's degree,,,,,Remote,"Columbus, Georgia, United States",Georgia,United States,,5241,,Project Management Specialists,"[""Active Listening""]",[],"[""Active Listening""]",[],[]
167695,2026-06-05,,,https://jobs.lever.co/globalelitecareers/d4cc618b-6a1a-41a4-84fd-a593fda4f8fb,Seeking Veterans to Serve Veterans,Project Management Specialists,Seeking Veterans to Serve Veterans,0,Global Elite Consultants,False,Full Time,,,False,Bachelor's degree,Bachelor's degree,,,,,Remote,"St. Petersburg, Florida, United States",Florida,United States,,5241,,Project Management Specialists,"[""Active Listening""]",[],"[""Active Listening""]",[],[]
167696,2026-06-05,,,https://jobs.lever.co/globalelitecareers/28749837-8e9b-4d2f-a32a-45d60d274fb3,Seeking Veterans to Serve Veterans,Project Management Specialists,Seeking Veterans to Serve Veterans,0,Global Elite Consultants,False,Full Time,,,False,Bachelor's degree,Bachelor's degree,,,,,Remote,"Scarborough, Maine, United States",Maine,United States,,5241,,Project Management Specialists,"[""Active Listening""]",[],"[""Active Listening""]",[],[]
167697,2026-06-05,,,https://jobs.lever.co/globalelitecareers/bc61b130-556e-4ecd-a524-5061ad23cc0d,Seeking Veterans to Serve Veterans,Project Management Specialists,Seeking Veterans to Serve Veterans,0,Global Elite Consultants,False,Full Time,,,False,Bachelor's degree,Bachelor's degree,,,,,Remote,"Baton Rouge, Louisiana, United States",Louisiana,United States,,5241,,Project Management Specialists,"[""Active Listening""]",[],"[""Active Listening""]",[],[]
167698,2026-06-05,,,https://jobs.lever.co/globalelitecareers/a3ae6dd3-eee9-4150-a7d1-dc1b866a3d26,Seeking Veterans to Serve Veterans,Project Management Specialists,Seeking Veterans to Serve Veterans,0,Global Elite Consultants,False,Full Time,,,False,Bachelor's degree,Bachelor's degree,,,,,Remote,"Overland Park, Kansas, United States",Kansas,United States,,5241,,Project Management Specialists,"[""Active Listening""]",[],"[""Active Listening""]",[],[]
167700,2026-06-05,,,https://jobs.lever.co/globalelitecareers/8a95d2df-1da4-43c0-8c62-6b9f2e0f180c,Seeking Veterans to Serve Veterans,Project Management Specialists,Seeking Veterans to Serve Veterans,0,Global Elite Consultants,False,Full Time,,,False,Bachelor's degree,Bachelor's degree,,,,,Remote,"Evansville, Indiana, United States",Indiana,United States,,5241,,Project Management Specialists,"[""Active Listening""]",[],"[""Active Listening""]",[],[]
167701,2026-06-05,,,https://jobs.lever.co/globalelitecareers/c419da0b-eb56-42cf-ae54-43f35b19fcbd,Seeking Veterans to Serve Veterans,Project Management Specialists,Seeking Veterans to Serve Veterans,0,Global Elite Consultants,False,Full Time,,,False,Bachelor's degree,Bachelor's degree,,,,,Remote,"Sioux City, Iowa, United States",Iowa,United States,,5241,,Project Management Specialists,"[""Active Listening""]",[],"[""Active Listening""]",[],[]
167702,2026-06-05,,,https://jobs.lever.co/globalelitecareers/f0c0aaec-f04d-46f3-94e9-274e541304f8,Seeking Veterans to Serve Veterans,Project Management Specialists,Seeking Veterans to Serve Veterans,0,Global Elite Consultants,False,Full Time,,,False,Bachelor's degree,Bachelor's degree,,,,,Remote,"Lexington, Kentucky, United States",Kentucky,United States,,5241,,Project Management Specialists,"[""Active Listening""]",[],"[""Active Listening""]",[],[]
167703,2026-06-05,,,https://jobs.lever.co/globalelitecareers/2c76d3ee-e8ee-46da-a09a-0d5065b0eb65,Seeking Veterans to Serve Veterans,Project Management Specialists,Seeking Veterans to Serve Veterans,0,Global Elite Consultants,False,Full Time,,,False,Bachelor's degree,Bachelor's degree,,,,,Remote,"Joliet, Illinois, United States",Illinois,United States,,5241,,Project Management Specialists,"[""Active Listening""]",[],"[""Active Listening""]",[],[]
174160,2026-06-05,,,https://jobs.lever.co/globalelitecareers/fcb4421c-d2d4-455b-870f-6496edaf6bda,Seeking Veterans to Serve Veterans,Project Management Specialists,Seeking Veterans to Serve Veterans,0,Global Elite Consultants,False,Full Time,,,False,Bachelor's degree,Bachelor's degree,,,,,Remote,"Mandan, North Dakota, United States",North Dakota,United States,,5241,,Project Management Specialists,"[""Active Listening""]",[],"[""Active Listening""]",[],[]
174171,2026-06-05,,,https://jobs.lever.co/globalelitecareers/3279d429-b41f-4c4c-a0ff-0460f03a740e,Seeking Veterans to Serve Veterans,Project Management Specialists,Seeking Veterans to Serve Veterans,0,Global Elite Consultants,False,Full Time,,,False,Bachelor's degree,Bachelor's degree,,,,,Remote,"Gilbert, Arizona, United States",Arizona,United States,,5241,,Project Management Specialists,"[""Active Listening""]",[],"[""Active Listening""]",[],[]
174172,2026-06-05,,,https://jobs.lever.co/globalelitecareers/1ab4a223-59f0-47b4-86e7-9bf97b930b1d,Seeking Veterans to Serve Veterans,Project Management Specialists,Seeking Veterans to Serve Veterans,0,Global Elite Consultants,False,Full Time,,,False,Bachelor's degree,Bachelor's degree,,,,,Remote,"Glasgow, Delaware, United States",Delaware,United States,,5241,,Project Management Specialists,"[""Active Listening""]",[],"[""Active Listening""]",[],[]
174173,2026-06-05,,,https://jobs.lever.co/globalelitecareers/5a62b10d-bf02-4c60-9bf6-1bfa1efff17f,Seeking Veterans to Serve Veterans,Project Management Specialists,Seeking Veterans to Serve Veterans,0,Global Elite Consultants,False,Full Time,,,False,Bachelor's degree,Bachelor's degree,,,,,Remote,"Belgrade, Montana, United States",Montana,United States,,5241,,Project Management Specialists,"[""Active Listening""]",[],"[""Active Listening""]",[],[]
174174,2026-06-05,,,https://jobs.lever.co/globalelitecareers/f8202c03-0112-4e71-9439-cabc22fb7df1,Seeking Veterans to Serve Veterans,Project Management Specialists,Seeking Veterans to Serve Veterans,0,Global Elite Consultants,False,Full Time,,,False,Bachelor's degree,Bachelor's degree,,,,,Remote,"Eugene, Oregon, United States",Oregon,United States,,5241,,Project Management Specialists,"[""Active Listening""]",[],"[""Active Listening""]",[],[]
174175,2026-06-05,,,https://jobs.lever.co/globalelitecareers/3180fc5c-0af2-4e3e-b73b-25bf38a1923a,Seeking Veterans to Serve Veterans,Project Management Specialists,Seeking Veterans to Serve Veterans,0,Global Elite Consultants,False,Full Time,,,False,Bachelor's degree,Bachelor's degree,,,,,Remote,"Jackson, Mississippi, United States",Mississippi,United States,,5241,,Project Management Specialists,"[""Active Listening""]",[],"[""Active Listening""]",[],[]
174176,2026-06-05,,,https://jobs.lever.co/globalelitecareers/1d72d1ea-f63a-498f-8c78-d62a85f6067f,Seeking Veterans to Serve Veterans,Project Management Specialists,Seeking Veterans to Serve Veterans,0,Global Elite Consultants,False,Full Time,,,False,Bachelor's degree,Bachelor's degree,,,,,Remote,"Enterprise, Nevada, United States",Nevada,United States,,5241,,Project Management Specialists,"[""Active Listening""]",[],"[""Active Listening""]",[],[]
174177,2026-06-05,,,https://jobs.lever.co/globalelitecareers/4c6c5f14-b180-42c6-8c8b-cdacbdb0048a,Seeking Veterans to Serve Veterans,Project Management Specialists,Seeking Veterans to Serve Veterans,0,Global Elite Consultants,False,Full Time,,,False,Bachelor's degree,Bachelor's degree,,,,,Remote,"Cleveland, Ohio, United States",Ohio,United States,,5241,,Project Management Specialists,"[""Active Listening""]",[],"[""Active Listening""]",[],[]
174178,2026-06-05,,,https://jobs.lever.co/globalelitecareers/03610d85-b7d0-4487-b1c7-9952ee5cc0fc,Seeking Veterans to Serve Veterans,Project Management Specialists,Seeking Veterans to Serve Veterans,0,Global Elite Consultants,False,Full Time,,,False,Bachelor's degree,Bachelor's degree,,,,,Remote,"Moore, Oklahoma, United States",Oklahoma,United States,,5241,,Project Management Specialists,"[""Active Listening""]",[],"[""Active Listening""]",[],[]
174179,2026-06-05,,,https://jobs.lever.co/globalelitecareers/7f8eb4fb-d7b7-472b-90e2-06c92859e301,Seeking Veterans to Serve Veterans,Project Management Specialists,Seeking Veterans to Serve Veterans,0,Global Elite Consultants,False,Full Time,,,False,Bachelor's degree,Bachelor's degree,,,,,Remote,"Baltimore, Maryland, United States",Maryland,United States,,5241,,Project Management Specialists,"[""Active Listening""]",[],"[""Active Listening""]",[],[]
174180,2026-06-05,,,https://jobs.lever.co/globalelitecareers/d95f7ffd-bd76-4cec-9294-3af6d6ba5f87,Seeking Veterans to Serve Veterans,Project Management Specialists,Seeking Veterans to Serve Veterans,0,Global Elite Consultants,False,Full Time,,,False,Bachelor's degree,Bachelor's degree,,,,,Remote,"Grand Rapids, Michigan, United States",Michigan,United States,,5241,,Project Management Specialists,"[""Active Listening""]",[],"[""Active Listening""]",[],[]
174181,2026-06-05,,,https://jobs.lever.co/globalelitecareers/4dac3c33-2f9e-4af4-be84-cb5da70685c4,Seeking Veterans to Serve Veterans,Project Management Specialists,Seeking Veterans to Serve Veterans,0,Global Elite Consultants,False,Full Time,,,False,Bachelor's degree,Bachelor's degree,,,,,Remote,"Merrimack, New Hampshire, United States",New Hampshire,United States,,5241,,Project Management Specialists,"[""Active Listening""]",[],"[""Active Listening""]",[],[]
174182,2026-06-05,,,https://jobs.lever.co/globalelitecareers/a7f6819b-c0e3-4dac-bc36-30892aefe8ba,Seeking Veterans to Serve Veterans,Project Management Specialists,Seeking Veterans to Serve Veterans,0,Global Elite Consultants,False,Full Time,,,False,Bachelor's degree,Bachelor's degree,,,,,Remote,"Fort Smith, Arkansas, United States",Arkansas,United States,,5241,,Project Management Specialists,"[""Active Listening""]",[],"[""Active Listening""]",[],[]
174183,2026-06-05,,,https://jobs.lever.co/globalelitecareers/b56e740e-a0e1-4591-9c32-5f74fb2eabc6,Seeking Veterans to Serve Veterans,Project Management Specialists,Seeking Veterans to Serve Veterans,0,Global Elite Consultants,False,Full Time,,,False,Bachelor's degree,Bachelor's degree,,,,,Remote,"Las Cruces, New Mexico, United States",New Mexico,United States,,5241,,Project Management Specialists,"[""Active Listening""]",[],"[""Active Listening""]",[],[]
174184,2026-06-05,,,https://jobs.lever.co/globalelitecareers/4f5a0008-0ee9-4c33-9e5d-5e6c4767706b,Seeking Veterans to Serve Veterans,Project Management Specialists,Seeking Veterans to Serve Veterans,0,Global Elite Consultants,False,Full Time,,,False,Bachelor's degree,Bachelor's degree,,,,,Remote,"Hartford, Connecticut, United States",Connecticut,United States,,5241,,Project Management Specialists,"[""Active Listening""]",[],"[""Active Listening""]",[],[]
174185,2026-06-05,,,https://jobs.lever.co/globalelitecareers/83cb204f-967b-405c-a5fb-e229a627dfa5,Seeking Veterans to Serve Veterans,Project Management Specialists,Seeking Veterans to Serve Veterans,0,Global Elite Consultants,False,Full Time,,,False,Bachelor's degree,Bachelor's degree,,,,,Remote,"Winston-Salem, North Carolina, United States",North Carolina,United States,,5241,,Project Management Specialists,"[""Active Listening""]",[],"[""Active Listening""]",[],[]
174186,2026-06-05,,,https://jobs.lever.co/globalelitecareers/24353253-368b-45c8-b16f-e09676ed804e,Seeking Veterans to Serve Veterans,Project Management Specialists,Seeking Veterans to Serve Veterans,0,Global Elite Consultants,False,Full Time,,,False,Bachelor's degree,Bachelor's degree,,,,,Remote,"Hastings, Nebraska, United States",Nebraska,United States,,5241,,Project Management Specialists,"[""Active Listening""]",[],"[""Active Listening""]",[],[]
174187,2026-06-05,,,https://jobs.lever.co/globalelitecareers/6260c8ba-dc15-45dc-90be-ec03ae22321b,Seeking Veterans to Serve Veterans,Project Management Specialists,Seeking Veterans to Serve Veterans,0,Global Elite Consultants,False,Full Time,,,False,Bachelor's degree,Bachelor's degree,,,,,Remote,"Bloomington, Minnesota, United States",Minnesota,United States,,5241,,Project Management Specialists,"[""Active Listening""]",[],"[""Active Listening""]",[],[]
174188,2026-06-05,,,https://jobs.lever.co/globalelitecareers/b502ed49-5c9f-4d9c-a301-dba05c38d14d,Seeking Veterans to Serve Veterans,Project Management Specialists,Seeking Veterans to Serve Veterans,0,Global Elite Consultants,False,Full Time,,,False,Bachelor's degree,Bachelor's degree,,,,,Remote,"Independence, Missouri, United States",Missouri,United States,,5241,,Project Management Specialists,"[""Active Listening""]",[],"[""Active Listening""]",[],[]
174189,2026-06-05,,,https://jobs.lever.co/globalelitecareers/c1973f57-bfc6-4501-8f14-283cabe851d6,Seeking Veterans to Serve Veterans,Project Management Specialists,Seeking Veterans to Serve Veterans,0,Global Elite Consultants,False,Full Time,,,False,Bachelor's degree,Bachelor's degree,,,,,Remote,"Paterson, New Jersey, United States",New Jersey,United States,,5241,,Project Management Specialists,"[""Active Listening""]",[],"[""Active Listening""]",[],[]
174190,2026-06-05,,,https://jobs.lever.co/globalelitecareers/51775923-e902-41aa-933c-666269d017c2,Seeking Veterans to Serve Veterans,Project Management Specialists,Seeking Veterans to Serve Veterans,0,Global Elite Consultants,False,Full Time,,,False,Bachelor's degree,Bachelor's degree,,,,,Remote,"Long Beach, California, United States",California,United States,,5241,,Project Management Specialists,"[""Active Listening""]",[],"[""Active Listening""]",[],[]
420455,2026-06-02,,,https://superawesome.teamtailor.com/jobs/7836611-senior-campaign-manager,Senior Campaign Manager,Project Management Specialists,Senior Campaign Manager,0,SuperAwesome,False,,,,False,Associate's degree,Associate's degree,"{'min': '', 'max': '', 'currency': '', 'period': '', 'summary': ''}",,,,Unknown,Chicago,,Chicago,,5241,,Project Management Specialists,"[""Accountability"", ""Automation"", ""Campaign Management""]","[""Automation"", ""Campaign Management""]","[""Accountability""]",[],[]
232141,2026-06-26,,,https://job-boards.greenhouse.io/lithic/jobs/6103168004,Senior Compliance Analyst,Project Management Specialists,Senior Compliance Analyst,0,Lithic,False,Full Time,,,False,Bachelor's degree,Bachelor's degree,"{'min': '', 'max': '', 'currency': '', 'period': '', 'summary': ''}",,,,Remote,"New York, New York",New York,New York,"New York-Newark-Jersey City, NY-NJ",5241,,Project Management Specialists,"[""Banking""]","[""Banking""]",[],[],[]
281279,2026-06-23,,,https://job-boards.greenhouse.io/instabase/jobs/8600315002,Senior Customer Engagement Manager,Project Management Specialists,Senior Customer Engagement Manager,0,Instabase,False,Contract,,,False,Associate's degree,Associate's degree,"{'min': '', 'max': '', 'currency': '', 'period': '', 'summary': ''}",,,,Remote,"Ma; Remote Illinois; Remote New York; Remote Raleigh, Nc; Remote Texas; Remote ; Remote Virginia",Ma; Remote Illinois; Remote New York; Remote Raleigh,Nc; Remote Texas; Remote ; Remote Virginia,,5241,,Project Management Specialists,"[""Account Management"", ""Acting"", ""AI Innovation"", ""Automation"", ""Brokerage"", ""Business Operations""]","[""Account Management"", ""Acting"", ""AI Innovation"", ""Automation"", ""Brokerage"", ""Business Operations""]",[],[],[]
420868,2026-06-02,,,https://careers-peraton.icims.com/jobs/167287/senior-devsecops---platform-engineer---agentic-ai/job?in_iframe=1,Senior DevSecOps / Platform Engineer - Agentic AI,Project Management Specialists,Senior DevSecOps / Platform Engineer - Agentic AI,0,Peraton,False,Full Time,,,False,Bachelor's degree,Bachelor's degree,"{'min': '', 'max': '', 'currency': '', 'period': '', 'summary': ''}",,,,Unknown,"Basking Ridge | Nj Woodbridge | Nj Red Bank, New Jersey",Basking Ridge | Nj Woodbridge | Nj Red Bank,New Jersey,,5241,,Project Management Specialists,"[""Agentic AI""]","[""Agentic AI""]",[],[],[]
326539,2026-06-17,,,https://jobs.smartrecruiters.com/Experian/744000132732039-senior-director-of-demand-generation-remote-?oga=true,Senior Director of Demand Generation,Project Management Specialists,Senior Director of Demand Generation,0,Experian,False,Full Time,,,False,Associate's degree,Associate's degree,"{'min': '', 'max': '', 'currency': '', 'period': '', 'summary': ''}",,,,Hybrid,"Costa Mesa, California",Costa Mesa,California,,5241,,Project Management Specialists,"[""Agribusiness"", ""Analytics"", ""Bidding""]","[""Agribusiness"", ""Analytics"", ""Bidding""]",[],[],[]
408947,2026-06-04,,,https://www.welcometothejungle.com/en/companies/xeNXWK/jobs/senior-director-of-product-management-enterprise-data-knowledge-platforms_san-francisco_b7xlv2sa,Senior Director of Product Management (Enterprise Data & Knowledge Platforms),Project Management Specialists,Senior Director of Product Management,0,Salesforce,False,Full Time,,,False,Associate's degree,Master's degree,"USD 218,400 - 401,400 Yearly",218400.0,401400.0,annual,Unknown,"San, Francisco",San,Francisco,,5241,,Project Management Specialists,"[""Automation""]","[""Automation""]",[],[],[]
358175,2026-06-14,,,https://www.welcometothejungle.com/en/companies/57iP3W/jobs/senior-hrbp_us_gewuhixm,Senior HRBP,Project Management Specialists,Senior HRBP,0,HoneyBook,False,Full Time,,,False,Associate's degree,Associate's degree,"USD 165,000 - 190,000 Yearly",165000.0,190000.0,annual,Hybrid,United States,,,,5241,,Project Management Specialists,"[""Adaptability""]",[],"[""Adaptability""]",[],[]
426554,2026-06-01,,,https://job-boards.greenhouse.io/sharkninjaoperatingllc/jobs/4683789006,Senior Innovation Technical Project Manager,Project Management Specialists,Senior Innovation Technical Project Manager,0,Sharkninjaoperatingllc,False,,,,False,Postsecondary nondegree award,Master's degree,"{'min': '', 'max': '', 'currency': '', 'period': '', 'summary': ''}",,,,Unknown,"Needham, Massachusetts",Needham,Massachusetts,,5241,,Project Management Specialists,"[""Accountability"", ""Budget Management""]","[""Budget Management""]","[""Accountability""]",[],[]
386264,2026-06-09,,,https://ats.rippling.com/gfg-career-page/jobs/294552e1-f006-4a39-892c-2caea350e275,"Senior Manager, Accounting Team Lead",Project Management Specialists,"Senior Manager, Accounting Team Lead",0,Gfg-Career-Page,True,Full Time,,,False,Associate's degree,Bachelor's degree,"{'min': '', 'max': '', 'currency': '', 'period': '', 'summary': ''}",,,,Remote,Remote (),,Remote (),,5241,,Project Management Specialists,"[""Accountability"", ""Accounting"", ""Capital Allocation"", ""Career Development""]","[""Accounting"", ""Capital Allocation"", ""Career Development""]","[""Accountability""]",[],[]
311737,2026-06-19,,,https://account.amazon.jobs/jobs/10453781/apply,"Senior Manager, Recruiting, Amazon University Talent Acquisition",Project Management Specialists,"Senior Manager, Recruiting, Amazon University Talent Acquisition",0,Amazon,False,Internship,,,True,Associate's degree,Doctoral or professional degree,"{'min': '', 'max': '', 'currency': '', 'period': '', 'summary': ''}",,,,Unknown,"Washington, District of Columbia",Washington,District of Columbia,"Washington-Arlington-Alexandria, DC-VA-MD-WV",5241,,Project Management Specialists,"[""Accountability"", ""Acting"", ""Automated Reasoning"", ""Career Development""]","[""Acting"", ""Automated Reasoning"", ""Career Development""]","[""Accountability""]",[],[]
420358,2026-06-02,,,https://careers-kimley-horn.icims.com/jobs/21582/senior-practice-leader---municipal-roadway/job?in_iframe=1,Senior Practice Leader - Municipal Roadway,Project Management Specialists,Senior Practice Leader - Municipal Roadway,0,Kimley-Horn,False,Full Time,,,False,Associate's degree,Bachelor's degree,"{'min': '', 'max': '', 'currency': '', 'period': '', 'summary': ''}",,,,Unknown,"Santa Clarita, California",Santa Clarita,California,,5241,,Project Management Specialists,"[""Business Planning""]","[""Business Planning""]",[],[],[]
41746,2026-06-02,,,https://phh.tbe.taleo.net/phh01/ats/careers/v2/viewRequisition?cws=37&org=BASESOLU&rid=2583,Senior Project Manager,Project Management Specialists,Senior Project Manager,0,"Base-2 Solutions, LLC",False,Contract,,,False,Postsecondary nondegree award,Bachelor's degree,,,,,On-site,United States,,,,5241,,Project Management Specialists,"[""Business Administration"", ""Business Development""]","[""Business Development""]","[""Business Administration""]",[],[]
42082,2026-05-31,,,https://jobs.jobvite.com/sermo/job/osDaAfwz,Senior Project Manager (QUANT),Project Management Specialists,Senior Project Manager,0,Sermo,False,Full Time,,,False,Postsecondary nondegree award,Associate's degree,,,,,Remote,United States,,,,5241,,Project Management Specialists,,,,,
94593,2026-06-05,,,https://nteractive.jobs.personio.com/job/2658743,Senior Project Manager - Events,Project Management Specialists,Senior Project Manager - Events,0,Nteractive,True,Contract,,,False,Associate's degree,Associate's degree,USD 100000 - 120000 per YEAR,100000.0,120000.0,annual,Remote,United States,,,,5241,,Project Management Specialists,"[""Account Management"", ""Accountability"", ""Advocacy"", ""Broadband"", ""Business Acumen""]","[""Account Management"", ""Broadband""]","[""Accountability"", ""Advocacy"", ""Business Acumen""]",[],[]
282477,2026-06-23,,,https://careers-kimley-horn.icims.com/jobs/24506/senior-project-manager---land-development/job?in_iframe=1,Senior Project Manager - Land Development,Project Management Specialists,Senior Project Manager - Land Development,0,Kimley-Horn,False,Full Time,,,False,Associate's degree,Associate's degree,"{'min': '', 'max': '', 'currency': '', 'period': '', 'summary': ''}",,,,Unknown,"Memphis, Tennessee",Memphis,Tennessee,,5241,,Project Management Specialists,"[""AutoCAD"", ""Budgeting"", ""Business Development"", ""Business Planning""]","[""AutoCAD"", ""Business Development"", ""Business Planning""]","[""Budgeting""]",[],[]
349289,2026-06-15,,,https://careers-kimley-horn.icims.com/jobs/24400/senior-project-manager%2c-practice-builder---infrastructure-security/job?in_iframe=1,"Senior Project Manager, Practice Builder - Infrastructure Security",Project Management Specialists,"Senior Project Manager, Practice Builder - Infrastructure Security",0,Kimley-Horn,False,Full Time,,,False,Associate's degree,Associate's degree,"{'min': '', 'max': '', 'currency': '', 'period': '', 'summary': ''}",,,,Unknown,"Orlando, Florida",Orlando,Florida,,5241,,Project Management Specialists,"[""Budgeting"", ""Business Development"", ""Business Planning""]","[""Business Development"", ""Business Planning""]","[""Budgeting""]",[],[]
420393,2026-06-02,,,https://careers-kimley-horn.icims.com/jobs/21553/senior-project-manager-practice-builder---land-development/job?in_iframe=1,Senior Project Manager/Practice Builder - Land Development,Project Management Specialists,Senior Project Manager/Practice Builder - Land Development,0,Kimley-Horn,False,Full Time,,,False,Associate's degree,Bachelor's degree,"{'min': '', 'max': '', 'currency': '', 'period': '', 'summary': ''}",,,,Unknown,"Palm Desert, California",Palm Desert,California,,5241,,Project Management Specialists,"[""AutoCAD"", ""Budgeting"", ""Business Development"", ""Business Planning""]","[""AutoCAD"", ""Business Development"", ""Business Planning""]","[""Budgeting""]",[],[]
420394,2026-06-02,,,https://careers-kimley-horn.icims.com/jobs/21557/senior-project-manager-practice-builder---land-development/job?in_iframe=1,Senior Project Manager/Practice Builder - Land Development,Project Management Specialists,Senior Project Manager/Practice Builder - Land Development,0,Kimley-Horn,False,Full Time,,,False,Associate's degree,Bachelor's degree,"{'min': '', 'max': '', 'currency': '', 'period': '', 'summary': ''}",,,,Unknown,"Temecula, California",Temecula,California,,5241,,Project Management Specialists,"[""AutoCAD"", ""Budgeting"", ""Business Development"", ""Business Planning""]","[""AutoCAD"", ""Business Development"", ""Business Planning""]","[""Budgeting""]",[],[]
420398,2026-06-02,,,https://careers-kimley-horn.icims.com/jobs/21585/senior-project-manager-practice-builder---land-development/job?in_iframe=1,Senior Project Manager/Practice Builder - Land Development,Project Management Specialists,Senior Project Manager/Practice Builder - Land Development,0,Kimley-Horn,False,Full Time,,,False,Associate's degree,Bachelor's degree,"{'min': '', 'max': '', 'currency': '', 'period': '', 'summary': ''}",,,,Unknown,"Riverside, California",Riverside,California,,5241,,Project Management Specialists,"[""AutoCAD"", ""Budgeting"", ""Business Development"", ""Business Planning""]","[""AutoCAD"", ""Business Development"", ""Business Planning""]","[""Budgeting""]",[],[]
420401,2026-06-02,,,https://careers-kimley-horn.icims.com/jobs/22344/senior-project-manager-practice-builder---roadway/job?in_iframe=1,Senior Project Manager/Practice Builder - Roadway,Project Management Specialists,Senior Project Manager/Practice Builder - Roadway,0,Kimley-Horn,False,Full Time,,,False,Associate's degree,Bachelor's degree,"{'min': '', 'max': '', 'currency': '', 'period': '', 'summary': ''}",,,,Unknown,"Sacramento, California",Sacramento,California,,5241,,Project Management Specialists,"[""Business Planning""]","[""Business Planning""]",[],[],[]
420390,2026-06-02,,,https://careers-kimley-horn.icims.com/jobs/17120/senior-project-manager-practice-builder---stormwater/job?in_iframe=1,Senior Project Manager/Practice Builder - Stormwater,Project Management Specialists,Senior Project Manager/Practice Builder - Stormwater,0,Kimley-Horn,False,Full Time,,,False,Associate's degree,Bachelor's degree,"{'min': '', 'max': '', 'currency': '', 'period': '', 'summary': ''}",,,,Unknown,"Temecula, California",Temecula,California,,5241,,Project Management Specialists,"[""Budgeting"", ""Business Development"", ""Business Planning""]","[""Business Development"", ""Business Planning""]","[""Budgeting""]",[],[]
420391,2026-06-02,,,https://careers-kimley-horn.icims.com/jobs/21073/senior-project-manager-practice-builder---transportation/job?in_iframe=1,Senior Project Manager/Practice Builder - Transportation,Project Management Specialists,Senior Project Manager/Practice Builder - Transportation,0,Kimley-Horn,False,Full Time,,,False,Associate's degree,Associate's degree,"{'min': '', 'max': '', 'currency': '', 'period': '', 'summary': ''}",,,,Unknown,"San Jose, California",San Jose,California,,5241,,Project Management Specialists,"[""Business Development"", ""Business Planning""]","[""Business Development"", ""Business Planning""]",[],[],[]
420399,2026-06-02,,,https://careers-kimley-horn.icims.com/jobs/21586/senior-project-manager-practice-builder---transportation/job?in_iframe=1,Senior Project Manager/Practice Builder - Transportation,Project Management Specialists,Senior Project Manager/Practice Builder - Transportation,0,Kimley-Horn,False,Full Time,,,False,Associate's degree,Bachelor's degree,"{'min': '', 'max': '', 'currency': '', 'period': '', 'summary': ''}",,,,Unknown,"Sacramento, California",Sacramento,California,,5241,,Project Management Specialists,"[""Business Development"", ""Business Planning""]","[""Business Development"", ""Business Planning""]",[],[],[]
420395,2026-06-02,,,https://careers-kimley-horn.icims.com/jobs/21568/senior-project-manager-practice-builder---water-wastewater/job?in_iframe=1,Senior Project Manager/Practice Builder - Water/Wastewater,Project Management Specialists,Senior Project Manager/Practice Builder - Water/Wastewater,0,Kimley-Horn,False,Full Time,,,False,Associate's degree,Bachelor's degree,"{'min': '', 'max': '', 'currency': '', 'period': '', 'summary': ''}",,,,Unknown,"Pleasanton, California",Pleasanton,California,,5241,,Project Management Specialists,"[""Business Development"", ""Business Planning""]","[""Business Development"", ""Business Planning""]",[],[],[]
420396,2026-06-02,,,https://careers-kimley-horn.icims.com/jobs/21569/senior-project-manager-practice-builder---water-wastewater/job?in_iframe=1,Senior Project Manager/Practice Builder - Water/Wastewater,Project Management Specialists,Senior Project Manager/Practice Builder - Water/Wastewater,0,Kimley-Horn,False,Full Time,,,False,Associate's degree,Bachelor's degree,"{'min': '', 'max': '', 'currency': '', 'period': '', 'summary': ''}",,,,Unknown,"Riverside, California",Riverside,California,,5241,,Project Management Specialists,"[""Business Development"", ""Business Planning""]","[""Business Development"", ""Business Planning""]",[],[],[]
420400,2026-06-02,,,https://careers-kimley-horn.icims.com/jobs/21588/senior-project-manager-practice-builder---water-wastewater/job?in_iframe=1,Senior Project Manager/Practice Builder - Water/Wastewater,Project Management Specialists,Senior Project Manager/Practice Builder - Water/Wastewater,0,Kimley-Horn,False,Full Time,,,False,Associate's degree,Bachelor's degree,"{'min': '', 'max': '', 'currency': '', 'period': '', 'summary': ''}",,,,Unknown,"Temecula, California",Temecula,California,,5241,,Project Management Specialists,"[""Business Development"", ""Business Planning""]","[""Business Development"", ""Business Planning""]",[],[],[]
358176,2026-06-14,,,https://www.welcometothejungle.com/en/companies/57iP3W/jobs/senior-talent-acquisition-partner_us_pxog45ck,Senior Talent Acquisition Partner,Project Management Specialists,Senior Talent Acquisition Partner,0,HoneyBook,True,Full Time,,,False,Associate's degree,Associate's degree,"USD 160,000 - 185,000 Yearly",160000.0,185000.0,annual,Hybrid,United States,,,,5241,,Project Management Specialists,"[""Adaptability""]",[],"[""Adaptability""]",[],[]
166657,2026-06-05,2027-06-05,365.0,https://careers-beelineimage.icims.com/jobs/5424/service-professional/job,Service Professional,Project Management Specialists,Service Professional,0,Bee Line,False,"Full Time, Part Time",,,False,Bachelor's degree,Bachelor's degree,USD 16.5 - 17 per HOUR,16.5,17.0,hourly,Unknown,"Chicago, Illinois, United States",Illinois,United States,,5241,,Project Management Specialists,,,,,
267981,2026-06-24,,,https://jobs.smartrecruiters.com/Dominos/744000133835675-shift-runner-01270-1332-e-apple-ave?oga=true,Shift Runner (01270) - 1332 E Apple Ave,Project Management Specialists,Shift Runner - 1332 E Apple Ave,0,Dominos,False,Part Time,,,False,Associate's degree,Associate's degree,"{'min': '', 'max': '', 'currency': '', 'period': '', 'summary': ''}",,,,Unknown,"Muskegon, Michigan",Muskegon,Michigan,,5241,,Project Management Specialists,,,,,
295212,2026-06-22,,,https://careers-propark.icims.com/jobs/10206/shuttle-driver/job?in_iframe=1,Shuttle Driver,Project Management Specialists,Shuttle Driver,0,Propark,False,"Full Time, Part Time, Contract, Temporary",,,False,Associate's degree,Associate's degree,"{'min': '', 'max': '', 'currency': '', 'period': '', 'summary': ''}",,,,Unknown,"Greenville, South Carolina",Greenville,South Carolina,,5241,,Project Management Specialists,,,,,
120471,2026-06-05,,,https://jobs.dayforcehcm.com/en-US/gate/HospitalityPVIC/jobs/57672,Spa Female Locker Room Attendant,Project Management Specialists,Spa Female Locker Room Attendant,0,The Spa At Ponte Vedra Inn & Club,False,Full Time,,,False,Bachelor's degree,Bachelor's degree,,,,,Unknown,"Ponte Vedra Beach, Florida, United States",Florida,United States,,5241,,Project Management Specialists,,,,,
368190,2026-06-12,,,https://apply.workable.com/j/0C36F7F776/apply,"Spanish Speaking Client Success Manager, North America",Project Management Specialists,"Spanish Speaking Client Success Manager, North America",0,Instanda,False,Full Time,,,False,Associate's degree,Associate's degree,"{'min': '', 'max': '', 'currency': '', 'period': '', 'summary': ''}",,,,Remote,United States,,,,5241,,Project Management Specialists,"[""Account Management"", ""Account Strategy"", ""Analytics"", ""Artificial Intelligence"", ""Backlogs"", ""Billing""]","[""Account Management"", ""Account Strategy"", ""Analytics"", ""Artificial Intelligence"", ""Backlogs"", ""Billing""]",[],[],[]
158610,2026-06-05,,,https://southland-therapy-services.breezy.hr/p/a3d624e561dc-speech-language-pathologist-clinical-fellow-cfy--charleston,Speech Language Pathologist - Clinical Fellow (CFY) - Charleston,Project Management Specialists,Speech Language Pathologist - Clinical Fellow - Charleston,0,Southland Pediatric Therapy Services,False,Contract,,,False,Associate's degree,Master's degree,USD 40 - 55 per HOUR,40.0,55.0,hourly,Unknown,"Charleston, South Carolina, United States",South Carolina,United States,,5241,,Project Management Specialists,,,,,
85202,2026-06-05,,,https://recruiting.paylocity.com/Recruiting/Jobs/Details/4230785,Speech Language Pathologist / Clinical Fellowship,Project Management Specialists,Speech Language Pathologist / Clinical Fellowship,0,Association FOR Mentally ILL Children OF Westchester INC,False,Full Time,,,False,Master's degree,Master's degree,USD 60000 - 70000 per YEAR,60000.0,70000.0,annual,On-site,"Village of Briarcliff Manor, New York, United States",New York,United States,,5241,,Project Management Specialists,,,,,
402821,2026-06-05,,,https://account.amazon.jobs/jobs/10441119/apply,"Sr. Business Coach, AFP Partner Success Team",Project Management Specialists,"Sr. Business Coach, AFP Partner Success Team",0,Amazon,False,Full Time,,,False,Associate's degree,Associate's degree,"{'min': '', 'max': '', 'currency': '', 'period': '', 'summary': ''}",,,,Unknown,"Nashville, Tennessee",Nashville,Tennessee,,5241,,Project Management Specialists,"[""Accountability"", ""Business Decisions"", ""Business Planning""]","[""Business Decisions"", ""Business Planning""]","[""Accountability""]",[],[]
434132,2026-05-29,,,https://jobs.lever.co/petvisor/4e0bbb6c-434f-4415-abfe-4cf4520415fe/apply,Sr. Customer Success Manager,Project Management Specialists,Sr. Customer Success Manager,0,Petvisor,False,Full Time,,,False,Associate's degree,Associate's degree,"USD 68,000 - 80,000 Yearly",68000.0,80000.0,annual,Unknown,United States,,,,5241,,Project Management Specialists,"[""Account Growth""]","[""Account Growth""]",[],[],[]
460184,2026-05-19,,,https://account.amazon.jobs/jobs/10424160/apply,"Sr. Program Manager , Recruitment Operations Center (ROC)",Project Management Specialists,"Sr. Program Manager , Recruitment Operations Center",0,Amazon,False,Full Time,,,False,Associate's degree,Associate's degree,"{'min': '', 'max': '', 'currency': '', 'period': '', 'summary': ''}",,,,Unknown,"Seattle, Washington",Seattle,Washington,,5241,,Project Management Specialists,"[""Accountability"", ""Analytics"", ""Capacity Utilization""]","[""Analytics"", ""Capacity Utilization""]","[""Accountability""]",[],[]
285279,2026-06-23,,,https://account.amazon.jobs/jobs/10457230/apply,"Sr. Program Manager, Tax Reporting & Compliance",Project Management Specialists,"Sr. Program Manager, Tax Reporting & Compliance",0,Amazon,False,Full Time,,,False,Bachelor's degree,Bachelor's degree,"{'min': '', 'max': '', 'currency': '', 'period': '', 'summary': ''}",,,,Unknown,"Washington, District of Columbia",Washington,District of Columbia,"Washington-Arlington-Alexandria, DC-VA-MD-WV",5241,,Project Management Specialists,"[""Accounting""]","[""Accounting""]",[],[],[]
248783,2026-06-25,,,https://job-boards.greenhouse.io/verstela/jobs/5281350008,Staffing Manager,Project Management Specialists,Staffing Manager,0,Verstela,True,,,,False,Associate's degree,Associate's degree,"{'min': '', 'max': '', 'currency': '', 'period': '', 'summary': ''}",,,,On-site,"Broomfield, Colorado",Broomfield,Colorado,,5241,,Project Management Specialists,"[""Account Management""]","[""Account Management""]",[],[],[]
308266,2026-06-19,,,https://job-boards.greenhouse.io/verstela/jobs/5272639008,Staffing Manager (Sales & Leadership),Project Management Specialists,Staffing Manager,0,Verstela,True,,,,False,Associate's degree,Associate's degree,"{'min': '', 'max': '', 'currency': '', 'period': '', 'summary': ''}",,,,On-site,"Aurora, Colorado",Aurora,Colorado,,5241,,Project Management Specialists,"[""Account Management""]","[""Account Management""]",[],[],[]
408864,2026-06-04,,,https://jobs.smartrecruiters.com/ForwardLogistixPartnersInc/3743990013461416-start-asap-immediate-hire-delivery-drivers-ft-pt-from-21-50-22-50?oga=true,Start ASAP! -Immediate Hire Delivery Drivers ( / ) - from $21.50-$22.50,Project Management Specialists,Start ASAP! -Immediate Hire Delivery Drivers - from $21.50-$22.50,0,Forwardlogistixpartnersinc,False,"Full Time, Part Time",,,False,Bachelor's degree,Bachelor's degree,"{'min': '', 'max': '', 'currency': '', 'period': '', 'summary': ''}",,,,On-site,"Manassas, Virginia",Manassas,Virginia,,5241,,Project Management Specialists,,,,,
450050,2026-02-19,,,https://account.amazon.com/jobs/3184537/apply,"Strategic Business Ops Program Manager, Workplace Health & Safety (WHS) Strategy",Project Management Specialists,"Strategic Business Ops Program Manager, Workplace Health & Safety Strategy",0,Amazon,False,Full Time,,,False,Associate's degree,Associate's degree,"{'min': '', 'max': '', 'currency': '', 'period': '', 'summary': ''}",,,,Unknown,"Bellevue, Washington",Bellevue,Washington,,5241,,Project Management Specialists,"[""Analytics""]","[""Analytics""]",[],[],[]
136741,2026-06-05,,,https://job-boards.greenhouse.io/alertmedia/jobs/8541289002,Strategic Customer Success Manager,Project Management Specialists,Strategic Customer Success Manager,0,AlertMedia,False,Full Time,,,False,Associate's degree,Associate's degree,,,,,Hybrid,"Austin, Texas, United States",Texas,United States,,5241,,Project Management Specialists,"[""Accountability"", ""Automation"", ""Business Continuity"", ""Career Development""]","[""Automation"", ""Business Continuity"", ""Career Development""]","[""Accountability""]",[],[]
441864,2026-06-09,,,https://account.amazon.jobs/jobs/10443339/apply,"Strategic Pursuits Task Order Bid Manager - AWS US Department of War Markets, US Strategic Pursuit Team",Project Management Specialists,"Strategic Pursuits Task Order Bid Manager - AWS US Department of War Markets, US Strategic Pursuit Team",0,Amazon,False,Contract,,,False,Associate's degree,Associate's degree,"{'min': '', 'max': '', 'currency': '', 'period': '', 'summary': ''}",,,,Unknown,"Arlington, Virginia",Arlington,Virginia,,5241,,Project Management Specialists,"[""Amazon Web Services"", ""Bid Management"", ""Business Development""]","[""Amazon Web Services"", ""Bid Management"", ""Business Development""]",[],[],[]
375851,2026-06-11,,,https://apply.workable.com/j/C27E32DE79/apply,Subcontract Administrator,Project Management Specialists,Subcontract Administrator,0,Coldquanta,False,"Full Time, Contract",,,False,Postsecondary nondegree award,Bachelor's degree,"{'min': '', 'max': '', 'currency': '', 'period': '', 'summary': ''}",,,,Unknown,"Louisville, Colorado",Louisville,Colorado,,5241,,Project Management Specialists,"[""Business Administration""]",[],"[""Business Administration""]",[],[]
337492,2026-06-17,,,https://apply.workable.com/j/64D76A8EF0/apply,Sundeck Cook,Project Management Specialists,Sundeck Cook,0,East-Bank-Club,False,Temporary,,,False,Associate's degree,Associate's degree,"{'min': '', 'max': '', 'currency': '', 'period': '', 'summary': ''}",,,,Unknown,"Chicago, Illinois",Chicago,Illinois,,5241,,Project Management Specialists,,,,,
165618,2026-06-05,2026-08-03,59.0,https://baxter.wd1.myworkdayjobs.com/baxter/job/Round-Lake-Illinois/Supply-Handler--6-00pm-to-6-30am-_JR-203696-1,Supply Handler (6:00pm to 6:30am),Project Management Specialists,Supply Handler,0,Baxter International Inc.,False,Full Time,,,False,High school diploma or equivalent,Associate's degree,USD 23.35 per HOUR,23.35,23.35,hourly,Unknown,"Round Lake, Illinois, United States",Illinois,United States,,5241,,Project Management Specialists,"[""Bill Of Materials"", ""Calibration""]","[""Bill Of Materials"", ""Calibration""]",[],[],[]
242544,2026-06-26,,,https://jobs.virginia.edu/job/R0076517,Surgical Technician - Labor and Delivery (L&D) - Rotating Shift (Wage),Project Management Specialists,Surgical Technician - Labor and Delivery - Rotating Shift,0,Jobs.virginia.edu,False,,,,False,Bachelor's degree,Bachelor's degree,"{'min': '', 'max': '', 'currency': '', 'period': '', 'summary': ''}",,,,Unknown,"Charlottesville, Virginia",Charlottesville,Virginia,,5241,,Project Management Specialists,,,,,
81991,2026-06-04,,,https://recruiting.paylocity.com/Recruiting/Jobs/Details/4226517,Surgical Technologist,Project Management Specialists,Surgical Technologist,0,Huron Regional Medical Center,False,"Full Time, Part Time",,,False,High school diploma or equivalent,Associate's degree,,,,,Remote,"Huron, South Dakota, United States",South Dakota,United States,,5241,,Project Management Specialists,,,,,
403585,2026-06-05,,,https://iazbqy.fa.ocs.oraclecloud.com/?keyword=&mode=jobs&lang=en&site_number=CX_1#2002743,Tally Operator - Laminator,Project Management Specialists,Tally Operator - Laminator,0,Iazbqy.fa.ocs.oraclecloud.com,False,Full Time,,,False,High school diploma or equivalent,Associate's degree,"{'min': '', 'max': '', 'currency': '', 'period': '', 'summary': ''}",,,,Unknown,"Asheboro, North Carolina",Asheboro,North Carolina,,5241,,Project Management Specialists,,,,,
77012,2026-06-04,,,https://recruiting.ultipro.com/ARC1013AOB/JobBoard/8888f6c2-d0b5-4f4b-ba2b-fa2ab452ce90/OpportunityDetail?opportunityId=c2a1547c-85fd-4774-b19f-14c93a31ffff,"Teacher, Social Studies, High School (EX)(2026-2027)- St. Mary's High School, Annapolis MD",Project Management Specialists,"Teacher, Social Studies, High School - St. Mary's High School, Annapolis MD",0,Archdiocese Of Baltimore,False,Full Time,,,False,High school diploma or equivalent,Doctoral or professional degree,USD 47692 - 93302 per YEAR,47692.0,93302.0,annual,On-site,"Annapolis, Maryland, United States",Maryland,United States,,5241,,Project Management Specialists,,,,,
296826,2026-06-22,,,https://www.welcometothejungle.com/en/companies/C5Jui5/jobs/technical-program-manager-api-platform_new-york_2zib2fzx,Technical Program Manager (API Platform),Project Management Specialists,Technical Program Manager,0,Anthropic,False,Full Time,,,False,Associate's degree,Associate's degree,"USD 365,000 - 435,000 Yearly",365000.0,435000.0,annual,Unknown,Seattle,,Seattle,,5241,,Project Management Specialists,"[""Acting"", ""AI Safety""]","[""Acting"", ""AI Safety""]",[],[],[]
420359,2026-06-02,,,https://careers-kimley-horn.icims.com/jobs/21583/tolling-practice-leader/job?in_iframe=1,Tolling Practice Leader,Project Management Specialists,Tolling Practice Leader,0,Kimley-Horn,False,Full Time,,,False,Associate's degree,Associate's degree,"{'min': '', 'max': '', 'currency': '', 'period': '', 'summary': ''}",,,,Unknown,"Los Angeles, California",Los Angeles,California,,5241,,Project Management Specialists,"[""Budgeting"", ""Business Development"", ""Business Planning""]","[""Business Development"", ""Business Planning""]","[""Budgeting""]",[],[]
170936,2026-06-05,2026-07-05,30.0,https://intercitylines.zohorecruit.com/jobs/Careers/496091000019587001/Trailer-Mechanic-%E2%80%93-Enclosed-Auto-Transport-Trailers,Trailer Mechanic – Enclosed Auto Transport Trailers,Project Management Specialists,Trailer Mechanic – Enclosed Auto Transport Trailers,0,Intercity Lines Inc,False,Full Time,,,False,Master's degree,Master's degree,,,,,Unknown,"Charlton, Massachusetts, United States",Massachusetts,United States,,5241,,Project Management Specialists,,,,,
420360,2026-06-02,,,https://careers-kimley-horn.icims.com/jobs/21592/transit-practice-leader/job?in_iframe=1,Transit Practice Leader,Project Management Specialists,Transit Practice Leader,0,Kimley-Horn,False,Full Time,,,False,Associate's degree,Master's degree,"{'min': '', 'max': '', 'currency': '', 'period': '', 'summary': ''}",,,,Unknown,"San Jose, California",San Jose,California,,5241,,Project Management Specialists,"[""Accounting"", ""Business Development""]","[""Accounting"", ""Business Development""]",[],[],[]
155091,2026-06-05,2027-06-05,365.0,https://securitycareers-aus.icims.com/jobs/1608185/unarmed-site-supervisor---healthcare/job,Unarmed Site Supervisor - Healthcare,Project Management Specialists,Unarmed Site Supervisor - Healthcare,0,Allied Universal,False,"Full Time, Contract",,,False,High school diploma or equivalent,Associate's degree,USD 27.86 per HOUR,27.86,27.86,hourly,On-site,"Los Angeles, California, United States",California,United States,,5241,,Project Management Specialists,"[""Active Listening""]",[],"[""Active Listening""]",[],[]
89238,2026-06-05,,,https://jobs.smartrecruiters.com/SonicAutomotive/744000130567864-used-car-technician,Used Car Technician,Project Management Specialists,Used Car Technician,0,Sonic Automotive,False,Full Time,,,False,High school diploma or equivalent,Associate's degree,USD 45000 - 70000 per YEAR,45000.0,70000.0,annual,Unknown,"Henderson, Nevada, United States",Nevada,United States,,5241,,Project Management Specialists,"[""Automotive Industry"", ""Body Work""]","[""Automotive Industry"", ""Body Work""]",[],[],[]
378092,2026-06-10,,,https://careers-propark.icims.com/jobs/10151/valet-supervisor/job?in_iframe=1,Valet Supervisor,Project Management Specialists,Valet Supervisor,0,Propark,False,"Full Time, Part Time, Temporary",,,False,Associate's degree,Master's degree,"{'min': '', 'max': '', 'currency': '', 'period': '', 'summary': ''}",,,,Unknown,"Boston, Massachusetts",Boston,Massachusetts,,5241,,Project Management Specialists,,,,,
401562,2026-06-05,,,https://careers-devereux.icims.com/jobs/51365/van-driver/job?in_iframe=1,Van Driver,Project Management Specialists,Van Driver,0,Devereux,False,,,,False,Bachelor's degree,Bachelor's degree,"{'min': '', 'max': '', 'currency': '', 'period': '', 'summary': ''}",,,,Unknown,"Pittsburgh, Pennsylvania",Pittsburgh,Pennsylvania,,5241,,Project Management Specialists,,,,,
196556,2026-06-05,,,https://mastercard.wd1.myworkdayjobs.com/en-US/CorporateCareers/job/Purchase-New-York/VP--Services-Business-Development-National-Banks_R-277159,Vice President of Services Business Development (National Banks),Project Management Specialists,Vice President of Services Business Development,0,Mastercard,False,Full Time,,,False,Bachelor's degree,Bachelor's degree,$192k - $349k per year,192000.0,349000.0,annual,Remote,"Purchase, New York, United States of America",New York,United States of America,,5241,,Project Management Specialists,"[""Blogs"", ""Business Development""]","[""Blogs"", ""Business Development""]",[],[],[]
101534,2026-06-05,,,https://workforcenow.adp.com/mascsr/default/mdf/recruitment/recruitment.html?cid=11609411-c701-42ea-9d7e-101b41241efa&jobId=630197&ccId=507800823_4926,Wealth Services Assistant & Concierge,Project Management Specialists,Wealth Services Assistant & Concierge,0,Liberty Federal Credit Union,False,Full Time,,,False,Associate's degree,Associate's degree,,,,,Hybrid,"Evansville, Indiana, United States",Indiana,United States,,5241,,Project Management Specialists,"[""Administrative Support"", ""Banking""]","[""Administrative Support"", ""Banking""]",[],[],[]
255009,2026-06-25,,,https://jobs.smartrecruiters.com/Dominos/744000134066243-weekend-delivery-driver?oga=true,Weekend Delivery Driver,Project Management Specialists,Weekend Delivery Driver,0,Dominos,False,Full Time,,,False,Associate's degree,Associate's degree,"{'min': '', 'max': '', 'currency': '', 'period': '', 'summary': ''}",,,,Unknown,"Dunlap, Tennessee",Dunlap,Tennessee,,5241,,Project Management Specialists,"[""Cash Handling""]","[""Cash Handling""]",[],[],[]
86211,2026-06-05,,,https://workforcenow.adp.com/mascsr/default/mdf/recruitment/recruitment.html?cid=49b893be-d646-4b74-9080-b7434de9fe95&jobId=564114,Woodland Commons Program Manager #1826,Project Management Specialists,Woodland Commons Program Manager #1826,0,Lakeview Health Services,False,Full Time,,,False,Associate's degree,Bachelor's degree,USD 21.47 - 27.96 per HOUR,21.47,27.96,hourly,Unknown,"Macedon, New York, United States",New York,United States,,5241,,Project Management Specialists,"[""Billing"", ""Care Coordination""]","[""Billing"", ""Care Coordination""]",[],[],[]
160016,2026-06-05,,,https://communityyouthservices.bamboohr.com/careers/238,YAS Overnight Counselor,Project Management Specialists,YAS Overnight Counselor,0,Community Youth Services,False,Full Time,,,False,Associate's degree,Associate's degree,USD 21.71 - 24.25 per HOUR,21.71,24.25,hourly,Unknown,"Thurston County, Washington, United States",Washington,United States,,5241,,Project Management Specialists,,,,,
14104,2026-05-23,,,https://careers.snowflake.com/us/en/job/SNCOUSE25B450848434891A0F00D768BB954C3EXTERNALENUSA86331141C574B07B1FBEB456DD4A5C3/RVP-Priority-Support-Engineering,Regional Vice President of Priority Support Engineering,Regional Vice President of Priority Support Engineering,Regional Vice President of Priority Support Engineering,0,Snowflake,False,Full Time,,,False,Associate's degree,Associate's degree,$245k - $321.3k per year,245000.0,321300.0,annual,Remote,"New York, New York, United States",New York,United States,,5241,,Models,"[""Accountability"", ""Analytics""]","[""Analytics""]","[""Accountability""]",[],[]
277351,2026-06-24,,,https://jobs.virginia.edu/job/R0073663,"New Graduate Registered Nurse (RN) - Nurse Residency Program Spring/Summer 2026- Main Medical Center, Charlottesville, VA",Registered Nurses,"New Graduate Registered Nurse - Nurse Residency Program Spring/Summer 2026- Main Medical Center, Charlottesville, VA",0,Jobs.virginia.edu,False,,,,False,Doctoral or professional degree,Doctoral or professional degree,"{'min': '', 'max': '', 'currency': '', 'period': '', 'summary': ''}",,,,Unknown,"Charlottesville, Virginia",Charlottesville,Virginia,,5241,,Registered Nurses,,,,,
179712,2026-06-05,,,https://www.paycomonline.net/v4/ats/web.php/portal/F90C48D44CC08D5D8854F29615D0812A/jobs/164273,RN: Registered Nurse,Registered Nurses,RN: Registered Nurse,0,Canterbury Woods,False,"Full Time, Part Time",,,False,Associate's degree,Associate's degree,USD 32 - 38 per HOUR,32.0,38.0,hourly,On-site,"Town of Amherst, New York, United States",New York,United States,,5241,,Registered Nurses,,,,,
421393,2026-06-02,,,https://careers-acadiahealthcare.icims.com/jobs/84795/registered-nurse-%28rn%29---day/job?in_iframe=1,Registered Nurse (RN) - Day,Registered Nurses,Registered Nurse - Day,0,Acadiahealthcare,False,Full Time,,,False,Doctoral or professional degree,Doctoral or professional degree,"{'min': '', 'max': '', 'currency': '', 'period': '', 'summary': ''}",,,,Unknown,"Galax, Virginia",Galax,Virginia,,5241,,Registered Nurses,,,,,
277670,2026-06-24,,,https://jobs.virginia.edu/job/R0083175,"Registered Nurse (RN) - Dialysis, Lynchburg",Registered Nurses,"Registered Nurse - Dialysis, Lynchburg",0,Jobs.virginia.edu,False,,,,False,Doctoral or professional degree,Doctoral or professional degree,"{'min': '', 'max': '', 'currency': '', 'period': '', 'summary': ''}",,,,Unknown,"Lynchburg, Virginia",Lynchburg,Virginia,,5241,,Registered Nurses,,,,,
277354,2026-06-24,,,https://jobs.virginia.edu/job/R0074207,Registered Nurse (RN) - Emergency Department (ED),Registered Nurses,Registered Nurse - Emergency Department,0,Jobs.virginia.edu,False,,,,False,Doctoral or professional degree,Doctoral or professional degree,"{'min': '', 'max': '', 'currency': '', 'period': '', 'summary': ''}",,,,Unknown,"Charlottesville, Virginia",Charlottesville,Virginia,,5241,,Registered Nurses,,,,,
421477,2026-06-02,,,https://careers-acadiahealthcare.icims.com/jobs/98947/registered-nurse-%28rn%29---night/job?in_iframe=1,Registered Nurse (RN) - Night,Registered Nurses,Registered Nurse - Night,0,Acadiahealthcare,False,Full Time,,,False,Doctoral or professional degree,Doctoral or professional degree,"{'min': '', 'max': '', 'currency': '', 'period': '', 'summary': ''}",,,,Unknown,"Galax, Virginia",Galax,Virginia,,5241,,Registered Nurses,,,,,
277640,2026-06-24,,,https://jobs.virginia.edu/job/R0082883,Registered Nurse (RN) - Oncology Infusion Center,Registered Nurses,Registered Nurse - Oncology Infusion Center,0,Jobs.virginia.edu,False,,,,False,Doctoral or professional degree,Doctoral or professional degree,"{'min': '', 'max': '', 'currency': '', 'period': '', 'summary': ''}",,,,Unknown,"Charlottesville, Virginia",Charlottesville,Virginia,,5241,,Registered Nurses,,,,,
277381,2026-06-24,,,https://jobs.virginia.edu/job/R0075540,"Registered Nurse (RN) - Oncology Infusion Center - , Evening Shift",Registered Nurses,"Registered Nurse - Oncology Infusion Center - , Evening Shift",0,Jobs.virginia.edu,False,Part Time,,,False,Doctoral or professional degree,Doctoral or professional degree,"{'min': '', 'max': '', 'currency': '', 'period': '', 'summary': ''}",,,,Unknown,"Charlottesville, Virginia",Charlottesville,Virginia,,5241,,Registered Nurses,,,,,
402383,2026-06-05,,,https://careers-acadiahealthcare.icims.com/jobs/99304/registered-nurse-%28rn%29---sign-on-bonus/job?in_iframe=1,Registered Nurse (RN) - Sign On Bonus,Registered Nurses,Registered Nurse - Sign On Bonus,0,Acadiahealthcare,False,Full Time,,,False,Doctoral or professional degree,Doctoral or professional degree,"{'min': '', 'max': '', 'currency': '', 'period': '', 'summary': ''}",,,,Unknown,"St. Charles, Missouri",St. Charles,Missouri,,5241,,Registered Nurses,"[""Behavioral Health""]","[""Behavioral Health""]",[],[],[]
746673,2026-07-14,,,https://job-boards.greenhouse.io/savoylife/jobs/5083233007,Registered Nurse - Senior Living,Registered Nurses,Registered Nurse - Senior Living,0,Savoy Life,False,Full Time,,,False,Doctoral or professional degree,Doctoral or professional degree,"USD 85,000 - 95,000 Yearly",85000.0,95000.0,annual,Unknown,"Moscow, Idaho",Moscow,Idaho,,5241,,Registered Nurses,,,,,
746674,2026-07-14,,,https://job-boards.greenhouse.io/savoylife/jobs/5083231007,Registered Nurse - Senior Living,Registered Nurses,Registered Nurse - Senior Living,0,Savoy Life,False,Full Time,,,False,Doctoral or professional degree,Doctoral or professional degree,"USD 85,000 - 95,000 Yearly",85000.0,95000.0,annual,Unknown,"Pullman, Washington",Pullman,Washington,,5241,,Registered Nurses,,,,,
746675,2026-07-14,,,https://job-boards.greenhouse.io/savoylife/jobs/5082959007,Registered Nurse - Senior Living,Registered Nurses,Registered Nurse - Senior Living,0,Savoy Life,False,Full Time,,,False,Doctoral or professional degree,Doctoral or professional degree,"USD 85,000 - 95,000 Yearly",85000.0,95000.0,annual,Unknown,"Lewiston, Idaho",Lewiston,Idaho,,5241,,Registered Nurses,,,,,
387627,2026-06-09,,,https://ertr.fa.us2.oraclecloud.com/?keyword=&mode=jobs&lang=en&site_number=CX_1#113233,Registered Nurse / Emergency Department,Registered Nurses,Registered Nurse / Emergency Department,0,Ertr.fa.us2.oraclecloud.com,False,,,,False,Doctoral or professional degree,Doctoral or professional degree,"{'min': '', 'max': '', 'currency': '', 'period': '', 'summary': ''}",,,,Unknown,"Oklahoma City, Oklahoma",Oklahoma City,Oklahoma,,5241,,Registered Nurses,,,,,
297592,2026-06-22,,,https://ertr.fa.us2.oraclecloud.com/?keyword=&mode=jobs&lang=en&site_number=CX_1#114322,Registered Nurse / ICU,Registered Nurses,Registered Nurse / ICU,0,Ertr.fa.us2.oraclecloud.com,False,,,,False,Associate's degree,Associate's degree,"{'min': '', 'max': '', 'currency': '', 'period': '', 'summary': ''}",,,,Unknown,"Oklahoma City, Oklahoma",Oklahoma City,Oklahoma,,5241,,Registered Nurses,,,,,
333382,2026-06-17,,,https://ertr.fa.us2.oraclecloud.com/?keyword=&mode=jobs&lang=en&site_number=CX_1#114540,Registered Nurse / Med Surg,Registered Nurses,Registered Nurse / Med Surg,0,Ertr.fa.us2.oraclecloud.com,False,,,,False,Associate's degree,Associate's degree,"{'min': '', 'max': '', 'currency': '', 'period': '', 'summary': ''}",,,,Unknown,Oklahoma,,Oklahoma,,5241,,Registered Nurses,,,,,
342612,2026-06-16,,,https://ertr.fa.us2.oraclecloud.com/?keyword=&mode=jobs&lang=en&site_number=CX_1#112575,Registered Nurse / Med Surg Oncology,Registered Nurses,Registered Nurse / Med Surg Oncology,0,Ertr.fa.us2.oraclecloud.com,False,Full Time,,,False,Associate's degree,Associate's degree,"{'min': '', 'max': '', 'currency': '', 'period': '', 'summary': ''}",,,,Unknown,Oklahoma,,Oklahoma,,5241,,Registered Nurses,,,,,
313624,2026-06-19,,,https://erqh.fa.us2.oraclecloud.com/?keyword=&mode=jobs&lang=en&site_number=CX_1#29061,"Registered Nurse, , Days 7a-5p, Endovascular/ Interventional Radiology, Operating Room, Atlantic Health Morristown Medical Center",Registered Nurses,"Registered Nurse, , Days 7a-5p, Endovascular/ Interventional Radiology, Operating Room, Atlantic Health Morristown Medical Center",0,Erqh.fa.us2.oraclecloud.com,False,Full Time,,,False,Doctoral or professional degree,Doctoral or professional degree,"{'min': '', 'max': '', 'currency': '', 'period': '', 'summary': ''}",,,,Unknown,"Morristown, New Jersey",Morristown,New Jersey,,5241,,Registered Nurses,,,,,
373436,2026-06-11,,,https://erqh.fa.us2.oraclecloud.com/?keyword=&mode=jobs&lang=en&site_number=CX_1#26223,"Registered Nurse, 24-hour, Nights 7p -7a, ED, Atlantic Health Morristown Medical Center",Registered Nurses,"Registered Nurse, 24-hour, Nights 7p -7a, ED, Atlantic Health Morristown Medical Center",0,Erqh.fa.us2.oraclecloud.com,False,Part Time,,,False,Doctoral or professional degree,Doctoral or professional degree,"{'min': '', 'max': '', 'currency': '', 'period': '', 'summary': ''}",,,,Unknown,"Morristown, New Jersey",Morristown,New Jersey,,5241,,Registered Nurses,,,,,
246511,2026-06-25,,,https://jobs.smartrecruiters.com/VuoriInc/744000134335189-retail-sales-associate-full-time?oga=true,Retail Sales Associate - Full- Time,Retail Salespersons,Retail Sales Associate - Full- Time,0,Vuoriinc,False,Full Time,,,False,Associate's degree,Associate's degree,"{'min': '', 'max': '', 'currency': '', 'period': '', 'summary': ''}",,,,Unknown,"Wrentham, Massachusetts",Wrentham,Massachusetts,,5241,,Retail Salespersons,"[""Accountability""]",[],"[""Accountability""]",[],[]
89744,2026-06-05,,,https://jobs.smartrecruiters.com/North40Outfitters/744000130566978-retail-sales-associate-yard-east-location-,Retail Sales Associate - Yard (East Location),Retail Salespersons,Retail Sales Associate - Yard,0,"North 40 Outfitters - Csww, Inc.",False,Full Time,,,False,Postsecondary nondegree award,Associate's degree,,,,,Unknown,"Great Falls, Montana, United States",Montana,United States,,5241,,Retail Salespersons,,,,,
89768,2026-06-05,,,https://jobs.smartrecruiters.com/North40Outfitters/744000130564014-retail-sales-associate-yard-west-location-,Retail Sales Associate - Yard (West Location),Retail Salespersons,Retail Sales Associate - Yard,0,"North 40 Outfitters - Csww, Inc.",False,Full Time,,,False,Postsecondary nondegree award,Associate's degree,USD 17.13 per HOUR,17.13,17.13,hourly,Unknown,"Spokane, Washington, United States",Washington,United States,,5241,,Retail Salespersons,,,,,
327039,2026-06-17,,,https://ats.rippling.com/aigent-energy/jobs/d9fb67b0-8097-4cfd-b456-496994a57dee,Revenue Operations Manager,Revenue Operations Manager,Revenue Operations Manager,0,Aigent-Energy,False,"Full Time, Contract",,,False,Associate's degree,Associate's degree,"{'min': '', 'max': '', 'currency': '', 'period': '', 'summary': ''}",,,,Remote,Remote (),,Remote (),,5241,,Models,"[""Automation"", ""Calculators""]","[""Automation""]","[""Calculators""]",[],[]
309628,2026-06-19,,,https://careers-heart.icims.com/jobs/17739/executive-director/job?in_iframe=1,Executive Director,Riggers,Executive Director,0,Heart,False,,,,False,Associate's degree,Bachelor's degree,"{'min': '', 'max': '', 'currency': '', 'period': '', 'summary': ''}",,,,Hybrid,"Newark, Delaware",Newark,Delaware,,5241,,Riggers,"[""Cardiovascular Disease"", ""Career Development""]","[""Cardiovascular Disease"", ""Career Development""]",[],[],[]
308797,2026-06-19,,,https://careers-heart.icims.com/jobs/17745/executive-director/job?in_iframe=1,Executive Director,Riggers,Executive Director,0,Heart,False,,,,False,Associate's degree,Bachelor's degree,"{'min': '', 'max': '', 'currency': '', 'period': '', 'summary': ''}",,,,Hybrid,"Manchester, New Hampshire",Manchester,New Hampshire,,5241,,Riggers,"[""Cardiovascular Disease"", ""Career Development""]","[""Cardiovascular Disease"", ""Career Development""]",[],[],[]
398453,2026-06-08,,,https://apply.workable.com/j/FB20F42239/apply,Licensed Marriage and Family Therapist (LMFT),Riggers,Licensed Marriage and Family Therapist,0,Gotham-Enterprises,False,Full Time,,,False,Master's degree,Master's degree,"{'min': '', 'max': '', 'currency': '', 'period': '', 'summary': ''}",,,,Remote,"Norfolk, Virginia",Norfolk,Virginia,,5241,,Riggers,"[""Behavioral Health""]","[""Behavioral Health""]",[],[],[]
426175,2026-06-01,,,https://pubmatic.com/job/?gh_jid=5237691008,Senior Website Manager,Riggers,Senior Website Manager,0,Pubmatic,False,,,,False,Associate's degree,Associate's degree,"{'min': '', 'max': '', 'currency': '', 'period': '', 'summary': ''}",,,,On-site,"New York, New York",New York,New York,"New York-Newark-Jersey City, NY-NJ",5241,,Riggers,"[""Accountability"", ""Analytics"", ""Automation""]","[""Analytics"", ""Automation""]","[""Accountability""]",[],[]
426173,2026-06-01,,,https://ats.rippling.com/silo/jobs/040b41a4-f0b3-45e5-bec9-a8a10252f6d8,Sales Department Lead,Sales Department Lead,Sales Department Lead,0,Silo,False,"Full Time, Temporary",,,False,Associate's degree,Associate's degree,"{'min': '', 'max': '', 'currency': '', 'period': '', 'summary': ''}",,,,Remote,Remote (),,Remote (),,5241,,Models,"[""Accounting"", ""Agriculture"", ""Brand Strategy"", ""Calculators""]","[""Accounting"", ""Agriculture"", ""Brand Strategy""]","[""Calculators""]",[],[]
375829,2026-06-11,,,https://apply.workable.com/j/B7B7503C07/apply,"Account Executive (Mid-Market, North America)",Sales Engineers,Account Executive,0,Rydoo,False,Full Time,,,False,Associate's degree,Associate's degree,"{'min': '', 'max': '', 'currency': '', 'period': '', 'summary': ''}",,,,Hybrid,"Atlanta, Georgia",Atlanta,Georgia,,5241,,Sales Engineers,"[""Accountability"", ""Accounting"", ""Accounts Payable"", ""Automation"", ""Business Case"", ""Business Development""]","[""Accounting"", ""Accounts Payable"", ""Automation"", ""Business Case"", ""Business Development""]","[""Accountability""]",[],[]
307169,2026-06-20,,,https://www.welcometothejungle.com/en/companies/JNGHL1/jobs/avp-partner-sales_chicago_kuz4bbbr,"AVP, Partner Sales",Sales Managers,"AVP, Partner Sales",0,Braze,False,Full Time,,,False,Associate's degree,Associate's degree,"{'min': '', 'max': '', 'currency': '', 'period': 'YEAR', 'summary': ''}",,,annual,Unknown,Chicago,,Chicago,,5241,,Sales Managers,,,,,
307155,2026-06-20,,,https://www.welcometothejungle.com/en/companies/JNGHL1/jobs/avp-partner-sales_austin_tpnp6mjo,"AVP, Partner Sales",Sales Managers,"AVP, Partner Sales",0,Braze,False,Full Time,,,False,Associate's degree,Associate's degree,"{'min': '', 'max': '', 'currency': '', 'period': 'YEAR', 'summary': ''}",,,annual,Unknown,Austin,,Austin,,5241,,Sales Managers,,,,,
307149,2026-06-20,,,https://www.welcometothejungle.com/en/companies/JNGHL1/jobs/avp-partner-sales_new-york_pfnvfk5j,"AVP, Partner Sales",Sales Managers,"AVP, Partner Sales",0,Braze,False,Full Time,,,False,Associate's degree,Associate's degree,"{'min': '', 'max': '', 'currency': '', 'period': 'YEAR', 'summary': ''}",,,annual,Unknown,"New York, New York",New York,New York,"New York-Newark-Jersey City, NY-NJ",5241,,Sales Managers,,,,,
263748,2026-06-24,,,https://job-boards.greenhouse.io/smartasset/jobs/8606529002,Account Executive,Sales Managers,Account Executive,0,Smartasset,False,,,,False,Associate's degree,Associate's degree,"{'min': '', 'max': '', 'currency': '', 'period': '', 'summary': ''}",,,,Remote,"Remote, Contiguous",Remote,Contiguous,,5241,,Sales Managers,"[""Calculators""]",[],"[""Calculators""]",[],[]
233313,2026-06-26,,,https://jobs.ashbyhq.com/xenon/d82ebb07-e630-42ab-b8a5-cf6bfd35a7f0/application,"Director, Commercial Learning & Field Enablement",Sales Managers,"Director, Commercial Learning & Field Enablement",0,Xenon,False,Full Time,,,False,Postsecondary nondegree award,Bachelor's degree,"USD 224,452 - 245,500 Yearly",224452.0,245500.0,annual,Remote,United States,,,,5241,,Sales Managers,"[""Acting"", ""Adult Learning Principles"", ""Balance Sheet"", ""Biology"", ""Brand Strategy"", ""Business Priorities"", ""Capability Assessment""]","[""Acting"", ""Adult Learning Principles"", ""Balance Sheet"", ""Biology"", ""Brand Strategy"", ""Business Priorities"", ""Capability Assessment""]",[],[],[]
101613,2026-06-05,,,https://fa-etjg-saasfaprod1.fa.ocs.oraclecloud.com/hcmUI/CandidateExperience/en/sites/Maggianos/job/4226,General Manager - Maggiano's-Scottsdale,Sales Managers,General Manager - Maggiano's-Scottsdale,0,Maggiano's Little Italy,False,Full Time,,,False,Associate's degree,Associate's degree,,,,,Unknown,"Scottsdale, Arizona, United States",Arizona,United States,,5241,,Sales Managers,,,,,
263302,2026-06-24,,,https://join.com/companies/globalaviation/jobs/16355912-inside-sales-position-commercial-aviation-north-america,Inside Sales Position - Commercial Aviation (North America),Sales Managers,Inside Sales Position - Commercial Aviation,0,Globalaviation,False,Full Time,,,False,Bachelor's degree,Bachelor's degree,"USD 50,000 - 70,000 Yearly",50000.0,70000.0,annual,Unknown,Norcross,,Norcross,,5241,,Sales Managers,"[""Account Management"", ""Automation"", ""Aviation""]","[""Account Management"", ""Automation"", ""Aviation""]",[],[],[]
84906,2026-06-05,,,https://recruiting.paylocity.com/Recruiting/Jobs/Details/4231207,"Outside Fuel Sales Representative - Alexandria, VA",Sales Managers,"Outside Fuel Sales Representative - Alexandria, VA",0,Great Lakes Petroleum,False,Full Time,,,False,Associate's degree,Associate's degree,,,,,Unknown,"Chesapeake, Virginia, United States",Virginia,United States,,5241,,Sales Managers,,,,,
84870,2026-06-05,,,https://recruiting.paylocity.com/Recruiting/Jobs/Details/4231254,"Outside Fuel Sales Representative - Chesapeake, VA",Sales Managers,"Outside Fuel Sales Representative - Chesapeake, VA",0,Great Lakes Petroleum,False,Full Time,,,False,Associate's degree,Associate's degree,,,,,Unknown,"Chesapeake, Virginia, United States",Virginia,United States,,5241,,Sales Managers,,,,,
84911,2026-06-05,,,https://recruiting.paylocity.com/Recruiting/Jobs/Details/4231202,"Outside Fuel Sales Representative - Hampton, VA",Sales Managers,"Outside Fuel Sales Representative - Hampton, VA",0,Great Lakes Petroleum,False,Full Time,,,False,Associate's degree,Associate's degree,,,,,Unknown,"Hampton, Virginia, United States",Virginia,United States,,5241,,Sales Managers,,,,,
84886,2026-06-05,,,https://recruiting.paylocity.com/Recruiting/Jobs/Details/4231237,"Outside Fuel Sales Representative - Manassas, VA",Sales Managers,"Outside Fuel Sales Representative - Manassas, VA",0,Great Lakes Petroleum,False,Full Time,,,False,Associate's degree,Associate's degree,,,,,Unknown,"Manassas, Virginia, United States",Virginia,United States,,5241,,Sales Managers,,,,,
84873,2026-06-05,,,https://recruiting.paylocity.com/Recruiting/Jobs/Details/4231251,"Outside Fuel Sales Representative - Newport News, VA",Sales Managers,"Outside Fuel Sales Representative - Newport News, VA",0,Great Lakes Petroleum,False,Full Time,,,False,Associate's degree,Associate's degree,,,,,Unknown,"Newport News, Virginia, United States",Virginia,United States,,5241,,Sales Managers,,,,,
84882,2026-06-05,,,https://recruiting.paylocity.com/Recruiting/Jobs/Details/4231241,"Outside Fuel Sales Representative - Norfolk, VA",Sales Managers,"Outside Fuel Sales Representative - Norfolk, VA",0,Great Lakes Petroleum,False,Full Time,,,False,Associate's degree,Associate's degree,,,,,Unknown,"Norfolk, Virginia, United States",Virginia,United States,,5241,,Sales Managers,,,,,
84900,2026-06-05,,,https://recruiting.paylocity.com/Recruiting/Jobs/Details/4231221,"Outside Fuel Sales Representative - Springfield, VA",Sales Managers,"Outside Fuel Sales Representative - Springfield, VA",0,Great Lakes Petroleum,False,Full Time,,,False,Associate's degree,Associate's degree,,,,,Unknown,"Springfield, Virginia, United States",Virginia,United States,,5241,,Sales Managers,,,,,
84866,2026-06-05,,,https://recruiting.paylocity.com/Recruiting/Jobs/Details/4231260,"Outside Fuel Sales Representative - Stafford, VA",Sales Managers,"Outside Fuel Sales Representative - Stafford, VA",0,Great Lakes Petroleum,False,Full Time,,,False,Associate's degree,Associate's degree,,,,,Unknown,"Stafford, Virginia, United States",Virginia,United States,,5241,,Sales Managers,,,,,
84877,2026-06-05,,,https://recruiting.paylocity.com/Recruiting/Jobs/Details/4231248,"Outside Fuel Sales Representative - Williamsburg, VA",Sales Managers,"Outside Fuel Sales Representative - Williamsburg, VA",0,Great Lakes Petroleum,False,Full Time,,,False,Associate's degree,Associate's degree,,,,,Unknown,"Williamsburg, Virginia, United States",Virginia,United States,,5241,,Sales Managers,,,,,
84893,2026-06-05,,,https://recruiting.paylocity.com/Recruiting/Jobs/Details/4231229,"Outside Fuel Sales Representative - Woodbridge, VA",Sales Managers,"Outside Fuel Sales Representative - Woodbridge, VA",0,Great Lakes Petroleum,False,Full Time,,,False,Associate's degree,Associate's degree,,,,,Unknown,"Woodbridge, Virginia, United States",Virginia,United States,,5241,,Sales Managers,,,,,
96920,2026-06-05,,,https://recruiting.ultipro.com/XLP1000XLP/JobBoard/4aa11a05-51ea-4356-bd20-c68044d8149d/OpportunityDetail?opportunityId=102f7dbc-bb21-4ba4-bace-b66b994b95c1,Territory Sales Manager,Sales Managers,Territory Sales Manager,0,The Parts House,True,Full Time,,,False,High school diploma or equivalent,Associate's degree,,,,,On-site,"Dallas, Texas, United States",Texas,United States,,5241,,Sales Managers,,,,,
400918,2026-06-05,,,https://www.compass.com/careers?gh_jid=7979741,Account Executive,"Sales Representatives of Services, Except Advertising, Insurance, Financial Services, and Travel",Account Executive,0,Urbancompass,False,,,,False,Associate's degree,Master's degree,"{'min': '', 'max': '', 'currency': '', 'period': '', 'summary': ''}",,,,On-site,"Arlington, Virginia",Arlington,Virginia,,5241,,"Sales Representatives of Services, Except Advertising, Insurance, Financial Services, and Travel","[""Banking"", ""Brokerage""]","[""Banking"", ""Brokerage""]",[],[],[]
92010,2026-06-05,,,https://www.compass.com/careers?gh_jid=7980172,Account Executive,"Sales Representatives of Services, Except Advertising, Insurance, Financial Services, and Travel",Account Executive,0,Compass,False,Full Time,,,False,Associate's degree,Bachelor's degree,USD 100000 - 110000 per YEAR,100000.0,110000.0,annual,On-site,"Alexandria, Virginia, United States",Virginia,United States,,5241,,"Sales Representatives of Services, Except Advertising, Insurance, Financial Services, and Travel","[""Banking"", ""Brokerage""]","[""Banking"", ""Brokerage""]",[],[],[]
387146,2026-06-09,,,https://www.welcometothejungle.com/en/companies/79AcSG/jobs/account-executive_new-york_bi274kcb,Account Executive,"Sales Representatives of Services, Except Advertising, Insurance, Financial Services, and Travel",Account Executive,0,Sona,False,Full Time,,,False,Associate's degree,Associate's degree,"USD 130,000 - 150,000 Yearly",130000.0,150000.0,annual,Unknown,"New York, New York",New York,New York,"New York-Newark-Jersey City, NY-NJ",5241,,"Sales Representatives of Services, Except Advertising, Insurance, Financial Services, and Travel",,,,,
359919,2026-06-13,,,https://www.welcometothejungle.com/en/companies/3Ewc7n/jobs/account-executive_fr_otvpqgmb,"Account Executive (Lower Mid-Market, East & West)","Sales Representatives of Services, Except Advertising, Insurance, Financial Services, and Travel",Account Executive,0,Function,False,Full Time,,,False,Associate's degree,Associate's degree,"{'min': '', 'max': '', 'currency': '', 'period': 'YEAR', 'summary': ''}",,,annual,Unknown,United States,,,,5241,,"Sales Representatives of Services, Except Advertising, Insurance, Financial Services, and Travel",,,,,
392283,2026-06-08,,,https://careers-salemsurround.icims.com/jobs/3780/account-executive-sales/job?in_iframe=1,Account Executive Sales,"Sales Representatives of Services, Except Advertising, Insurance, Financial Services, and Travel",Account Executive Sales,0,Salemsurround,False,Full Time,,,False,Associate's degree,Associate's degree,"{'min': '', 'max': '', 'currency': '', 'period': '', 'summary': ''}",,,,Unknown,"Arlington, Virginia",Arlington,Virginia,,5241,,"Sales Representatives of Services, Except Advertising, Insurance, Financial Services, and Travel","[""Business Acumen"", ""Business Problems""]","[""Business Problems""]","[""Business Acumen""]",[],[]
349382,2026-06-15,,,https://www.compass.com/careers?gh_jid=7998005,Enterprise Account Executive,"Sales Representatives of Services, Except Advertising, Insurance, Financial Services, and Travel",Enterprise Account Executive,0,Urbancompass,False,,,,False,Associate's degree,Bachelor's degree,"{'min': '', 'max': '', 'currency': '', 'period': '', 'summary': ''}",,,,On-site,"Orlando, Florida",Orlando,Florida,,5241,,"Sales Representatives of Services, Except Advertising, Insurance, Financial Services, and Travel","[""Banking"", ""Brokerage""]","[""Banking"", ""Brokerage""]",[],[],[]
264968,2026-06-24,,,https://www.welcometothejungle.com/en/companies/9jvT8A/jobs/enterprise-account-executive-usa_san-francisco_NABOO_L56MRZQ,Enterprise Account Executive,"Sales Representatives of Services, Except Advertising, Insurance, Financial Services, and Travel",Enterprise Account Executive,0,Naboo,False,Full Time,,,False,Associate's degree,Associate's degree,"{'min': '', 'max': '', 'currency': 'EUR', 'period': 'YEAR', 'summary': ''}",,,annual,Unknown,"San Francisco, California",San Francisco,California,,5241,,"Sales Representatives of Services, Except Advertising, Insurance, Financial Services, and Travel","[""Accountability""]",[],"[""Accountability""]",[],[]
77941,2026-06-04,,,https://jobs.workable.com/view/9R1jDQBkMWfiNi2ERUsPNM/hybrid-funeral-sales-representative---benton-county-memorial-park-funeral-home-in-rogers-at-precoa,Funeral Sales Representative - Benton County Memorial Park Funeral Home,"Sales Representatives of Services, Except Advertising, Insurance, Financial Services, and Travel",Funeral Sales Representative - Benton County Memorial Park Funeral Home,0,Precoa,False,Full Time,,,False,Associate's degree,Associate's degree,USD 45000 - 65000 per YEAR,45000.0,65000.0,annual,Unknown,"Rogers, Arkansas, United States",Arkansas,United States,,5241,,"Sales Representatives of Services, Except Advertising, Insurance, Financial Services, and Travel",,,,,
351431,2026-06-15,,,https://www.welcometothejungle.com/en/companies/hXg6bI/jobs/inside-sales-representative-southeast_fort-lauderdale_nomas6ph,Inside Sales Representative (Southeast),"Sales Representatives of Services, Except Advertising, Insurance, Financial Services, and Travel",Inside Sales Representative,0,Jitterbit,False,Full Time,,,False,Associate's degree,Bachelor's degree,"USD 78,000 - 108,000 Yearly",78000.0,108000.0,annual,Remote,"Fort, Lauderdale",Fort,Lauderdale,,5241,,"Sales Representatives of Services, Except Advertising, Insurance, Financial Services, and Travel",,,,,
351432,2026-06-15,,,https://www.welcometothejungle.com/en/companies/hXg6bI/jobs/inside-sales-representative-tola_austin_k2ndzhfq,Inside Sales Representative (TOLA),"Sales Representatives of Services, Except Advertising, Insurance, Financial Services, and Travel",Inside Sales Representative,0,Jitterbit,False,Full Time,,,False,Associate's degree,Bachelor's degree,"USD 78,000 - 108,000 Yearly",78000.0,108000.0,annual,Remote,Austin,,Austin,,5241,,"Sales Representatives of Services, Except Advertising, Insurance, Financial Services, and Travel",,,,,
421033,2026-06-02,,,https://careers-brightspring.icims.com/jobs/190868/medicare-sales-representative/job?in_iframe=1,Medicare Sales Representative,"Sales Representatives of Services, Except Advertising, Insurance, Financial Services, and Travel",Medicare Sales Representative,0,Brightspring,False,Full Time,,,False,High school diploma or equivalent,High school diploma or equivalent,"{'min': '', 'max': '', 'currency': '', 'period': '', 'summary': ''}",,,,Remote,"Chattanooga | Ky Lexington | Ky London, Tennessee",Chattanooga | Ky Lexington | Ky London,Tennessee,,5241,,"Sales Representatives of Services, Except Advertising, Insurance, Financial Services, and Travel","[""Account Management""]","[""Account Management""]",[],[],[]
406981,2026-06-04,,,https://careers-salemsurround.icims.com/jobs/3778/national-account-executive---sales/job?in_iframe=1,National Account Executive - Sales,"Sales Representatives of Services, Except Advertising, Insurance, Financial Services, and Travel",National Account Executive - Sales,0,Salemsurround,False,Full Time,,,False,Associate's degree,Associate's degree,"{'min': '', 'max': '', 'currency': '', 'period': '', 'summary': ''}",,,,Remote,"Austin, Texas",Austin,Texas,,5241,,"Sales Representatives of Services, Except Advertising, Insurance, Financial Services, and Travel","[""Accountability""]",[],"[""Accountability""]",[],[]
200923,2026-06-04,,,https://ragancommunications.applytojob.com/apply/UNpOHzZawO/New-Business-Account-Executive,New Business Account Executive,"Sales Representatives of Services, Except Advertising, Insurance, Financial Services, and Travel",New Business Account Executive,0,Ragan Communications,False,Full Time,,,False,Bachelor's degree,Bachelor's degree,$200k - $80M per year,80.0,200000.0,annual,Remote,"New York City, NY, United States",NY,United States,,5241,,"Sales Representatives of Services, Except Advertising, Insurance, Financial Services, and Travel","[""Account Management""]","[""Account Management""]",[],[],[]
406393,2026-06-04,,,https://www.welcometothejungle.com/en/companies/G3lK64y/jobs/senior-account-executive_chicago,Senior Account Executive,"Sales Representatives of Services, Except Advertising, Insurance, Financial Services, and Travel",Senior Account Executive,0,Equativ,False,Full Time,,,False,Associate's degree,Associate's degree,"{'min': '', 'max': '', 'currency': '', 'period': 'YEAR', 'summary': ''}",,,annual,Unknown,"Chicago, Illinois",Chicago,Illinois,,5241,,"Sales Representatives of Services, Except Advertising, Insurance, Financial Services, and Travel","[""Business Objectives""]",[],"[""Business Objectives""]",[],[]
349380,2026-06-15,,,https://www.compass.com/careers?gh_jid=7998006,Sr. Account Executive,"Sales Representatives of Services, Except Advertising, Insurance, Financial Services, and Travel",Sr. Account Executive,0,Urbancompass,False,,,,False,Associate's degree,Bachelor's degree,"{'min': '', 'max': '', 'currency': '', 'period': '', 'summary': ''}",,,,On-site,"Orlando, Florida",Orlando,Florida,,5241,,"Sales Representatives of Services, Except Advertising, Insurance, Financial Services, and Travel","[""Banking"", ""Brokerage""]","[""Banking"", ""Brokerage""]",[],[],[]
142051,2026-06-05,,,https://recruiting2.ultipro.com/HIL1010HIDC/JobBoard/1a3d78bc-882c-4b06-b0d8-b88568cac5d3/OpportunityDetail?opportunityId=9a63a494-ffc9-486c-99ab-5d662602c020,Administrative Assistant,"Secretaries and Administrative Assistants, Except Legal, Medical, and Executive",Administrative Assistant,0,Hillwood,False,Full Time,,,False,Associate's degree,Master's degree,,,,,Unknown,"Dallas, Texas, United States",Texas,United States,,5241,,"Secretaries and Administrative Assistants, Except Legal, Medical, and Executive","[""Aviation""]","[""Aviation""]",[],[],[]
234039,2026-06-26,,,https://careers-ccsww.icims.com/jobs/8166/administrative-assistant-ii/job?in_iframe=1,Administrative Assistant II,"Secretaries and Administrative Assistants, Except Legal, Medical, and Executive",Administrative Assistant II,0,Ccsww,False,,,,False,High school diploma or equivalent,High school diploma or equivalent,"{'min': '', 'max': '', 'currency': '', 'period': '', 'summary': ''}",,,,Unknown,"Bremerton, Washington",Bremerton,Washington,,5241,,"Secretaries and Administrative Assistants, Except Legal, Medical, and Executive",,,,,
304886,2026-06-21,,,https://www.welcometothejungle.com/en/companies/c9U8NH/jobs/senior-administrative-assistant_austin_xvbdfoko,Senior Administrative Assistant,"Secretaries and Administrative Assistants, Except Legal, Medical, and Executive",Senior Administrative Assistant,0,CesiumAstro,False,Full Time,,,False,Associate's degree,Bachelor's degree,"{'min': '', 'max': '', 'currency': '', 'period': 'YEAR', 'summary': ''}",,,annual,Unknown,Austin,,Austin,,5241,,"Secretaries and Administrative Assistants, Except Legal, Medical, and Executive",,,,,
293035,2026-06-22,,,https://jobs.ashbyhq.com/tremendous/9d5857e2-704a-4bf5-b134-e4ae2839178f/application,Senior Data Analyst,Senior Data Analyst,Senior Data Analyst,1,Tremendous,False,Full Time,,,False,Associate's degree,Associate's degree,"USD 175,000 - 225,000 Yearly",175000.0,225000.0,annual,Remote,United States,,,,5241,,Models,"[""Analytics"", ""Business Intelligence""]","[""Analytics"", ""Business Intelligence""]",[],[],[]
214210,2026-06-04,,,https://salesforce.wd12.myworkdayjobs.com/en-US/External_Career_Site/job/California---San-Francisco/Senior-Director--Product-Management---Enterprise-Data---Knowledge-Platforms_JR342202,Senior Director of Product Management (Enterprise Data & Knowledge Platforms),Senior Director of Product Management,Senior Director of Product Management,0,Salesforce,False,Full Time,,,False,Associate's degree,Master's degree,$218.4k - $401.4k per year,218400.0,401400.0,annual,Remote,"California - San Francisco, United States of America {{REMOTE}}",,,,5241,,Models,"[""Accountability"", ""Automation""]","[""Automation""]","[""Accountability""]",[],[]
412748,2026-06-03,,,https://jobs.ashbyhq.com/deepgram/072271ea-2006-47af-8c4f-e8f9e54daa11/application,"Senior Director, Accounting","Senior Director, Accounting","Senior Director, Accounting",0,Deepgram,False,Full Time,,,False,Associate's degree,Associate's degree,"USD 175,000 - 219,000 Yearly",175000.0,219000.0,annual,Remote,"|, Remote",|,Remote,,5241,,Models,"[""Accounting"", ""Accounting Systems"", ""Balance Sheet""]","[""Accounting"", ""Accounting Systems"", ""Balance Sheet""]",[],[],[]
282827,2026-06-23,,,https://jobs.lever.co/jobgether/4a454070-c743-4d54-9c8a-fa648e9f7821/apply,"Senior Director, Client Strategy & Integrated Marketing","Senior Director, Client Strategy & Integrated Marketing","Senior Director, Client Strategy & Integrated Marketing",0,Jobgether,False,Full Time,,,False,Associate's degree,Associate's degree,"{'min': '', 'max': '', 'currency': '', 'period': '', 'summary': ''}",,,,Hybrid,US,,,,5241,,Models,"[""Account Growth"", ""Analytics"", ""Automation"", ""Budgeting"", ""Business Objectives""]","[""Account Growth"", ""Analytics"", ""Automation""]","[""Budgeting"", ""Business Objectives""]",[],[]
99441,2026-06-05,,,https://recruiting.ultipro.com/MVB1000MVBB/JobBoard/a8eb1ed7-abf0-43da-9691-cac953d44b43/OpportunityDetail?opportunityId=ea8e141b-87ca-4960-a874-3d6e629c55c5,"Senior Director, Due Diligence and Onboarding","Senior Director, Due Diligence and Onboarding","Senior Director, Due Diligence and Onboarding",0,MVB Bank,False,"Full Time, Part Time",,,False,Postsecondary nondegree award,Bachelor's degree,,,,,Remote,United States,,,,5241,,Models,"[""Accountability"", ""Automation"", ""Bank Secrecy"", ""Bank Secrecy Act"", ""Banking"", ""Beneficial Ownership"", ""Business Administration"", ""Cannabis"", ""Capability Assessment"", ""Capacity Planning"", ""Career Development"", ""Certified Anti-Money Laundering Specialist""]","[""Automation"", ""Bank Secrecy"", ""Bank Secrecy Act"", ""Banking"", ""Beneficial Ownership"", ""Cannabis"", ""Capability Assessment"", ""Capacity Planning"", ""Career Development""]","[""Accountability"", ""Business Administration""]",[],"[""Certified Anti-Money Laundering Specialist""]"
413106,2026-06-03,,,https://sproutsocial.com/careers/open-positions/7979727/?gh_jid=7979727,"Senior Finance Manager, Corporate and G&A","Senior Finance Manager, Corporate and G&A","Senior Finance Manager, Corporate and G&A",0,Sproutsocial,False,Contract,,,False,Associate's degree,Associate's degree,"{'min': '', 'max': '', 'currency': '', 'period': '', 'summary': ''}",,,,Remote,Remote,,Remote,,5241,,Models,"[""Accountability"", ""Accounting"", ""Acting"", ""Anaplan"", ""Automation"", ""Business Partnering""]","[""Accounting"", ""Acting"", ""Anaplan"", ""Automation"", ""Business Partnering""]","[""Accountability""]",[],[]
357033,2026-06-15,,,https://apply.workable.com/j/F0831139C7/apply,Senior Financial Analyst,Senior Financial Analyst,Senior Financial Analyst,0,Medical-Guardian,False,Full Time,,,False,Associate's degree,Master's degree,"{'min': '', 'max': '', 'currency': '', 'period': '', 'summary': ''}",,,,Hybrid,"Philadelphia, Pennsylvania",Philadelphia,Pennsylvania,,5241,,Models,"[""Accounting"", ""Ad Hoc Analysis"", ""Business Acumen"", ""Business Administration"", ""Cash Flows""]","[""Accounting"", ""Ad Hoc Analysis"", ""Cash Flows""]","[""Business Acumen"", ""Business Administration""]",[],[]
455266,2026-05-13,,,https://account.amazon.jobs/jobs/10418884/apply,"Senior Financial Analyst, ASP Core Finance","Senior Financial Analyst, ASP Core Finance","Senior Financial Analyst, ASP Core Finance",0,Amazon,False,Full Time,,,False,High school diploma or equivalent,High school diploma or equivalent,"{'min': '', 'max': '', 'currency': '', 'period': '', 'summary': ''}",,,,Unknown,"Seattle, Washington",Seattle,Washington,,5241,,Models,"[""Amazon Web Services"", ""Business Decisions""]","[""Amazon Web Services"", ""Business Decisions""]",[],[],[]
282556,2026-06-23,,,https://jobs.lever.co/jobgether/5eb593cb-71ff-4f0b-941e-49edecb839be/apply,Senior Lead Commercial Strategy,Senior Lead Commercial Strategy,Senior Lead Commercial Strategy,0,Jobgether,False,Full Time,,,False,Associate's degree,Master's degree,"{'min': '', 'max': '', 'currency': '', 'period': '', 'summary': ''}",,,,Remote,US,,,,5241,,Models,"[""Analytical Skills"", ""Analytics"", ""Business Priorities""]","[""Analytics"", ""Business Priorities""]","[""Analytical Skills""]",[],[]
264095,2026-06-24,,,https://jobs.smartrecruiters.com/Equinox/744000134006279-senior-manager-strategic-initiatives?oga=true,"Senior Manager, Strategic Initiatives","Senior Manager, Strategic Initiatives","Senior Manager, Strategic Initiatives",0,Equinox,False,Full Time,,,False,Associate's degree,Master's degree,"{'min': '', 'max': '', 'currency': '', 'period': '', 'summary': ''}",,,,Hybrid,"New York, New York",New York,New York,"New York-Newark-Jersey City, NY-NJ",5241,,Models,"[""Accountability"", ""Analytics"", ""Asana"", ""Business Case"", ""Business Objectives"", ""Business Operations""]","[""Analytics"", ""Asana"", ""Business Case"", ""Business Operations""]","[""Accountability"", ""Business Objectives""]",[],[]
3234,2026-05-16,,,https://careers.snowflake.com/us/en/job/SNCOUSF8FB641734F1412FBABE1EBB54457042EXTERNALENUS5F82009A104D49E6AD0DB3924A3A1A48/Senior-Product-Design-Manager-Observe-by-Snowflake,Senior Product Design Manager (Observe by Snowflake),Senior Product Design Manager,Senior Product Design Manager,0,Snowflake,False,Full Time,,,False,Associate's degree,Associate's degree,$198k - $285.2k per year,198000.0,285200.0,annual,Remote,"Menlo Park, California, United States",California,United States,,5241,,Models,"[""AI Agents"", ""Apache Iceberg"", ""Career Development""]","[""AI Agents"", ""Apache Iceberg"", ""Career Development""]",[],[],[]
245556,2026-06-25,,,https://www.quinstreet.com/careers/?gh_jid=8029611,"Senior Sales Executive, Health, Medicare & Life","Senior Sales Executive, Health, Medicare & Life","Senior Sales Executive, Health, Medicare & Life",0,Quinstreet,False,Contract,,,False,Associate's degree,Associate's degree,"{'min': '', 'max': '', 'currency': '', 'period': '', 'summary': ''}",,,,Remote,United States,,,,5241,,Models,"[""Account Management"", ""Algorithms"", ""Business Acumen"", ""Business Development"", ""Casualty Insurance""]","[""Account Management"", ""Algorithms"", ""Business Development"", ""Casualty Insurance""]","[""Business Acumen""]",[],[]
263257,2026-06-24,,,https://jobs.ashbyhq.com/doppler/1d4d38d5-4501-4c76-91bc-538521020099/application,Account Executive (West Coast),Software Developers,Account Executive,0,Doppler,False,Contract,,,False,Associate's degree,Associate's degree,"USD 220,000 - 250,000 Yearly",220000.0,250000.0,annual,Remote,Remote,,Remote,,5241,,Software Developers,"[""Build Pipeline""]","[""Build Pipeline""]",[],[],[]
327311,2026-06-17,,,https://www.nexhealth.com/careers/open-positions?gh_jid=6030911004,Account Executive - API Platform,Software Developers,Account Executive - API Platform,0,Nexhealth,False,,,,False,Associate's degree,Associate's degree,"{'min': '', 'max': '', 'currency': '', 'period': '', 'summary': ''}",,,,Unknown,United States,,,,5241,,Software Developers,,,,,
399409,2026-06-06,,,https://www.welcometothejungle.com/en/companies/MB3Ahz/jobs/account-manager-merchant-accounts_madrid_5e7evzgl,Account Manager (Merchant Accounts),Software Developers,Account Manager,0,Wonder,False,Full Time,,,False,High school diploma or equivalent,Master's degree,"USD 64,000 - 100,000 Yearly",64000.0,100000.0,annual,Unknown,Chicago,,Chicago,,5241,,Software Developers,"[""Boosting""]","[""Boosting""]",[],[],[]
173931,2026-06-05,,,https://huron.wd1.myworkdayjobs.com/huroncareers/job/Chicago---550-Van-Buren/Azure-Engineer--Associate-_JR-0015455,Azure Engineer (Associate),Software Developers,Azure Engineer,0,Huron,True,Full Time,,,False,Associate's degree,Associate's degree,USD 100000 - 135000 per YEAR,100000.0,135000.0,annual,Remote,"Chicago, Illinois, United States",Illinois,United States,,5241,,Software Developers,"[""Accounting"", ""Analytics"", ""Automation"", ""Azure DevOps"", ""Azure Monitor"", ""Business Results""]","[""Accounting"", ""Analytics"", ""Automation"", ""Azure DevOps"", ""Azure Monitor"", ""Business Results""]",[],[],[]
363641,2026-06-12,,,https://www.welcometothejungle.com/en/companies/JBHAzj/jobs/backend-engineer_palo-alto_2klvnwwy,Backend Engineer (API),Software Developers,Backend Engineer,0,xAI,False,Full Time,,,False,Associate's degree,Associate's degree,"USD 180,000 - 440,000 Yearly",180000.0,440000.0,annual,Unknown,"Palo, Alto",Palo,Alto,,5241,,Software Developers,,,,,
387431,2026-06-09,,,https://seok.csod.com/ux/ats/careersite/1/job/319?c=seok,Benefits Specialist,Software Developers,Benefits Specialist,0,Seok,False,"Full Time, Contract",,,False,Associate's degree,Associate's degree,"{'min': '', 'max': '', 'currency': '', 'period': '', 'summary': ''}",,,,On-site,"Durant, Oklahoma",Durant,Oklahoma,,5241,,Software Developers,"[""Benefits Administration"", ""Billing""]","[""Benefits Administration"", ""Billing""]",[],[],[]
339202,2026-06-16,,,https://jobs.smartrecruiters.com/Evolution/744000132466168-card-inspector?oga=true,Card Inspector,Software Developers,Card Inspector,0,Evolution,False,Full Time,,,False,Associate's degree,Associate's degree,"{'min': '', 'max': '', 'currency': '', 'period': '', 'summary': ''}",,,,Unknown,"Atlantic City, New Jersey",Atlantic City,New Jersey,,5241,,Software Developers,,,,,
351406,2026-06-15,,,https://www.welcometothejungle.com/en/companies/DJEsO3/jobs/community-developer-lead_cupertino_u4slprho,Community Developer Lead,Software Developers,Community Developer Lead,0,Orkes,False,Full Time,,,False,Associate's degree,Associate's degree,"USD 120,000 - 150,000 Yearly",120000.0,150000.0,annual,Remote,Seattle,,Seattle,,5241,,Software Developers,"[""Blogs""]","[""Blogs""]",[],[],[]
339395,2026-06-16,,,https://job-boards.greenhouse.io/chainguard/jobs/4689095006,Customer Support Manager,Software Developers,Customer Support Manager,0,Chainguard,False,,,,False,Associate's degree,Associate's degree,"{'min': '', 'max': '', 'currency': '', 'period': '', 'summary': ''}",,,,Remote,Remote,,Remote,,5241,,Software Developers,"[""Accountability"", ""Accounting"", ""AI Agents"", ""Automation""]","[""Accounting"", ""AI Agents"", ""Automation""]","[""Accountability""]",[],[]
317124,2026-06-18,,,https://jobs.ashbyhq.com/mangomint/828e207a-205a-4077-b52f-aeb400f5a30c/application,Customer Support Specialist - Mountain Time (MT) / Pacific Time,Software Developers,Customer Support Specialist - Mountain Time / Pacific Time,0,Mangomint,False,Part Time,,,False,Associate's degree,Associate's degree,"USD 60,000 - 65,000 Yearly",60000.0,65000.0,annual,Remote,United States,,,,5241,,Software Developers,,,,,
46921,2026-06-02,,,https://recruiting2.ultipro.com/TRU1010TRUEC/JobBoard/d983bb7c-f257-4844-9493-9bc22d4265cd/OpportunityDetail?opportunityId=17a3095c-899e-4312-aa89-f5943ad505dc&postingId=66d65e83-0120-4b8c-91a6-7d98dc6f22b6,Director of Engineering,Software Developers,Director of Engineering,0,TrueCommerce,False,,,,False,Associate's degree,Associate's degree,,,,,Remote,United States,,,,5241,,Software Developers,"[""AutoGen"", ""Azure DevOps"", ""Career Development""]","[""AutoGen"", ""Azure DevOps"", ""Career Development""]",[],[],[]
420177,2026-06-02,,,https://job-boards.greenhouse.io/oura/jobs/4260098009,"Director, Hardware Partnerships",Software Developers,"Director, Hardware Partnerships",0,Oura,False,,,,False,Associate's degree,Master's degree,"{'min': '', 'max': '', 'currency': '', 'period': '', 'summary': ''}",,,,Hybrid,Remote,,Remote,,5241,,Software Developers,"[""Accountability""]",[],"[""Accountability""]",[],[]
3624,2026-05-15,,,https://boards.greenhouse.io/appliedintuition/jobs/4693333005?gh_jid=4693333005,"Engineering Manager (ML, Self-Driving Systems)",Software Developers,Engineering Manager,0,Applied Intuition,False,Full Time,,,False,Associate's degree,Associate's degree,$255.7k - $346k per year,255700.0,346000.0,annual,On-site,"Sunnyvale, California, United States",California,United States,,5241,,Software Developers,"[""Autonomous Vehicles""]","[""Autonomous Vehicles""]",[],[],[]
168003,2026-06-05,,,https://cepc.applicantpro.com/jobs/4109829,Engineering Technician,Software Developers,Engineering Technician,0,Central Electric Power Cooperative,False,Full Time,,,False,Associate's degree,Associate's degree,USD 36 per HOUR,36.0,36.0,hourly,On-site,"Jefferson City, Missouri, United States",Missouri,United States,,5241,,Software Developers,"[""AutoCAD""]","[""AutoCAD""]",[],[],[]
227827,2026-06-27,,,https://jobs.gem.com/redcar/am9icG9zdDpltaCF6fslow9wItsIrC8P,Founding Sales Development Representative,Software Developers,Founding Sales Development Representative,0,Redcar,False,Full Time,,,False,Associate's degree,Associate's degree,"{'min': '', 'max': '', 'currency': '', 'period': '', 'summary': ''}",,,,Remote,"San, Francisco",San,Francisco,,5241,,Software Developers,,,,,
360504,2026-06-13,,,https://apply.workable.com/j/2A82DF05A2/apply,Junior QA Analyst - No Prior Experience Required,Software Developers,Junior QA Analyst - No Prior Experience Required,0,Ace-IT-Careers-1,False,Full Time,,,False,Associate's degree,Associate's degree,"{'min': '', 'max': '', 'currency': '', 'period': '', 'summary': ''}",,,,Remote,"Johns Creek, Georgia",Johns Creek,Georgia,,5241,,Software Developers,"[""Analytical Skills"", ""API Testing""]","[""API Testing""]","[""Analytical Skills""]",[],[]
398789,2026-06-07,,,https://www.welcometothejungle.com/en/companies/u8f5Po/jobs/lead-solution-architect-oracle-epm-cloud-on-prem_madrid_7immv6kf,"Lead Solution Architect (Oracle EPM, Cloud & On Prem)",Software Developers,Lead Solution Architect,0,Mastercard,False,Full Time,,,False,Associate's degree,Associate's degree,"USD 179,000 - 305,000 Yearly",179000.0,305000.0,annual,Unknown,"New York, New York",New York,New York,"New York-Newark-Jersey City, NY-NJ",5241,,Software Developers,"[""Advising"", ""Architecture Strategy"", ""Automation""]","[""Architecture Strategy"", ""Automation""]","[""Advising""]",[],[]
88728,2026-06-05,,,https://workforcenow.adp.com/mascsr/default/mdf/recruitment/recruitment.html?cid=b12b2975-df58-462b-9af9-ca402dae9f79&jobId=560419,Leasing Professional AI,Software Developers,Leasing Professional AI,0,Advenir Azora,False,Full Time,,,False,Associate's degree,Associate's degree,USD 17 - 19 per HOUR,17.0,19.0,hourly,Unknown,"North Augusta, South Carolina, United States",South Carolina,United States,,5241,,Software Developers,,,,,
216691,2026-06-04,,,https://jobs.northropgrumman.com/careers/job/1340072036187,Manager Software Engineering 1,Software Developers,Manager Software Engineering 1,0,Ngc,False,,,,False,Associate's degree,Master's degree,$133k - $199.6k per year,133000.0,199600.0,annual,Unknown,United States-California-Manhattan Beach,,,,5241,,Software Developers,"[""Active Directory"", ""Ansible"", ""Bitbucket"", ""CentOS""]","[""Active Directory"", ""Ansible"", ""Bitbucket"", ""CentOS""]",[],[],[]
375539,2026-06-11,,,https://apply.workable.com/j/1112B7BDF2/apply,"Manager, Software Development",Software Developers,"Manager, Software Development",0,Perryhomes,False,Full Time,,,False,Associate's degree,Bachelor's degree,"{'min': '', 'max': '', 'currency': '', 'period': '', 'summary': ''}",,,,Hybrid,"Houston, Texas",Houston,Texas,,5241,,Software Developers,"[""Accountability"", ""Analytics"", ""API Design"", ""Application Development"", ""Career Development""]","[""Analytics"", ""API Design"", ""Application Development"", ""Career Development""]","[""Accountability""]",[],[]
419282,2026-06-02,,,https://job-boards.greenhouse.io/wettermarkkeith/jobs/5153408007,"Paralegal, Workers' Compensation",Software Developers,"Paralegal, Workers' Compensation",0,Wettermarkkeith,False,Full Time,,,False,Bachelor's degree,Bachelor's degree,"{'min': '', 'max': '', 'currency': '', 'period': '', 'summary': ''}",,,,On-site,"Birmingham, Alabama",Birmingham,Alabama,,5241,,Software Developers,"[""Case Management""]","[""Case Management""]",[],[],[]
155854,2026-06-05,,,https://www.paycomonline.net/v4/ats/web.php/portal/B63FA4EAB7210C1648F2DEEC54F7FBF1/jobs/357656,Patient Registration Float,Software Developers,Patient Registration Float,0,New Bedford Community Health Center,False,Full Time,,,False,High school diploma or equivalent,Master's degree,USD 20 - 24.46 per HOUR,20.0,24.46,hourly,Unknown,"New Bedford, Massachusetts, United States",Massachusetts,United States,,5241,,Software Developers,,,,,
80687,2026-06-04,,,https://jobs.workable.com/view/wrkvv4vLbvWkQtuqtcQEjx/hybrid-payroll-coordinator-in-chicago-at-o'hagan-meyer,Payroll Coordinator,Software Developers,Payroll Coordinator,0,O'Hagan Meyer,False,Full Time,,,False,Associate's degree,Bachelor's degree,USD 70000 - 90000 per YEAR,70000.0,90000.0,annual,Unknown,"Chicago, Illinois, United States",Illinois,United States,,5241,,Software Developers,"[""Business Administration""]",[],"[""Business Administration""]",[],[]
78831,2026-06-04,2027-06-04,365.0,https://talent.goldbelt.com/jobs/19766,Payroll Specialist,Software Developers,Payroll Specialist,0,"Goldbelt, Inc.",False,Full Time,,,False,Associate's degree,Master's degree,"MonetaryAmount, USD, {'@type': 'QuantitativeValue', 'value': 0, 'minValue': 0, 'maxValue': 0, 'unitText': 'YEAR'}",0.0,0.0,annual,Unknown,"De Leon Springs, Florida, United States",Florida,United States,,5241,,Software Developers,"[""Accounting"", ""Accruals"", ""ADP Payroll"", ""ADP Workforce Now"", ""Auditing""]","[""Accounting"", ""Accruals"", ""ADP Payroll"", ""ADP Workforce Now"", ""Auditing""]",[],[],[]
163904,2026-06-05,,,https://richmondvona.bamboohr.com/careers/54,Personal Injury Litigation Paralegal,Software Developers,Personal Injury Litigation Paralegal,0,"Richmond Vona, LLC",False,Full Time,,,False,Postsecondary nondegree award,Bachelor's degree,USD 26 - 32 per HOUR,26.0,32.0,hourly,Unknown,"Buffalo, New York, United States",New York,United States,,5241,,Software Developers,"[""Accountability"", ""Advocacy"", ""Arbitration"", ""Billing"", ""Case Management""]","[""Arbitration"", ""Billing"", ""Case Management""]","[""Accountability"", ""Advocacy""]",[],[]
3710,2026-05-17,,,https://careers.snowflake.com/us/en/job/SNCOUS6DA735022DC64F19AE930384DEEDC88CEXTERNALENUS85D2FA78B136417EB9536F23DDDE5D88/Principal-Engineer-Identity-Data-Security-and-Trust,Principal Identity Data Security and Trust Engineer,Software Developers,Principal Identity Data Security and Trust Engineer,0,Snowflake,False,Full Time,,,False,Associate's degree,Associate's degree,$264k - $379.5k per year,264000.0,379500.0,annual,Hybrid,"Menlo Park, California, United States",California,United States,,5241,,Software Developers,"[""Anomaly Detection"", ""Architectural Leadership""]","[""Anomaly Detection"", ""Architectural Leadership""]",[],[],[]
140285,2026-06-05,,,https://jobs.smartrecruiters.com/CaliforniaClosets/744000130579789-sales-and-design-consultant,Sales and Design Consultant,Software Developers,Sales and Design Consultant,0,California Closets,False,"Full Time, Contract",,,False,Associate's degree,Associate's degree,USD 65000 - 200000 per YEAR,65000.0,200000.0,annual,Remote,"Brentwood, New York, United States",New York,United States,,5241,,Software Developers,"[""Cabinetry""]","[""Cabinetry""]",[],[],[]
307223,2026-06-20,,,https://www.welcometothejungle.com/en/companies/5icahK/jobs/senior-account-executive_austin_2ga5t3cj,Senior Account Executive,Software Developers,Senior Account Executive,0,Tricentis,False,Contract,,,False,Associate's degree,Associate's degree,"{'min': '', 'max': '', 'currency': '', 'period': 'YEAR', 'summary': ''}",,,annual,Unknown,Austin,,Austin,,5241,,Software Developers,,,,,
293344,2026-06-22,,,https://job-boards.greenhouse.io/mitratech/jobs/7983765,"Senior Engineering Manager, AI Quality & Governance",Software Developers,"Senior Engineering Manager, AI Quality & Governance",0,Mitratech,False,,,,False,Associate's degree,Associate's degree,"{'min': '', 'max': '', 'currency': '', 'period': '', 'summary': ''}",,,,Remote,Remote,,Remote,,5241,,Software Developers,"[""Access Controls"", ""Appeals""]","[""Access Controls"", ""Appeals""]",[],[],[]
385751,2026-06-09,,,https://jobs.gem.com/audicus/am9icG9zdDpFg4Ciu4DxCmGdmLvg5ZKW,Senior Marketing Engineer,Software Developers,Senior Marketing Engineer,0,Audicus,False,Full Time,,,False,Associate's degree,Associate's degree,"{'min': '', 'max': '', 'currency': '', 'period': '', 'summary': ''}",,,,Hybrid,USA,,,,5241,,Software Developers,"[""Agentic AI"", ""Agentic Systems"", ""Architectural Patterns"", ""Automation"", ""Business Priorities"", ""Business Requirements""]","[""Agentic AI"", ""Agentic Systems"", ""Architectural Patterns"", ""Automation"", ""Business Priorities"", ""Business Requirements""]",[],[],[]
270026,2026-06-24,,,https://ats.rippling.com/lawvu-careers/jobs/e965c123-39d4-44d7-8a1d-d9318ea81190,Senior Sales Exec,Software Developers,Senior Sales Exec,0,Lawvu,False,Full Time,,,False,Associate's degree,Associate's degree,"{'min': '', 'max': '', 'currency': '', 'period': '', 'summary': ''}",,,,Remote,Remote (),,Remote (),,5241,,Software Developers,"[""Career Development""]","[""Career Development""]",[],[],[]
227429,2026-06-28,,,https://www.welcometothejungle.com/en/companies/QrUTqa/jobs/senior-software-engineer_us_v7n2kotd,Senior Software Engineer,Software Developers,Senior Software Engineer,0,Wellsky,False,Full Time,,,False,Associate's degree,Bachelor's degree,"{'min': '', 'max': '', 'currency': '', 'period': 'YEAR', 'summary': ''}",,,annual,Unknown,United States,,,,5241,,Software Developers,"[""Accounting""]","[""Accounting""]",[],[],[]
376107,2026-06-10,,,https://ats.rippling.com/button/jobs/f80b2c80-5902-4a7f-9de0-6e213ad08982,Senior Staff Software Engineer - Full Stack,Software Developers,Senior Staff Software Engineer - Full Stack,0,Button,False,Full Time,,,False,Associate's degree,Associate's degree,"{'min': '', 'max': '', 'currency': '', 'period': '', 'summary': ''}",,,,Remote,Remote (),,Remote (),,5241,,Software Developers,"[""API Design""]","[""API Design""]",[],[],[]
296769,2026-06-22,,,https://www.welcometothejungle.com/en/companies/lFWoe9/jobs/senior-staff-software-engineer-ml-infrastructure-optimization_mountain-view-ca_7qf6qgp5,"Senior/Staff Software Engineer (ML Infrastructure, Optimization)",Software Developers,Senior/Staff Software Engineer,0,Nuro,False,Full Time,,,False,Associate's degree,Associate's degree,"USD 193,930 - 352,290 Yearly",193930.0,352290.0,annual,Remote,"Mountain View, California",Mountain View,California,,5241,,Software Developers,,,,,
361451,2026-06-12,,,https://jobs.smartrecruiters.com/Versant3/744000131959693-software-engineer-video-platforms?oga=true,"Software Engineer, Video Platforms",Software Developers,"Software Engineer, Video Platforms",0,Versant3,False,Full Time,,,False,Associate's degree,Master's degree,"{'min': '', 'max': '', 'currency': '', 'period': '', 'summary': ''}",,,,Remote,"New York, New York",New York,New York,"New York-Newark-Jersey City, NY-NJ",5241,,Software Developers,"[""Business Priorities"", ""Business Problems""]","[""Business Priorities"", ""Business Problems""]",[],[],[]
407594,2026-06-04,,,https://jobs.ashbyhq.com/nooks/4d8f6468-60b8-4fd3-a05d-6ff5dae3d2c1/application,Solutions Engineer - Mid Market,Software Developers,Solutions Engineer - Mid Market,0,Nooks,False,Full Time,,,False,Associate's degree,Associate's degree,"USD 150,000 - 200,000 Yearly",150000.0,200000.0,annual,Hybrid,(Any Time Zone),,(Any Time Zone),,5241,,Software Developers,"[""Account Strategy"", ""AI Agents"", ""Automation""]","[""Account Strategy"", ""AI Agents"", ""Automation""]",[],[],[]
230974,2026-06-26,,,https://jobs.ashbyhq.com/doppler/a270f098-4ac4-4322-98d3-6fe6c254246f/application,"Sr. Manager, Channel Partners",Software Developers,"Sr. Manager, Channel Partners",0,Doppler,False,Full Time,,,False,Associate's degree,Associate's degree,"USD 190,000 - 210,000 Yearly",190000.0,210000.0,annual,Remote,Remote,,Remote,,5241,,Software Developers,,,,,
364052,2026-06-12,,,https://account.amazon.jobs/jobs/10448146/apply,"Sr. Software Development Manager, Builder Lead, Ring Web Teams",Software Developers,"Sr. Software Development Manager, Builder Lead, Ring Web Teams",0,Amazon,False,Full Time,,,False,Bachelor's degree,Bachelor's degree,"{'min': '', 'max': '', 'currency': '', 'period': '', 'summary': ''}",,,,Unknown,"Irvine, California",Irvine,California,,5241,,Software Developers,"[""Account Management"", ""Accounting"", ""Billing""]","[""Account Management"", ""Accounting"", ""Billing""]",[],[],[]
402653,2026-06-05,,,https://www.welcometothejungle.com/en/companies/MIMEXL/jobs/staff-software-engineer-apache-spark_fr_cfsini7r,Staff Software Engineer - Apache Spark,Software Developers,Staff Software Engineer - Apache Spark,0,Cloudera,False,Full Time,,,False,Associate's degree,Associate's degree,"{'min': '', 'max': '', 'currency': '', 'period': 'YEAR', 'summary': ''}",,,annual,Remote,United States,,,,5241,,Software Developers,"[""Apache Spark""]","[""Apache Spark""]",[],[],[]
317681,2026-06-18,,,https://www.nexhealth.com/careers/open-positions?gh_jid=6093803004,Technical Account Manager - API Platform,Software Developers,Technical Account Manager - API Platform,0,Nexhealth,False,,,,False,Associate's degree,Associate's degree,"{'min': '', 'max': '', 'currency': '', 'period': '', 'summary': ''}",,,,Unknown,"San Francisco, California",San Francisco,California,,5241,,Software Developers,"[""Account Management"", ""Automation""]","[""Account Management"", ""Automation""]",[],[],[]
90452,2026-06-05,,,https://liftoff.io/job/7974113?gh_jid=7974113,Technical Manager - Creative Serving,Software Developers,Technical Manager - Creative Serving,0,Liftoff Mobile,False,Full Time,,,False,Associate's degree,Master's degree,USD 176000 - 255000 per YEAR,176000.0,255000.0,annual,Remote,"California, United States",California,United States,,5241,,Software Developers,,,,,
400829,2026-06-05,,,https://liftoff.io/job/7974113?gh_jid=7974113,Technical Manager - Creative Serving,Software Developers,Technical Manager - Creative Serving,0,Liftoff,False,Full Time,,,False,Associate's degree,Master's degree,"{'min': '', 'max': '', 'currency': '', 'period': '', 'summary': ''}",,,,Remote,(Remote),,(Remote),,5241,,Software Developers,,,,,
413994,2026-06-03,,,https://jobs.gem.com/whatconverts/am9icG9zdDq8k5WwVtygtKB0pI1AHrpg,Technical Support Engineer,Software Developers,Technical Support Engineer,0,Whatconverts,False,Full Time,,,False,Associate's degree,Associate's degree,"{'min': '', 'max': '', 'currency': '', 'period': '', 'summary': ''}",,,,Remote,USA,,,,5241,,Software Developers,"[""Analytics""]","[""Analytics""]",[],[],[]
98578,2026-06-05,,,https://job-boards.greenhouse.io/anthromededucation/jobs/4272376009,Walled Lake SLP - 2026-2027,Speech-Language Pathologists,Walled Lake SLP - 2026-2027,0,AnthroMed Education,False,Full Time,,,False,Master's degree,Master's degree,USD 57500 - 75000 per YEAR,57500.0,75000.0,annual,Unknown,"Walled Lake, Michigan, United States",Michigan,United States,,5241,,Speech-Language Pathologists,,,,,
295591,2026-06-22,,,https://careers-herbalife.icims.com/jobs/19920/sr.-manager%2c-brand-management/job?in_iframe=1,"Sr. Manager, Brand Management","Sr. Manager, Brand Management","Sr. Manager, Brand Management",0,Herbalife,False,Full Time,,,False,Associate's degree,Master's degree,"{'min': '', 'max': '', 'currency': '', 'period': '', 'summary': ''}",,,,Unknown,"Los Angeles, California",Los Angeles,California,,5241,,Models,"[""Brand Management"", ""Brand Strategy"", ""Business Administration""]","[""Brand Management"", ""Brand Strategy""]","[""Business Administration""]",[],[]
372145,2026-06-11,,,https://account.amazon.jobs/jobs/10446908/apply,"Sr. Manager, WW Partner Led Customer Success , AWS Specialist and Partner Organization","Sr. Manager, WW Partner Led Customer Success , AWS Specialist and Partner Organization","Sr. Manager, WW Partner Led Customer Success , AWS Specialist and Partner Organization",0,Amazon,False,Full Time,,,False,Associate's degree,Associate's degree,"{'min': '', 'max': '', 'currency': '', 'period': '', 'summary': ''}",,,,Unknown,"Boston, Massachusetts",Boston,Massachusetts,,5241,,Models,"[""AI Agents"", ""Amazon Web Services"", ""Automation"", ""Career Development""]","[""AI Agents"", ""Amazon Web Services"", ""Automation"", ""Career Development""]",[],[],[]
407818,2026-06-04,,,https://ats.rippling.com/campspot/jobs/1d94a5cc-7811-4587-b691-78191b73693c,Strategic Accounts Manager,Strategic Accounts Manager,Strategic Accounts Manager,0,Campspot,False,Temporary,,,False,Associate's degree,Master's degree,"{'min': '', 'max': '', 'currency': '', 'period': '', 'summary': ''}",,,,Remote,Remote (),,Remote (),,5241,,Models,"[""Account Growth"", ""Account Management"", ""Business Development""]","[""Account Growth"", ""Account Management"", ""Business Development""]",[],[],[]
383664,2026-06-09,,,https://job-boards.greenhouse.io/steercrm/jobs/5159724007,Strategic Customer Success Manager,Strategic Customer Success Manager,Strategic Customer Success Manager,0,Steercrm,False,,,,False,Associate's degree,Associate's degree,"{'min': '', 'max': '', 'currency': '', 'period': '', 'summary': ''}",,,,Remote,(Remote),,(Remote),,5241,,Models,"[""Account Planning"", ""Advocacy"", ""Automation""]","[""Account Planning"", ""Automation""]","[""Advocacy""]",[],[]
349797,2026-06-15,,,https://jobs.ashbyhq.com/aptura/0a5290c8-9682-448e-bba9-e83f923231d7/application,"Tax Expert — Provision, Planning & Indirect Tax - AI Research","Tax Expert — Provision, Planning & Indirect Tax - AI Research","Tax Expert — Provision, Planning & Indirect Tax - AI Research",0,Aptura,False,"Part Time, Contract",,,False,Associate's degree,Associate's degree,"{'min': '', 'max': '', 'currency': '', 'period': '', 'summary': ''}",,,,Remote,USA,,,,5241,,Models,"[""Accounting"", ""AI Research"", ""Billing"", ""Calculations""]","[""Accounting"", ""AI Research"", ""Billing"", ""Calculations""]",[],[],[]
102118,2026-06-05,,,https://job-boards.greenhouse.io/creativeplayrooms/jobs/7764146003,Childcare Assistant Teacher - Creative Playrooms,"Teachers and Instructors, All Other",Childcare Assistant Teacher - Creative Playrooms,0,Early Learning Academies,False,Full Time,,,False,High school diploma or equivalent,High school diploma or equivalent,USD 13 - 15.5 per HOUR,13.0,15.5,hourly,Unknown,"Parma, Ohio, United States",Ohio,United States,,5241,,"Teachers and Instructors, All Other",,,,,
293372,2026-06-22,,,https://careers-devereux.icims.com/jobs/51699/special-education-teacher---private-school/job?in_iframe=1,Special Education Teacher,"Teachers and Instructors, All Other",Special Education Teacher,0,Devereux,False,,,,False,Master's degree,Master's degree,"{'min': '', 'max': '', 'currency': '', 'period': '', 'summary': ''}",,,,Unknown,"Washington, District of Columbia",Washington,District of Columbia,"Washington-Arlington-Alexandria, DC-VA-MD-WV",5241,,"Teachers and Instructors, All Other","[""Behavioral Health""]","[""Behavioral Health""]",[],[],[]
117179,2026-06-05,,,https://jobs.dayforcehcm.com/en-US/loomis/CANDIDATEPORTAL/jobs/127965,Armed Vault Teller Full-Time (PM Shift),Tellers,Armed Vault Teller,0,"Loomis Armored US, Inc.",False,Full Time,,,False,Associate's degree,Associate's degree,USD 17.5 per HOUR,17.5,17.5,hourly,Unknown,"Elmwood, Louisiana, United States",Louisiana,United States,,5241,,Tellers,"[""Cash Management"", ""Cash Vaults""]","[""Cash Management"", ""Cash Vaults""]",[],[],[]
370684,2026-06-11,,,https://jobs.ashbyhq.com/everai/66ef86ba-6467-4b33-9a60-2d2ad26929ad/application,Senior AI Vertical Mini-Series Director (Freelance - Full,Tellers,Senior AI Vertical Mini-Series Director (Freelance - Full,0,Everai,False,"Full Time, Contract",,,False,Associate's degree,Associate's degree,"USD 55,000 - 125,000 Yearly",55000.0,125000.0,annual,Remote,United States of America,,,,5241,,Tellers,"[""Casting""]","[""Casting""]",[],[],[]
174410,2026-06-05,,,https://frostbank.wd5.myworkdayjobs.com/External/job/Garland-TX---North/Teller_R260316-1,Teller,Tellers,Teller,0,Frost,False,Part Time,,,False,Associate's degree,Associate's degree,,,,,Unknown,"Garland, Texas, United States",Texas,United States,,5241,,Tellers,"[""Banking"", ""Banking Services""]","[""Banking"", ""Banking Services""]",[],[],[]
171099,2026-06-05,,,https://jobs.ashbyhq.com/small-door-veterinary/e2681d3d-fdb4-4924-a6df-b3f2b4884156,Member Experience Coordinator,Veterinarians,Member Experience Coordinator,0,Small Door,False,Full Time,,,False,Doctoral or professional degree,Doctoral or professional degree,USD 21 per HOUR,21.0,21.0,hourly,Unknown,"Washington, District of Columbia, United States",District of Columbia,United States,,5241,,Veterinarians,"[""Billing""]","[""Billing""]",[],[],[]
343782,2026-06-16,,,https://ibmwjb.fa.ocs.oraclecloud.com/?keyword=&mode=jobs&lang=en&site_number=CX_1#25024324,Server,Waiters and Waitresses,Server,0,Ibmwjb.fa.ocs.oraclecloud.com,False,"Full Time, Part Time",,,False,High school diploma or equivalent,High school diploma or equivalent,"{'min': '', 'max': '', 'currency': '', 'period': '', 'summary': ''}",,,,Unknown,"South Windsor, Connecticut",South Windsor,Connecticut,,5241,,Waiters and Waitresses,,,,,
